{
    "mp_id": "mp-1209248",
    "nelements": 4,
    "nsites": 12,
    "elements": [
        "Al",
        "Mo",
        "O",
        "Rb"
    ],
    "structure": {
        "@module": "pymatgen.core.structure",
        "@class": "Structure",
        "charge": null,
        "lattice": {
            "matrix": [
                [
                    5.59388977,
                    0.0,
                    0.0
                ],
                [
                    -2.79694489,
                    4.84445029,
                    0.0
                ],
                [
                    0.0,
                    0.0,
                    7.45481256
                ]
            ],
            "a": 5.59388977,
            "b": 5.593889463510894,
            "c": 7.45481256,
            "alpha": 90.0,
            "beta": 90.0,
            "gamma": 120.00000187157353,
            "volume": 202.02035795073832
        },
        "sites": [
            {
                "species": [
                    {
                        "element": "Rb",
                        "occu": 1
                    }
                ],
                "abc": [
                    0.0,
                    0.0,
                    0.0
                ],
                "xyz": [
                    0.0,
                    0.0,
                    0.0
                ],
                "label": "Rb",
                "properties": {}
            },
            {
                "species": [
                    {
                        "element": "Al",
                        "occu": 1
                    }
                ],
                "abc": [
                    0.0,
                    0.0,
                    0.5
                ],
                "xyz": [
                    0.0,
                    0.0,
                    3.72740628
                ],
                "label": "Al",
                "properties": {}
            },
            {
                "species": [
                    {
                        "element": "Mo",
                        "occu": 1
                    }
                ],
                "abc": [
                    0.333333,
                    0.666667,
                    0.27661937
                ],
                "xyz": [
                    -2.8002782199720855e-06,
                    3.2296351414834303,
                    2.062145553815287
                ],
                "label": "Mo",
                "properties": {}
            },
            {
                "species": [
                    {
                        "element": "Mo",
                        "occu": 1
                    }
                ],
                "abc": [
                    0.666667,
                    0.333333,
                    0.72338063
                ],
                "xyz": [
                    2.79694768027822,
                    1.61481514851657,
                    5.392667006184713
                ],
                "label": "Mo",
                "properties": {}
            },
            {
                "species": [
                    {
                        "element": "O",
                        "occu": 1
                    }
                ],
                "abc": [
                    0.15683424,
                    0.84316576,
                    0.34993804
                ],
                "xyz": [
                    -1.4809747131332411,
                    4.084674610550071,
                    2.6087224958137822
                ],
                "label": "O",
                "properties": {}
            },
            {
                "species": [
                    {
                        "element": "O",
                        "occu": 1
                    }
                ],
                "abc": [
                    0.84316576,
                    0.15683424,
                    0.65006196
                ],
                "xyz": [
                    4.277919593133241,
                    0.7597756794499297,
                    4.8460900641862175
                ],
                "label": "O",
                "properties": {}
            },
            {
                "species": [
                    {
                        "element": "O",
                        "occu": 1
                    }
                ],
                "abc": [
                    0.15683424,
                    0.31366748,
                    0.34993804
                ],
                "xyz": [
                    2.795376547681805e-06,
                    1.5195465144495692,
                    2.6087224958137822
                ],
                "label": "O",
                "properties": {}
            },
            {
                "species": [
                    {
                        "element": "O",
                        "occu": 1
                    }
                ],
                "abc": [
                    0.84316576,
                    0.68633252,
                    0.65006196
                ],
                "xyz": [
                    2.796942084623452,
                    3.324903775550431,
                    4.8460900641862175
                ],
                "label": "O",
                "properties": {}
            },
            {
                "species": [
                    {
                        "element": "O",
                        "occu": 1
                    }
                ],
                "abc": [
                    0.68633252,
                    0.84316576,
                    0.34993804
                ],
                "xyz": [
                    1.480980298591354,
                    4.084674610550071,
                    2.6087224958137822
                ],
                "label": "O",
                "properties": {}
            },
            {
                "species": [
                    {
                        "element": "O",
                        "occu": 1
                    }
                ],
                "abc": [
                    0.31366748,
                    0.15683424,
                    0.65006196
                ],
                "xyz": [
                    1.3159645814086458,
                    0.7597756794499297,
                    4.8460900641862175
                ],
                "label": "O",
                "properties": {}
            },
            {
                "species": [
                    {
                        "element": "O",
                        "occu": 1
                    }
                ],
                "abc": [
                    0.333333,
                    0.666667,
                    0.04293129
                ],
                "xyz": [
                    -2.8002782199720855e-06,
                    3.2296351414834303,
                    0.32004471990900235
                ],
                "label": "O",
                "properties": {}
            },
            {
                "species": [
                    {
                        "element": "O",
                        "occu": 1
                    }
                ],
                "abc": [
                    0.666667,
                    0.333333,
                    0.95706871
                ],
                "xyz": [
                    2.79694768027822,
                    1.61481514851657,
                    7.134767840090998
                ],
                "label": "O",
                "properties": {}
            }
        ]
    },
    "spacegroup": {
        "source": "spglib",
        "symbol": "P-3m1",
        "number": 164,
        "point_group": "-3m",
        "crystal_system": "trigonal",
        "hall": "-P 3 2\""
    },