{
    "mp_id": "mp-1220757",
    "nelements": 4,
    "nsites": 12,
    "elements": [
        "La",
        "Mo",
        "Na",
        "O"
    ],
    "structure": {
        "@module": "pymatgen.core.structure",
        "@class": "Structure",
        "charge": null,
        "lattice": {
            "matrix": [
                [
                    -2.66038697,
                    2.66038695,
                    5.76290257
                ],
                [
                    2.66038697,
                    -2.66038695,
                    5.76290257
                ],
                [
                    2.66038695,
                    2.66038697,
                    -5.76290257
                ]
            ],
            "a": 6.882322542949341,
            "b": 6.882322542949341,
            "c": 6.882322542949341,
            "alpha": 134.51954555856048,
            "beta": 134.51954555856048,
            "gamma": 66.27764081550761,
            "volume": 163.15143182079717
        },
        "sites": [
            {
                "species": [
                    {
                        "element": "Na",
                        "occu": 1
                    }
                ],
                "abc": [
                    0.75,
                    0.25,
                    0.5
                ],
                "xyz": [
                    -1.0000000161269895e-08,
                    2.6603869600000003,
                    2.881451285
                ],
                "label": "Na",
                "properties": {}
            },
            {
                "species": [
                    {
                        "element": "La",
                        "occu": 1
                    }
                ],
                "abc": [
                    0.5,
                    0.5,
                    0.0
                ],
                "xyz": [
                    0.0,
                    0.0,
                    5.76290257
                ],
                "label": "La",
                "properties": {}
            },
            {
                "species": [
                    {
                        "element": "Mo",
                        "occu": 1
                    }
                ],
                "abc": [
                    0.25,
                    0.75,
                    0.5
                ],
                "xyz": [
                    2.6603869600000003,
                    9.999999717180685e-09,
                    2.881451285
                ],
                "label": "Mo",
                "properties": {}
            },
            {
                "species": [
                    {
                        "element": "Mo",
                        "occu": 1
                    }
                ],
                "abc": [
                    0.0,
                    0.0,
                    0.0
                ],
                "xyz": [
                    0.0,
                    0.0,
                    0.0
                ],
                "label": "Mo",
                "properties": {}
            },
            {
                "species": [
                    {
                        "element": "O",
                        "occu": 1
                    }
                ],
                "abc": [
                    0.19027672,
                    0.59978359,
                    0.11538228
                ],
                "xyz": [
                    1.39640825304673,
                    -0.782485218602455,
                    3.8881037530095366
                ],
                "label": "O",
                "properties": {}
            },
            {
                "species": [
                    {
                        "element": "O",
                        "occu": 1
                    }
                ],
                "abc": [
                    0.48440131,
                    0.07489444,
                    0.88461772
                ],
                "xyz": [
                    1.2639786969532705,
                    3.442872188602455,
                    -1.8747988169904626
                ],
                "label": "O",
                "properties": {}
            },
            {
                "species": [
                    {
                        "element": "O",
                        "occu": 1
                    }
                ],
                "abc": [
                    0.76522152,
                    0.67466994,
                    0.60755987
                ],
                "xyz": [
                    1.375442105946784,
                    1.8572466033767747,
                    4.796645859103187
                ],
                "label": "O",
                "properties": {}
            },
            {
                "species": [
                    {
                        "element": "O",
                        "occu": 1
                    }
                ],
                "abc": [
                    0.06711007,
                    0.15766165,
                    0.39244013
                ],
                "xyz": [
                    1.284944844053216,
                    0.803140366623225,
                    -0.9662567108968136
                ],
                "label": "O",
                "properties": {}
            },
            {
                "species": [
                    {
                        "element": "O",
                        "occu": 1
                    }
                ],
                "abc": [
                    0.40021641,
                    0.51559869,
                    0.59049313
                ],
                "xyz": [
                    1.8779017313975452,
                    1.26397871695327,
                    1.8747988169904626
                ],
                "label": "O",
                "properties": {}
            },
            {
                "species": [
                    {
                        "element": "O",
                        "occu": 1
                    }
                ],
                "abc": [
                    0.92510556,
                    0.80972328,
                    0.40950687
                ],
                "xyz": [
                    0.7824852186024551,
                    1.3964082530467297,
                    7.637701386990463
                ],
                "label": "O",
                "properties": {}
            },
            {
                "species": [
                    {
                        "element": "O",
                        "occu": 1
                    }
                ],
                "abc": [
                    0.32533006,
                    0.93288993,
                    0.09055158
                ],
                "xyz": [
                    1.8572466033767747,
                    -1.3754421059467836,
                    6.7291592808968135
                ],
                "label": "O",
                "properties": {}
            },
            {
                "species": [
                    {
                        "element": "O",
                        "occu": 1
                    }
                ],
                "abc": [
                    0.84233835,
                    0.23477848,
                    0.90944842
                ],
                "xyz": [
                    0.8031403466232252,
                    4.0358290759467845,
                    0.966256710896813
                ],
                "label": "O",
                "properties": {}
            }
        ]
    },
    "spacegroup": {
        "source": "spglib",
        "symbol": "I-4",
        "number": 82,
        "point_group": "-4",
        "crystal_system": "tetragonal",
        "hall": "I -4"
    },