{
    "mp_id": "mp-1104363",
    "nelements": 4,
    "nsites": 14,
    "elements": [
        "K",
        "O",
        "Sc",
        "V"
    ],
    "structure": {
        "@module": "pymatgen.core.structure",
        "@class": "Structure",
        "charge": null,
        "lattice": {
            "matrix": [
                [
                    5.76466941,
                    0.0,
                    0.0
                ],
                [
                    -2.8823342,
                    4.9923503,
                    0.0
                ],
                [
                    0.0,
                    0.0,
                    7.47337297
                ]
            ],
            "a": 5.76466941,
            "b": 5.764669284390886,
            "c": 7.47337297,
            "alpha": 90.0,
            "beta": 90.0,
            "gamma": 119.99999492504898,
            "volume": 215.07806201005155
        },
        "sites": [
            {
                "species": [
                    {
                        "element": "K",
                        "occu": 1
                    }
                ],
                "abc": [
                    0.333333,
                    0.666667,
                    0.68410603
                ],
                "xyz": [
                    -2.5456678700574997e-06,
                    3.3282351974501,
                    5.1125795132160095
                ],
                "label": "K",
                "properties": {}
            },
            {
                "species": [
                    {
                        "element": "K",
                        "occu": 1
                    }
                ],
                "abc": [
                    0.666667,
                    0.333333,
                    0.31589397
                ],
                "xyz": [
                    2.88233775566787,
                    1.6641151025499,
                    2.360793456783991
                ],
                "label": "K",
                "properties": {}
            },
            {
                "species": [
                    {
                        "element": "K",
                        "occu": 1
                    }
                ],
                "abc": [
                    0.0,
                    0.0,
                    0.0
                ],
                "xyz": [
                    0.0,
                    0.0,
                    0.0
                ],
                "label": "K",
                "properties": {}
            },
            {
                "species": [
                    {
                        "element": "Sc",
                        "occu": 1
                    }
                ],
                "abc": [
                    0.0,
                    0.0,
                    0.5
                ],
                "xyz": [
                    0.0,
                    0.0,
                    3.736686485
                ],
                "label": "Sc",
                "properties": {}
            },
            {
                "species": [
                    {
                        "element": "V",
                        "occu": 1
                    }
                ],
                "abc": [
                    0.333333,
                    0.666667,
                    0.25288963
                ],
                "xyz": [
                    -2.5456678700574997e-06,
                    3.3282351974501,
                    1.889938525235301
                ],
                "label": "V",
                "properties": {}
            },
            {
                "species": [
                    {
                        "element": "V",
                        "occu": 1
                    }
                ],
                "abc": [
                    0.666667,
                    0.333333,
                    0.74711037
                ],
                "xyz": [
                    2.88233775566787,
                    1.6641151025499,
                    5.583434444764699
                ],
                "label": "V",
                "properties": {}
            },
            {
                "species": [
                    {
                        "element": "O",
                        "occu": 1
                    }
                ],
                "abc": [
                    0.333333,
                    0.666667,
                    0.03046511
                ],
                "xyz": [
                    -2.5456678700574997e-06,
                    3.3282351974501,
                    0.2276771296020767
                ],
                "label": "O",
                "properties": {}
            },
            {
                "species": [
                    {
                        "element": "O",
                        "occu": 1
                    }
                ],
                "abc": [
                    0.666667,
                    0.333333,
                    0.96953489
                ],
                "xyz": [
                    2.88233775566787,
                    1.6641151025499,
                    7.245695840397923
                ],
                "label": "O",
                "properties": {}
            },
            {
                "species": [
                    {
                        "element": "O",
                        "occu": 1
                    }
                ],
                "abc": [
                    0.16899424,
                    0.83100576,
                    0.33439111
                ],
                "xyz": [
                    -1.4210403966507938,
                    4.148671855237728,
                    2.4990294828822965
                ],
                "label": "O",
                "properties": {}
            },
            {
                "species": [
                    {
                        "element": "O",
                        "occu": 1
                    }
                ],
                "abc": [
                    0.83100576,
                    0.16899424,
                    0.66560889
                ],
                "xyz": [
                    4.3033756066507936,
                    0.8436784447622719,
                    4.974343487117703
                ],
                "label": "O",
                "properties": {}
            },
            {
                "species": [
                    {
                        "element": "O",
                        "occu": 1
                    }
                ],
                "abc": [
                    0.16899424,
                    0.33798848,
                    0.33439111
                ],
                "xyz": [
                    1.7068418245447248e-07,
                    1.6873568895245439,
                    2.4990294828822965
                ],
                "label": "O",
                "properties": {}
            },
            {
                "species": [
                    {
                        "element": "O",
                        "occu": 1
                    }
                ],
                "abc": [
                    0.83100576,
                    0.66201152,
                    0.66560889
                ],
                "xyz": [
                    2.8823350393158176,
                    3.304993410475456,
                    4.974343487117703
                ],
                "label": "O",
                "properties": {}
            },
            {
                "species": [
                    {
                        "element": "O",
                        "occu": 1
                    }
                ],
                "abc": [
                    0.66201152,
                    0.83100576,
                    0.33439111
                ],
                "xyz": [
                    1.4210412359666105,
                    4.148671855237728,
                    2.4990294828822965
                ],