{
    "mp_id": "mp-19426",
    "nelements": 3,
    "nsites": 12,
    "elements": [
        "Ca",
        "O",
        "W"
    ],
    "structure": {
        "@module": "pymatgen.core.structure",
        "@class": "Structure",
        "charge": null,
        "lattice": {
            "matrix": [
                [
                    -2.61194342,
                    2.6119434,
                    5.62077278
                ],
                [
                    2.61194342,
                    -2.6119434,
                    5.62077278
                ],
                [
                    2.6119434,
                    2.61194342,
                    -5.62077278
                ]
            ],
            "a": 6.725889041492863,
            "b": 6.725889041492863,
            "c": 6.725889041492863,
            "alpha": 134.29728699508394,
            "beta": 134.29728699508394,
            "gamma": 66.62403967945812,
            "volume": 153.38523190431704
        },
        "sites": [
            {
                "species": [
                    {
                        "element": "Ca",
                        "occu": 1
                    }
                ],
                "abc": [
                    0.25,
                    0.75,
                    0.5
                ],
                "xyz": [
                    2.6119434100000003,
                    9.999999717180685e-09,
                    2.81038639
                ],
                "label": "Ca",
                "properties": {}
            },
            {
                "species": [
                    {
                        "element": "Ca",
                        "occu": 1
                    }
                ],
                "abc": [
                    0.5,
                    0.5,
                    0.0
                ],
                "xyz": [
                    0.0,
                    0.0,
                    5.62077278
                ],
                "label": "Ca",
                "properties": {}
            },
            {
                "species": [
                    {
                        "element": "W",
                        "occu": 1
                    }
                ],
                "abc": [
                    0.75,
                    0.25,
                    0.5
                ],
                "xyz": [
                    -1.0000000161269895e-08,
                    2.6119434100000003,
                    2.81038639
                ],
                "label": "W",
                "properties": {}
            },
            {
                "species": [
                    {
                        "element": "W",
                        "occu": 1
                    }
                ],
                "abc": [
                    0.0,
                    0.0,
                    0.0
                ],
                "xyz": [
                    0.0,
                    0.0,
                    0.0
                ],
                "label": "W",
                "properties": {}
            },
            {
                "species": [
                    {
                        "element": "O",
                        "occu": 1
                    }
                ],
                "abc": [
                    0.24547217,
                    0.84522782,
                    0.9160148
                ],
                "xyz": [
                    3.9591066347876427,
                    0.8260510178524061,
                    0.9818657610211279
                ],
                "label": "O",
                "properties": {}
            },
            {
                "species": [
                    {
                        "element": "O",
                        "occu": 1
                    }
                ],
                "abc": [
                    0.59522782,
                    0.17921302,
                    0.09975464
                ],
                "xyz": [
                    -0.8260536459152399,
                    1.3471605867247887,
                    3.792257828001636
                ],
                "label": "O",
                "properties": {}
            },
            {
                "species": [
                    {
                        "element": "O",
                        "occu": 1
                    }
                ],
                "abc": [
                    0.07945838,
                    0.49547217,
                    0.90024536
                ],
                "xyz": [
                    3.437994407852386,
                    1.264785471338045,
                    -1.8285206289788722
                ],
                "label": "O",
                "properties": {}
            },
            {
                "species": [
                    {
                        "element": "O",
                        "occu": 1
                    }
                ],
                "abc": [
                    0.92921302,
                    0.32945838,
                    0.0839852
                ],
                "xyz": [
                    -1.3471605967247884,
                    1.7858897640847597,
                    6.602644218001636
                ],
                "label": "O",
                "properties": {}
            },
            {
                "species": [
                    {
                        "element": "O",
                        "occu": 1
                    }
                ],
                "abc": [
                    0.82078698,
                    0.92054162,
                    0.4160148
                ],
                "xyz": [
                    1.3471605867247884,
                    0.8260536459152401,
                    7.449287731998366
                ],
                "label": "O",
                "properties": {}
            },
            {
                "species": [
                    {
                        "element": "O",
                        "occu": 1
                    }
                ],
                "abc": [
                    0.67054162,
                    0.75452783,
                    0.59975464
                ],
                "xyz": [
                    1.7858924021476144,
                    1.3471579586619546,
                    4.638907018978872
                ],
                "label": "O",
                "properties": {}
            },
            {
                "species": [
                    {
                        "element": "O",
                        "occu": 1
                    }
                ],
                "abc": [
                    0.50452783,
                    0.40477218,
                    0.5839852
                ],
                "xyz": [
                    1.2647801752123569,
                    1.785892412147594,
                    1.8285206289788714
                ],
                "label": "O",
                "properties": {}
            },
            {
                "species": [
                    {
                        "element": "O",
                        "occu": 1
                    }
                ],
                "abc": [
                    0.15477218,
                    0.07078698,
                    0.40024536
                ],
                "xyz": [
                    0.82605363591524,
                    1.2647828232752112,
                    -0.981871438001636
                ],
                "label": "O",
                "properties": {}
            }
        ]
    },
    "spacegroup": {
        "source": "spglib",
        "symbol": "I4_1/a",
        "number": 88,
        "point_group": "4/m",
        "crystal_system": "tetragonal",
        "hall": "I 4bw -1bw"
    },