{
    "mp_id": "mp-19098",
    "nelements": 4,
    "nsites": 10,
    "elements": [
        "Ba",
        "Ca",
        "O",
        "W"
    ],
    "structure": {
        "@module": "pymatgen.core.structure",
        "@class": "Structure",
        "charge": null,
        "lattice": {
            "matrix": [
                [
                    5.12381059,
                    -2.95545074,
                    0.00026986
                ],
                [
                    5.12381059,
                    2.95545074,
                    0.00026986
                ],
                [
                    -3.44114541,
                    0.0,
                    4.84993253
                ]
            ],
            "a": 5.915076002181808,
            "b": 5.915076002181808,
            "c": 5.946707263546464,
            "alpha": 120.0806382537219,
            "beta": 120.0806382537219,
            "gamma": 59.9533139229732,
            "volume": 146.89219266473611
        },
        "sites": [
            {
                "species": [
                    {
                        "element": "Ba",
                        "occu": 1
                    }
                ],
                "abc": [
                    0.75027134,
                    0.75027134,
                    0.2515508
                ],
                "xyz": [
                    6.8228735937291525,
                    0.0,
                    1.220409344315149
                ],
                "label": "Ba",
                "properties": {}
            },
            {
                "species": [
                    {
                        "element": "Ba",
                        "occu": 1
                    }
                ],
                "abc": [
                    0.24972866,
                    0.24972866,
                    0.7484492
                ],
                "xyz": [
                    -0.016397823729153327,
                    0.0,
                    3.6300629056848512
                ],
                "label": "Ba",
                "properties": {}
            },
            {
                "species": [
                    {
                        "element": "Ca",
                        "occu": 1
                    }
                ],
                "abc": [
                    0.0,
                    0.0,
                    0.0
                ],
                "xyz": [
                    0.0,
                    0.0,
                    0.0
                ],
                "label": "Ca",
                "properties": {}
            },
            {
                "species": [
                    {
                        "element": "W",
                        "occu": 1
                    }
                ],
                "abc": [
                    0.5,
                    0.5,
                    0.5
                ],
                "xyz": [
                    3.403237885,
                    0.0,
                    2.425236125
                ],
                "label": "W",
                "properties": {}
            },
            {
                "species": [
                    {
                        "element": "O",
                        "occu": 1
                    }
                ],
                "abc": [
                    0.7510308,
                    0.28999889,
                    0.29216318
                ],
                "xyz": [
                    4.328662964298413,
                    -1.362557099573113,
                    1.4172526430223888
                ],
                "label": "O",
                "properties": {}
            },
            {
                "species": [
                    {
                        "element": "O",
                        "occu": 1
                    }
                ],
                "abc": [
                    0.71000111,
                    0.2489692,
                    0.70783682
                ],
                "xyz": [
                    2.477812805701586,
                    -1.362557099573113,
                    3.4332196069776115
                ],
                "label": "O",
                "properties": {}
            },
            {
                "species": [
                    {
                        "element": "O",
                        "occu": 1
                    }
                ],
                "abc": [
                    0.2489692,
                    0.71000111,
                    0.70783682
                ],
                "xyz": [
                    2.477812805701586,
                    1.362557099573113,
                    3.4332196069776115
                ],
                "label": "O",
                "properties": {}
            },
            {
                "species": [
                    {
                        "element": "O",
                        "occu": 1
                    }
                ],
                "abc": [
                    0.28999889,
                    0.7510308,
                    0.29216318
                ],
                "xyz": [
                    4.328662964298413,
                    1.362557099573113,
                    1.4172526430223888
                ],
                "label": "O",
                "properties": {}
            },
            {
                "species": [
                    {
                        "element": "O",
                        "occu": 1
                    }
                ],
                "abc": [
                    0.27087415,
                    0.27087415,
                    0.23125262
                ],
                "xyz": [
                    1.9800417847910223,
                    0.0,
                    1.1217058005819665
                ],
                "label": "O",
                "properties": {}
            },
            {
                "species": [
                    {
                        "element": "O",
                        "occu": 1
                    }
                ],
                "abc": [
                    0.72912585,
                    0.72912585,
                    0.76874738
                ],
                "xyz": [
                    4.826433985208976,
                    0.0,
                    3.7287664494180337
                ],
                "label": "O",
                "properties": {}
            }
        ]
    },
    "spacegroup": {
        "source": "spglib",
        "symbol": "C2/m",
        "number": 12,
        "point_group": "2/m",
        "crystal_system": "monoclinic",
        "hall": "-C 2y"
    },
    "dielectric": {
        "epsilon_ionic": [
            [
                20.32744586,
                2e-08,
                1.18316005
            ],
            [
                2e-08,
                22.59939548,
                -6e-08
            ],
            [
                1.18316005,
                -6e-08,
                18.27149075
            ]
        ],
        "epsilon_ionic_avg": 20.399444030000005,
        "epsilon_ionic_eig": [
            17.732112073156145,
            20.866824536843865,
            22.599395480000005
        ],
        "epsilon_electronic": [
            [
                4.52428431,
                0.0,
                -0.01740624
            ],
            [
                0.0,
                4.51653664,
                0.0
            ],
            [
                -0.01750744,
                0.0,
                4.53332307
            ]
        ],
        "epsilon_electronic_avg": 4.524714673333333,
        "epsilon_electronic_eig": [
            4.510771399573933,
            4.546835980426066,
            4.51653664
        ]
    },
    "phonon": {
        "lowest_freq": -0.02043642025768582,