{
    "mp_id": "mp-1208033",
    "nelements": 3,
    "nsites": 16,
    "elements": [
        "O",
        "Pt",
        "Tl"
    ],
    "structure": {
        "@module": "pymatgen.core.structure",
        "@class": "Structure",
        "charge": null,
        "lattice": {
            "matrix": [
                [
                    0.0,
                    4.80103677,
                    4.80103677
                ],
                [
                    4.80103677,
                    0.0,
                    4.80103677
                ],
                [
                    4.80103677,
                    4.80103677,
                    0.0
                ]
            ],
            "a": 6.789691313585917,
            "b": 6.789691313585917,
            "c": 6.789691313585917,
            "alpha": 59.99999999999999,
            "beta": 59.99999999999999,
            "gamma": 59.99999999999999,
            "volume": 221.3273540439193
        },
        "sites": [
            {
                "species": [
                    {
                        "element": "Tl",
                        "occu": 1
                    }
                ],
                "abc": [
                    0.5,
                    0.5,
                    0.5
                ],
                "xyz": [
                    4.80103677,
                    4.80103677,
                    4.80103677
                ],
                "label": "Tl",
                "properties": {}
            },
            {
                "species": [
                    {
                        "element": "Tl",
                        "occu": 1
                    }
                ],
                "abc": [
                    0.0,
                    0.0,
                    0.0
                ],
                "xyz": [
                    0.0,
                    0.0,
                    0.0
                ],
                "label": "Tl",
                "properties": {}
            },
            {
                "species": [
                    {
                        "element": "Pt",
                        "occu": 1
                    }
                ],
                "abc": [
                    0.5,
                    0.0,
                    0.0
                ],
                "xyz": [
                    0.0,
                    2.400518385,
                    2.400518385
                ],
                "label": "Pt",
                "properties": {}
            },
            {
                "species": [
                    {
                        "element": "Pt",
                        "occu": 1
                    }
                ],
                "abc": [
                    0.0,
                    0.5,
                    0.5
                ],
                "xyz": [
                    4.80103677,
                    2.400518385,
                    2.400518385
                ],
                "label": "Pt",
                "properties": {}
            },
            {
                "species": [
                    {
                        "element": "Pt",
                        "occu": 1
                    }
                ],
                "abc": [
                    0.0,
                    0.5,
                    0.0
                ],
                "xyz": [
                    2.400518385,
                    0.0,
                    2.400518385
                ],
                "label": "Pt",
                "properties": {}
            },
            {
                "species": [
                    {
                        "element": "Pt",
                        "occu": 1
                    }
                ],
                "abc": [
                    0.5,
                    0.0,
                    0.5
                ],
                "xyz": [
                    2.400518385,
                    4.80103677,
                    2.400518385
                ],
                "label": "Pt",
                "properties": {}
            },
            {
                "species": [
                    {
                        "element": "Pt",
                        "occu": 1
                    }
                ],
                "abc": [
                    0.0,
                    0.0,
                    0.5
                ],
                "xyz": [
                    2.400518385,
                    2.400518385,
                    0.0
                ],
                "label": "Pt",
                "properties": {}
            },
            {
                "species": [
                    {
                        "element": "Pt",
                        "occu": 1
                    }
                ],
                "abc": [
                    0.5,
                    0.5,
                    0.0
                ],
                "xyz": [
                    2.400518385,
                    2.400518385,
                    4.80103677
                ],
                "label": "Pt",
                "properties": {}
            },
            {
                "species": [
                    {
                        "element": "O",
                        "occu": 1
                    }
                ],
                "abc": [
                    0.14257968,
                    0.14257968,
                    0.14257968
                ],
                "xyz": [
                    1.369060572669667,
                    1.369060572669667,
                    1.369060572669667
                ],
                "label": "O",
                "properties": {}
            },
            {
                "species": [
                    {
                        "element": "O",
                        "occu": 1
                    }
                ],
                "abc": [
                    0.85742032,
                    0.85742032,
                    0.85742032
                ],
                "xyz": [
                    8.233012967330332,
                    8.233012967330332,
                    8.233012967330332
                ],
                "label": "O",
                "properties": {}
            },
            {
                "species": [
                    {
                        "element": "O",
                        "occu": 1
                    }
                ],
                "abc": [
                    0.14257968,
                    0.14257968,
                    0.57226195
                ],
                "xyz": [
                    3.431980950356735,
                    3.431980950356735,
                    1.369060572669667
                ],
                "label": "O",
                "properties": {}
            },
            {
                "species": [
                    {
                        "element": "O",
                        "occu": 1
                    }
                ],
                "abc": [
                    0.14257968,
                    0.57226195,
                    0.14257968
                ],
                "xyz": [
                    3.431980950356735,
                    1.369060572669667,
                    3.431980950356735
                ],
                "label": "O",
                "properties": {}
            },
            {
                "species": [
                    {
                        "element": "O",
                        "occu": 1
                    }
                ],
                "abc": [
                    0.85742032,
                    0.85742032,
                    0.42773805
                ],
                "xyz": [
                    6.170092589643264,
                    6.170092589643264,
                    8.233012967330332
                ],
                "label": "O",
                "properties": {}
            },
            {
                "species": [
                    {
                        "element": "O",