{
    "mp_id": "mp-1213231",
    "nelements": 4,
    "nsites": 12,
    "elements": [
        "Cs",
        "Mo",
        "O",
        "Y"
    ],
    "structure": {
        "@module": "pymatgen.core.structure",
        "@class": "Structure",
        "charge": null,
        "lattice": {
            "matrix": [
                [
                    6.00793893,
                    0.0,
                    0.0
                ],
                [
                    -3.00396997,
                    5.20302747,
                    0.0
                ],
                [
                    0.0,
                    0.0,
                    8.12315415
                ]
            ],
            "a": 6.00793893,
            "b": 6.007938950608303,
            "c": 8.12315415,
            "alpha": 90.0,
            "beta": 90.0,
            "gamma": 120.00000544759443,
            "volume": 253.92550394325605
        },
        "sites": [
            {
                "species": [
                    {
                        "element": "Cs",
                        "occu": 1
                    }
                ],
                "abc": [
                    0.0,
                    0.0,
                    0.0
                ],
                "xyz": [
                    0.0,
                    0.0,
                    0.0
                ],
                "label": "Cs",
                "properties": {}
            },
            {
                "species": [
                    {
                        "element": "Y",
                        "occu": 1
                    }
                ],
                "abc": [
                    0.0,
                    0.0,
                    0.5
                ],
                "xyz": [
                    0.0,
                    0.0,
                    4.061577075
                ],
                "label": "Y",
                "properties": {}
            },
            {
                "species": [
                    {
                        "element": "Mo",
                        "occu": 1
                    }
                ],
                "abc": [
                    0.333333,
                    0.666667,
                    0.26208596
                ],
                "xyz": [
                    -3.340636300475097e-06,
                    3.4686867143424904,
                    2.128964653630734
                ],
                "label": "Mo",
                "properties": {}
            },
            {
                "species": [
                    {
                        "element": "Mo",
                        "occu": 1
                    }
                ],
                "abc": [
                    0.666667,
                    0.333333,
                    0.73791404
                ],
                "xyz": [
                    3.0039723006363,
                    1.7343407556575101,
                    5.994189496369266
                ],
                "label": "Mo",
                "properties": {}
            },
            {
                "species": [
                    {
                        "element": "O",
                        "occu": 1
                    }
                ],
                "abc": [
                    0.16926295,
                    0.83073705,
                    0.33213508
                ],
                "xyz": [
                    -1.478587684454745,
                    4.322347691496764,
                    2.697984453462582
                ],
                "label": "O",
                "properties": {}
            },
            {
                "species": [
                    {
                        "element": "O",
                        "occu": 1
                    }
                ],
                "abc": [
                    0.83073705,
                    0.16926295,
                    0.66786492
                ],
                "xyz": [
                    4.482556644454744,
                    0.8806797785032365,
                    5.425169696537417
                ],
                "label": "O",
                "properties": {}
            },
            {
                "species": [
                    {
                        "element": "O",
                        "occu": 1
                    }
                ],
                "abc": [
                    0.16926295,
                    0.33852591,
                    0.33213508
                ],
                "xyz": [
                    -2.009952790871239e-07,
                    1.7613596090367478,
                    2.697984453462582
                ],
                "label": "O",
                "properties": {}
            },
            {
                "species": [
                    {
                        "element": "O",
                        "occu": 1
                    }
                ],
                "abc": [
                    0.83073705,
                    0.66147409,
                    0.66786492
                ],
                "xyz": [
                    3.003969160995279,
                    3.4416678609632525,
                    5.425169696537417
                ],
                "label": "O",
                "properties": {}
            },
            {
                "species": [
                    {
                        "element": "O",
                        "occu": 1
                    }
                ],
                "abc": [
                    0.66147409,
                    0.83073705,
                    0.33213508
                ],
                "xyz": [
                    1.4785867853309353,
                    4.322347691496764,
                    2.697984453462582
                ],
                "label": "O",
                "properties": {}
            },
            {
                "species": [
                    {
                        "element": "O",
                        "occu": 1
                    }
                ],
                "abc": [
                    0.33852591,
                    0.16926295,
                    0.66786492
                ],
                "xyz": [
                    1.5253821746690646,
                    0.8806797785032365,
                    5.425169696537417
                ],
                "label": "O",
                "properties": {}
            },
            {
                "species": [
                    {
                        "element": "O",
                        "occu": 1
                    }
                ],
                "abc": [
                    0.333333,
                    0.666667,
                    0.04773688
                ],
                "xyz": [
                    -3.340636300475097e-06,
                    3.4686867143424904,
                    0.387774034880052
                ],
                "label": "O",
                "properties": {}
            },
            {
                "species": [
                    {
                        "element": "O",
                        "occu": 1
                    }
                ],
                "abc": [
                    0.666667,
                    0.333333,
                    0.95226312
                ],
                "xyz": [
                    3.0039723006363,
                    1.7343407556575101,
                    7.7353801151199475
                ],
                "label": "O",
                "properties": {}
            }
        ]
    },
    "spacegroup": {
        "source": "spglib",
        "symbol": "P-3m1",
        "number": 164,
        "point_group": "-3m",
        "crystal_system": "trigonal",
        "hall": "-P 3 2\""
    },