{
    "mp_id": "mp-18914",
    "nelements": 3,
    "nsites": 14,
    "elements": [
        "K",
        "Mo",
        "O"
    ],
    "structure": {
        "@module": "pymatgen.core.structure",
        "@class": "Structure",
        "charge": null,
        "lattice": {
            "matrix": [
                [
                    6.19978899,
                    -3.05078521,
                    -0.00397986
                ],
                [
                    6.19978899,
                    3.05078521,
                    -0.00397986
                ],
                [
                    -3.28431307,
                    0.0,
                    6.83381221
                ]
            ],
            "a": 6.90975323418757,
            "b": 6.90975323418757,
            "c": 7.5820644723793995,
            "alpha": 112.90352152095012,
            "beta": 112.90352152095012,
            "gamma": 52.4016397395656,
            "volume": 258.4327631493544
        },
        "sites": [
            {
                "species": [
                    {
                        "element": "K",
                        "occu": 1
                    }
                ],
                "abc": [
                    0.48854012,
                    0.48854012,
                    0.76374635
                ],
                "xyz": [
                    3.5493091948287634,
                    0.0,
                    5.215410489408967
                ],
                "label": "K",
                "properties": {}
            },
            {
                "species": [
                    {
                        "element": "K",
                        "occu": 1
                    }
                ],
                "abc": [
                    0.51145988,
                    0.51145988,
                    0.23625365
                ],
                "xyz": [
                    5.565955715171237,
                    0.0,
                    1.610442000591033
                ],
                "label": "K",
                "properties": {}
            },
            {
                "species": [
                    {
                        "element": "K",
                        "occu": 1
                    }
                ],
                "abc": [
                    0.84379234,
                    0.84379234,
                    0.25077067
                ],
                "xyz": [
                    9.639059529703017,
                    0.0,
                    1.7070033157913356
                ],
                "label": "K",
                "properties": {}
            },
            {
                "species": [
                    {
                        "element": "K",
                        "occu": 1
                    }
                ],
                "abc": [
                    0.15620766,
                    0.15620766,
                    0.74922933
                ],
                "xyz": [
                    -0.5237946197030166,
                    0.0,
                    5.118849174208664
                ],
                "label": "K",
                "properties": {}
            },
            {
                "species": [
                    {
                        "element": "Mo",
                        "occu": 1
                    }
                ],
                "abc": [
                    0.82439978,
                    0.82439978,
                    0.77553499
                ],
                "xyz": [
                    7.675109654905525,
                    0.0,
                    5.293298492527366
                ],
                "label": "Mo",
                "properties": {}
            },
            {
                "species": [
                    {
                        "element": "Mo",
                        "occu": 1
                    }
                ],
                "abc": [
                    0.17560022,
                    0.17560022,
                    0.22446501
                ],
                "xyz": [
                    1.4401552550944752,
                    0.0,
                    1.5325539974726337
                ],
                "label": "Mo",
                "properties": {}
            },
            {
                "species": [
                    {
                        "element": "O",
                        "occu": 1
                    }
                ],
                "abc": [
                    0.09769404,
                    0.61906302,
                    0.9263901
                ],
                "xyz": [
                    1.401187415744162,
                    1.5905847731367857,
                    6.327923383850308
                ],
                "label": "O",
                "properties": {}
            },
            {
                "species": [
                    {
                        "element": "O",
                        "occu": 1
                    }
                ],
                "abc": [
                    0.38093698,
                    0.90230596,
                    0.0736099
                ],
                "xyz": [
                    7.714077494255837,
                    1.5905847731367857,
                    0.49792910614969055
                ],
                "label": "O",
                "properties": {}
            },
            {
                "species": [
                    {
                        "element": "O",
                        "occu": 1
                    }
                ],
                "abc": [
                    0.90230596,
                    0.38093698,
                    0.0736099
                ],
                "xyz": [
                    7.714077494255837,
                    -1.5905847731367857,
                    0.49792910614969055
                ],
                "label": "O",
                "properties": {}
            },
            {
                "species": [
                    {
                        "element": "O",
                        "occu": 1
                    }
                ],
                "abc": [
                    0.61906302,
                    0.09769404,
                    0.9263901
                ],
                "xyz": [
                    1.401187415744162,
                    -1.5905847731367857,
                    6.327923383850308
                ],
                "label": "O",
                "properties": {}
            },
            {
                "species": [
                    {
                        "element": "O",
                        "occu": 1
                    }
                ],
                "abc": [
                    0.08854047,
                    0.08854047,
                    0.3611687
                ],
                "xyz": [
                    -0.08832661973405842,
                    0.0,
                    2.4674543145799586
                ],
                "label": "O",
                "properties": {}
            },
            {
                "species": [
                    {
                        "element": "O",
                        "occu": 1
                    }
                ],
                "abc": [
                    0.91145953,
                    0.91145953,
                    0.6388313
                ],
                "xyz": [
                    9.203591529734059,
                    0.0,
                    4.358398175420041
                ],
                "label": "O",
                "properties": {}
            },
            {
                "species": [
                    {
                        "element": "O",
                        "occu": 1
                    }
                ],
                "abc": [
                    0.66664201,
                    0.66664201,
                    0.62007268
                ],