{
    "mp_id": "mp-1222442",
    "nelements": 3,
    "nsites": 10,
    "elements": [
        "Au",
        "Li",
        "O"
    ],
    "structure": {
        "@module": "pymatgen.core.structure",
        "@class": "Structure",
        "charge": null,
        "lattice": {
            "matrix": [
                [
                    2.35389525,
                    -4.70903656,
                    -5.44e-05
                ],
                [
                    2.35389525,
                    4.70903656,
                    -5.44e-05
                ],
                [
                    -1.06489205,
                    0.0,
                    4.58129472
                ]
            ],
            "a": 5.264584330633194,
            "b": 5.264584330633194,
            "c": 4.703430279025413,
            "alpha": 95.81064625660791,
            "beta": 95.81064625660791,
            "gamma": 126.8820271223211,
            "volume": 101.56289898397557
        },
        "sites": [
            {
                "species": [
                    {
                        "element": "Li",
                        "occu": 1
                    }
                ],
                "abc": [
                    0.79241756,
                    0.20758244,
                    0.5
                ],
                "xyz": [
                    1.8214492249999998,
                    -2.7540099616519873,
                    2.29059296
                ],
                "label": "Li",
                "properties": {}
            },
            {
                "species": [
                    {
                        "element": "Li",
                        "occu": 1
                    }
                ],
                "abc": [
                    0.28258508,
                    0.71741492,
                    0.0
                ],
                "xyz": [
                    2.35389525,
                    2.04762961393895,
                    -5.4399999999999994e-05
                ],
                "label": "Li",
                "properties": {}
            },
            {
                "species": [
                    {
                        "element": "Li",
                        "occu": 1
                    }
                ],
                "abc": [
                    0.71741492,
                    0.28258508,
                    0.0
                ],
                "xyz": [
                    2.35389525,
                    -2.04762961393895,
                    -5.4399999999999994e-05
                ],
                "label": "Li",
                "properties": {}
            },
            {
                "species": [
                    {
                        "element": "Li",
                        "occu": 1
                    }
                ],
                "abc": [
                    0.20758244,
                    0.79241756,
                    0.5
                ],
                "xyz": [
                    1.8214492249999998,
                    2.7540099616519873,
                    2.29059296
                ],
                "label": "Li",
                "properties": {}
            },
            {
                "species": [
                    {
                        "element": "Li",
                        "occu": 1
                    }
                ],
                "abc": [
                    0.0,
                    0.0,
                    0.0
                ],
                "xyz": [
                    0.0,
                    0.0,
                    0.0
                ],
                "label": "Li",
                "properties": {}
            },
            {
                "species": [
                    {
                        "element": "Au",
                        "occu": 1
                    }
                ],
                "abc": [
                    0.5,
                    0.5,
                    0.5
                ],
                "xyz": [
                    1.8214492249999998,
                    0.0,
                    2.29059296
                ],
                "label": "Au",
                "properties": {}
            },
            {
                "species": [
                    {
                        "element": "O",
                        "occu": 1
                    }
                ],
                "abc": [
                    0.10945114,
                    0.40345365,
                    0.25071415
                ],
                "xyz": [
                    0.9403406437257398,
                    1.3844685683217657,
                    1.148567509603712
                ],
                "label": "O",
                "properties": {}
            },
            {
                "species": [
                    {
                        "element": "O",
                        "occu": 1
                    }
                ],
                "abc": [
                    0.59654635,
                    0.89054886,
                    0.74928585
                ],
                "xyz": [
                    2.7025578062742595,
                    1.3844685683217661,
                    3.4326184103962882
                ],
                "label": "O",
                "properties": {}
            },
            {
                "species": [
                    {
                        "element": "O",
                        "occu": 1
                    }
                ],
                "abc": [
                    0.40345365,
                    0.10945114,
                    0.25071415
                ],
                "xyz": [
                    0.9403406437257398,
                    -1.3844685683217657,
                    1.148567509603712
                ],
                "label": "O",
                "properties": {}
            },
            {
                "species": [
                    {
                        "element": "O",
                        "occu": 1
                    }
                ],
                "abc": [
                    0.89054886,
                    0.59654635,
                    0.74928585
                ],
                "xyz": [
                    2.7025578062742595,
                    -1.3844685683217661,
                    3.4326184103962882
                ],
                "label": "O",
                "properties": {}
            }
        ]
    },
    "spacegroup": {
        "source": "spglib",
        "symbol": "C2/m",
        "number": 12,
        "point_group": "2/m",
        "crystal_system": "monoclinic",
        "hall": "-C 2y"
    },
    "dielectric": {
        "epsilon_ionic": [
            [
                3.57875268,
                0.0,
                1.59454671
            ],
            [
                0.0,
                4.33838048,
                0.0
            ],
            [
                1.59454671,
                0.0,
                4.24124668
            ]
        ],
        "epsilon_ionic_avg": 4.0527932799999995,
        "epsilon_ionic_eig": [
            2.2814101720573676,
            5.538589187942632,
            4.33838048
        ],
        "epsilon_electronic": [
            [
                3.43141899,
                0.0,
                0.63445005
            ],
            [
                0.0,
                4.0643842,
                0.0
            ],
            [
                0.63445076,
                0.0,
                3.71955274
            ]
        ],
        "epsilon_electronic_avg": 3.738451976666667,
        "epsilon_electronic_eig": [
            2.9248841582109666,
            4.226087571789034,
            4.0643842
        ]
    },
    "phonon": {
        "lowest_freq": -0.030679872231614887,