{
    "mp_id": "mp-19302",
    "nelements": 4,
    "nsites": 14,
    "elements": [
        "Ca",
        "Na",
        "O",
        "V"
    ],
    "structure": {
        "@module": "pymatgen.core.structure",
        "@class": "Structure",
        "charge": null,
        "lattice": {
            "matrix": [
                [
                    2.93512996,
                    -4.62826507,
                    0.0
                ],
                [
                    2.93512996,
                    4.62826507,
                    0.0
                ],
                [
                    0.0,
                    0.0,
                    7.07480924
                ]
            ],
            "a": 5.480494999566345,
            "b": 5.480494999566345,
            "c": 7.07480924,
            "alpha": 90.0,
            "beta": 90.0,
            "gamma": 115.23630318672814,
            "volume": 192.21633371623685
        },
        "sites": [
            {
                "species": [
                    {
                        "element": "Na",
                        "occu": 1
                    }
                ],
                "abc": [
                    0.17760738,
                    0.82239262,
                    0.75
                ],
                "xyz": [
                    2.9351299600000003,
                    2.984237003943567,
                    5.30610693
                ],
                "label": "Na",
                "properties": {}
            },
            {
                "species": [
                    {
                        "element": "Na",
                        "occu": 1
                    }
                ],
                "abc": [
                    0.82239262,
                    0.17760738,
                    0.25
                ],
                "xyz": [
                    2.9351299600000003,
                    -2.984237003943567,
                    1.76870231
                ],
                "label": "Na",
                "properties": {}
            },
            {
                "species": [
                    {
                        "element": "Ca",
                        "occu": 1
                    }
                ],
                "abc": [
                    0.5,
                    0.5,
                    0.5
                ],
                "xyz": [
                    2.93512996,
                    0.0,
                    3.53740462
                ],
                "label": "Ca",
                "properties": {}
            },
            {
                "species": [
                    {
                        "element": "Ca",
                        "occu": 1
                    }
                ],
                "abc": [
                    0.5,
                    0.5,
                    0.0
                ],
                "xyz": [
                    2.93512996,
                    0.0,
                    0.0
                ],
                "label": "Ca",
                "properties": {}
            },
            {
                "species": [
                    {
                        "element": "V",
                        "occu": 1
                    }
                ],
                "abc": [
                    0.85279093,
                    0.14720907,
                    0.75
                ],
                "xyz": [
                    2.93512996,
                    -3.26561987666363,
                    5.30610693
                ],
                "label": "V",
                "properties": {}
            },
            {
                "species": [
                    {
                        "element": "V",
                        "occu": 1
                    }
                ],
                "abc": [
                    0.14720907,
                    0.85279093,
                    0.25
                ],
                "xyz": [
                    2.93512996,
                    3.26561987666363,
                    1.76870231
                ],
                "label": "V",
                "properties": {}
            },
            {
                "species": [
                    {
                        "element": "O",
                        "occu": 1
                    }
                ],
                "abc": [
                    0.2543021,
                    0.7456979,
                    0.05456396
                ],
                "xyz": [
                    2.93512996,
                    2.274310016684707,
                    0.3860296083789904
                ],
                "label": "O",
                "properties": {}
            },
            {
                "species": [
                    {
                        "element": "O",
                        "occu": 1
                    }
                ],
                "abc": [
                    0.7456979,
                    0.2543021,
                    0.55456396
                ],
                "xyz": [
                    2.93512996,
                    -2.274310016684707,
                    3.9234342283789903
                ],
                "label": "O",
                "properties": {}
            },
            {
                "species": [
                    {
                        "element": "O",
                        "occu": 1
                    }
                ],
                "abc": [
                    0.7456979,
                    0.2543021,
                    0.94543604
                ],
                "xyz": [
                    2.93512996,
                    -2.274310016684707,
                    6.68877963162101
                ],
                "label": "O",
                "properties": {}
            },
            {
                "species": [
                    {
                        "element": "O",
                        "occu": 1
                    }
                ],
                "abc": [
                    0.2543021,
                    0.7456979,
                    0.44543604
                ],
                "xyz": [
                    2.93512996,
                    2.274310016684707,
                    3.1513750116210097
                ],
                "label": "O",
                "properties": {}
            },
            {
                "species": [
                    {
                        "element": "O",
                        "occu": 1
                    }
                ],
                "abc": [
                    0.20612682,
                    0.2764635,
                    0.75
                ],
                "xyz": [
                    1.416465306637987,
                    0.32553679918376766,
                    5.30610693
                ],
                "label": "O",
                "properties": {}
            },
            {
                "species": [
                    {
                        "element": "O",
                        "occu": 1
                    }
                ],
                "abc": [
                    0.79387318,
                    0.7235365,
                    0.25
                ],
                "xyz": [
                    4.453794613362012,
                    -0.3255367991837672,
                    1.76870231
                ],
                "label": "O",
                "properties": {}
            },
            {
                "species": [
                    {
                        "element": "O",
                        "occu": 1
                    }
                ],
                "abc": [
                    0.7235365,
                    0.79387318,
                    0.75
                ],
                "xyz": [
                    4.453794613362012,
                    0.3255367991837672,
                    5.30610693
                ],
                "label": "O",