{
    "mp_id": "mp-1228129",
    "nelements": 4,
    "nsites": 14,
    "elements": [
        "Ba",
        "In",
        "O",
        "Sb"
    ],
    "structure": {
        "@module": "pymatgen.core.structure",
        "@class": "Structure",
        "charge": null,
        "lattice": {
            "matrix": [
                [
                    2.96000474,
                    -6.63397597,
                    0.0
                ],
                [
                    2.96000474,
                    6.63397597,
                    0.0
                ],
                [
                    0.0,
                    0.0,
                    5.93832635
                ]
            ],
            "a": 7.264383334554965,
            "b": 7.264383334554965,
            "c": 5.93832635,
            "alpha": 90.0,
            "beta": 90.0,
            "gamma": 131.90822796538953,
            "volume": 233.21708216476506
        },
        "sites": [
            {
                "species": [
                    {
                        "element": "Ba",
                        "occu": 1
                    }
                ],
                "abc": [
                    0.35478139,
                    0.64521861,
                    0.0
                ],
                "xyz": [
                    2.96000474,
                    1.9267535382736036,
                    0.0
                ],
                "label": "Ba",
                "properties": {}
            },
            {
                "species": [
                    {
                        "element": "Ba",
                        "occu": 1
                    }
                ],
                "abc": [
                    0.85459496,
                    0.14540504,
                    0.5
                ],
                "xyz": [
                    2.96000474,
                    -4.704748887446222,
                    2.969163175
                ],
                "label": "Ba",
                "properties": {}
            },
            {
                "species": [
                    {
                        "element": "Ba",
                        "occu": 1
                    }
                ],
                "abc": [
                    0.14540504,
                    0.85459496,
                    0.5
                ],
                "xyz": [
                    2.96000474,
                    4.704748887446222,
                    2.969163175
                ],
                "label": "Ba",
                "properties": {}
            },
            {
                "species": [
                    {
                        "element": "Ba",
                        "occu": 1
                    }
                ],
                "abc": [
                    0.64521861,
                    0.35478139,
                    0.0
                ],
                "xyz": [
                    2.96000474,
                    -1.9267535382736036,
                    0.0
                ],
                "label": "Ba",
                "properties": {}
            },
            {
                "species": [
                    {
                        "element": "In",
                        "occu": 1
                    }
                ],
                "abc": [
                    0.0,
                    0.0,
                    0.0
                ],
                "xyz": [
                    0.0,
                    0.0,
                    0.0
                ],
                "label": "In",
                "properties": {}
            },
            {
                "species": [
                    {
                        "element": "Sb",
                        "occu": 1
                    }
                ],
                "abc": [
                    0.5,
                    0.5,
                    0.5
                ],
                "xyz": [
                    2.96000474,
                    0.0,
                    2.969163175
                ],
                "label": "Sb",
                "properties": {}
            },
            {
                "species": [
                    {
                        "element": "O",
                        "occu": 1
                    }
                ],
                "abc": [
                    0.26062645,
                    0.26062645,
                    0.73557604
                ],
                "xyz": [
                    1.5429110547387461,
                    0.0,
                    4.368090580760653
                ],
                "label": "O",
                "properties": {}
            },
            {
                "species": [
                    {
                        "element": "O",
                        "occu": 1
                    }
                ],
                "abc": [
                    0.73937355,
                    0.73937355,
                    0.26442396
                ],
                "xyz": [
                    4.377098425261254,
                    0.0,
                    1.570235769239346
                ],
                "label": "O",
                "properties": {}
            },
            {
                "species": [
                    {
                        "element": "O",
                        "occu": 1
                    }
                ],
                "abc": [
                    0.73937355,
                    0.73937355,
                    0.73557604
                ],
                "xyz": [
                    4.377098425261254,
                    0.0,
                    4.368090580760653
                ],
                "label": "O",
                "properties": {}
            },
            {
                "species": [
                    {
                        "element": "O",
                        "occu": 1
                    }
                ],
                "abc": [
                    0.26062645,
                    0.26062645,
                    0.26442396
                ],
                "xyz": [
                    1.5429110547387461,
                    0.0,
                    1.570235769239346
                ],
                "label": "O",
                "properties": {}
            },
            {
                "species": [
                    {
                        "element": "O",
                        "occu": 1
                    }
                ],
                "abc": [
                    0.16193524,
                    0.83806476,
                    0.0
                ],
                "xyz": [
                    2.96000474,
                    4.485426988287633,
                    0.0
                ],
                "label": "O",
                "properties": {}
            },
            {
                "species": [
                    {
                        "element": "O",
                        "occu": 1
                    }
                ],
                "abc": [
                    0.6529215,
                    0.3470785,
                    0.5
                ],
                "xyz": [
                    2.96000474,
                    -2.02895511259271,
                    2.969163175
                ],
                "label": "O",
                "properties": {}
            },
            {
                "species": [
                    {
                        "element": "O",
                        "occu": 1
                    }
                ],
                "abc": [
                    0.3470785,
                    0.6529215,
                    0.5
                ],
                "xyz": [
                    2.96000474,
                    2.02895511259271,
                    2.969163175
                ],
                "label": "O",
                "properties": {}
            },
            {
                "species": [
                    {
                        "element": "O",