{
    "mp_id": "mp-18852",
    "nelements": 3,
    "nsites": 14,
    "elements": [
        "Mo",
        "Na",
        "O"
    ],
    "structure": {
        "@module": "pymatgen.core.structure",
        "@class": "Structure",
        "charge": null,
        "lattice": {
            "matrix": [
                [
                    0.0,
                    4.515121,
                    4.515121
                ],
                [
                    4.515121,
                    0.0,
                    4.515121
                ],
                [
                    4.515121,
                    4.515121,
                    0.0
                ]
            ],
            "a": 6.385345353955571,
            "b": 6.385345353955571,
            "c": 6.385345353955571,
            "alpha": 60.00000000000001,
            "beta": 60.00000000000001,
            "gamma": 60.00000000000001,
            "volume": 184.0933818199782
        },
        "sites": [
            {
                "species": [
                    {
                        "element": "Na",
                        "occu": 1
                    }
                ],
                "abc": [
                    0.125,
                    0.125,
                    0.125
                ],
                "xyz": [
                    1.12878025,
                    1.12878025,
                    1.12878025
                ],
                "label": "Na",
                "properties": {}
            },
            {
                "species": [
                    {
                        "element": "Na",
                        "occu": 1
                    }
                ],
                "abc": [
                    0.625,
                    0.125,
                    0.125
                ],
                "xyz": [
                    1.12878025,
                    3.38634075,
                    3.38634075
                ],
                "label": "Na",
                "properties": {}
            },
            {
                "species": [
                    {
                        "element": "Na",
                        "occu": 1
                    }
                ],
                "abc": [
                    0.125,
                    0.125,
                    0.625
                ],
                "xyz": [
                    3.38634075,
                    3.38634075,
                    1.12878025
                ],
                "label": "Na",
                "properties": {}
            },
            {
                "species": [
                    {
                        "element": "Na",
                        "occu": 1
                    }
                ],
                "abc": [
                    0.125,
                    0.625,
                    0.125
                ],
                "xyz": [
                    3.38634075,
                    1.12878025,
                    3.38634075
                ],
                "label": "Na",
                "properties": {}
            },
            {
                "species": [
                    {
                        "element": "Mo",
                        "occu": 1
                    }
                ],
                "abc": [
                    0.5,
                    0.5,
                    0.5
                ],
                "xyz": [
                    4.515121,
                    4.515121,
                    4.515121
                ],
                "label": "Mo",
                "properties": {}
            },
            {
                "species": [
                    {
                        "element": "Mo",
                        "occu": 1
                    }
                ],
                "abc": [
                    0.75,
                    0.75,
                    0.75
                ],
                "xyz": [
                    6.772681499999999,
                    6.772681499999999,
                    6.772681499999999
                ],
                "label": "Mo",
                "properties": {}
            },
            {
                "species": [
                    {
                        "element": "O",
                        "occu": 1
                    }
                ],
                "abc": [
                    0.864641,
                    0.864641,
                    0.864641
                ],
                "xyz": [
                    7.807917473121999,
                    7.807917473121999,
                    7.807917473121999
                ],
                "label": "O",
                "properties": {}
            },
            {
                "species": [
                    {
                        "element": "O",
                        "occu": 1
                    }
                ],
                "abc": [
                    0.843923,
                    0.385359,
                    0.385359
                ],
                "xyz": [
                    3.4798850268779997,
                    5.550356973122,
                    5.550356973122
                ],
                "label": "O",
                "properties": {}
            },
            {
                "species": [
                    {
                        "element": "O",
                        "occu": 1
                    }
                ],
                "abc": [
                    0.385359,
                    0.385359,
                    0.843923
                ],
                "xyz": [
                    5.550356973122,
                    5.550356973122,
                    3.4798850268779997
                ],
                "label": "O",
                "properties": {}
            },
            {
                "species": [
                    {
                        "element": "O",
                        "occu": 1
                    }
                ],
                "abc": [
                    0.385359,
                    0.843923,
                    0.385359
                ],
                "xyz": [
                    5.550356973122,
                    3.4798850268779997,
                    5.550356973122
                ],
                "label": "O",
                "properties": {}
            },
            {
                "species": [
                    {
                        "element": "O",
                        "occu": 1
                    }
                ],
                "abc": [
                    0.864641,
                    0.864641,
                    0.406077
                ],
                "xyz": [
                    5.737445526878,
                    5.737445526878,
                    7.807917473121999
                ],
                "label": "O",
                "properties": {}
            },
            {
                "species": [
                    {
                        "element": "O",
                        "occu": 1
                    }
                ],
                "abc": [
                    0.864641,
                    0.406077,
                    0.864641
                ],
                "xyz": [
                    5.737445526878,
                    7.807917473121999,
                    5.737445526878
                ],
                "label": "O",
                "properties": {}
            },
            {
                "species": [
                    {
                        "element": "O",
                        "occu": 1
                    }
                ],
                "abc": [
                    0.385359,
                    0.385359,
                    0.385359
                ],
                "xyz": [
                    3.4798850268779997,
                    3.4798850268779997,
                    3.4798850268779997
                ],
                "label": "O",