{
    "mp_id": "mp-19219",
    "nelements": 3,
    "nsites": 16,
    "elements": [
        "Li",
        "O",
        "V"
    ],
    "structure": {
        "@module": "pymatgen.core.structure",
        "@class": "Structure",
        "charge": null,
        "lattice": {
            "matrix": [
                [
                    6.31163494,
                    0.0,
                    0.0
                ],
                [
                    0.0,
                    5.43860301,
                    0.0
                ],
                [
                    0.0,
                    0.0,
                    4.93740758
                ]
            ],
            "a": 6.31163494,
            "b": 5.43860301,
            "c": 4.93740758,
            "alpha": 90.0,
            "beta": 90.0,
            "gamma": 90.0,
            "volume": 169.48380666162254
        },
        "sites": [
            {
                "species": [
                    {
                        "element": "Li",
                        "occu": 1
                    }
                ],
                "abc": [
                    0.24745358,
                    0.66816424,
                    0.01006178
                ],
                "xyz": [
                    1.5618366615560852,
                    3.633880046838362,
                    0.0496791088402924
                ],
                "label": "Li",
                "properties": {}
            },
            {
                "species": [
                    {
                        "element": "Li",
                        "occu": 1
                    }
                ],
                "abc": [
                    0.25254642,
                    0.33183576,
                    0.51006178
                ],
                "xyz": [
                    1.5939808084439149,
                    1.8047229631616373,
                    2.5183828988402928
                ],
                "label": "Li",
                "properties": {}
            },
            {
                "species": [
                    {
                        "element": "Li",
                        "occu": 1
                    }
                ],
                "abc": [
                    0.74745358,
                    0.33183576,
                    0.51006178
                ],
                "xyz": [
                    4.717654131556085,
                    1.8047229631616373,
                    2.5183828988402928
                ],
                "label": "Li",
                "properties": {}
            },
            {
                "species": [
                    {
                        "element": "Li",
                        "occu": 1
                    }
                ],
                "abc": [
                    0.75254642,
                    0.66816424,
                    0.01006178
                ],
                "xyz": [
                    4.749798278443915,
                    3.633880046838362,
                    0.0496791088402924
                ],
                "label": "Li",
                "properties": {}
            },
            {
                "species": [
                    {
                        "element": "Li",
                        "occu": 1
                    }
                ],
                "abc": [
                    0.5,
                    0.16670047,
                    0.01052439
                ],
                "xyz": [
                    3.15581747,
                    0.9066176779104146,
                    0.051963202960876205
                ],
                "label": "Li",
                "properties": {}
            },
            {
                "species": [
                    {
                        "element": "Li",
                        "occu": 1
                    }
                ],
                "abc": [
                    0.0,
                    0.83329953,
                    0.51052439
                ],
                "xyz": [
                    0.0,
                    4.531985332089585,
                    2.5206669929608765
                ],
                "label": "Li",
                "properties": {}
            },
            {
                "species": [
                    {
                        "element": "V",
                        "occu": 1
                    }
                ],
                "abc": [
                    0.0,
                    0.16976195,
                    0.00149785
                ],
                "xyz": [
                    0.0,
                    0.9232678522534694,
                    0.0073954959437030005
                ],
                "label": "V",
                "properties": {}
            },
            {
                "species": [
                    {
                        "element": "V",
                        "occu": 1
                    }
                ],
                "abc": [
                    0.5,
                    0.83023805,
                    0.50149785
                ],
                "xyz": [
                    3.15581747,
                    4.51533515774653,
                    2.4760992859437034
                ],
                "label": "V",
                "properties": {}
            },
            {
                "species": [
                    {
                        "element": "O",
                        "occu": 1
                    }
                ],
                "abc": [
                    0.22602406,
                    0.32062442,
                    0.11101594
                ],
                "xyz": [
                    1.4265813543766563,
                    1.7437489356915041,
                    0.5481309436568252
                ],
                "label": "O",
                "properties": {}
            },
            {
                "species": [
                    {
                        "element": "O",
                        "occu": 1
                    }
                ],
                "abc": [
                    0.0,
                    0.17252448,
                    0.65197974
                ],
                "xyz": [
                    0.0,
                    0.9382921562266847,
                    3.2190897102824296
                ],
                "label": "O",
                "properties": {}
            },
            {
                "species": [
                    {
                        "element": "O",
                        "occu": 1
                    }
                ],
                "abc": [
                    0.77397594,
                    0.32062442,
                    0.11101594
                ],
                "xyz": [
                    4.885053585623344,
                    1.7437489356915041,
                    0.5481309436568252
                ],
                "label": "O",
                "properties": {}
            },
            {
                "species": [
                    {
                        "element": "O",
                        "occu": 1
                    }
                ],
                "abc": [
                    0.27397594,
                    0.67937558,
                    0.61101594
                ],
                "xyz": [
                    1.7292361156233436,
                    3.694854074308495,
                    3.0168347336568258
                ],
                "label": "O",
                "properties": {}
            },
            {
                "species": [
                    {
                        "element": "O",
                        "occu": 1
                    }
                ],
                "abc": [
                    0.72602406,
                    0.67937558,
                    0.61101594
                ],