{
    "mp_id": "mp-18864",
    "nelements": 3,
    "nsites": 14,
    "elements": [
        "O",
        "Rb",
        "W"
    ],
    "structure": {
        "@module": "pymatgen.core.structure",
        "@class": "Structure",
        "charge": null,
        "lattice": {
            "matrix": [
                [
                    6.40028648,
                    -3.13112115,
                    0.00106463
                ],
                [
                    6.40028648,
                    3.13112115,
                    0.00106463
                ],
                [
                    -3.43831905,
                    0.0,
                    7.05473476
                ]
            ],
            "a": 7.125137740106163,
            "b": 7.125137740106163,
            "c": 7.848013788440051,
            "alpha": 113.16678576943039,
            "beta": 113.16678576943039,
            "gamma": 52.137219123975655,
            "volume": 282.7777133660892
        },
        "sites": [
            {
                "species": [
                    {
                        "element": "Rb",
                        "occu": 1
                    }
                ],
                "abc": [
                    0.15604279,
                    0.15604279,
                    0.24639514
                ],
                "xyz": [
                    1.1502520145875414,
                    0.0,
                    1.738584614524102
                ],
                "label": "Rb",
                "properties": {}
            },
            {
                "species": [
                    {
                        "element": "Rb",
                        "occu": 1
                    }
                ],
                "abc": [
                    0.84395721,
                    0.84395721,
                    0.75360486
                ],
                "xyz": [
                    8.21200189541246,
                    0.0,
                    5.318279405475899
                ],
                "label": "Rb",
                "properties": {}
            },
            {
                "species": [
                    {
                        "element": "Rb",
                        "occu": 1
                    }
                ],
                "abc": [
                    0.51151471,
                    0.51151471,
                    0.73707094
                ],
                "xyz": [
                    4.013396311264835,
                    0.0,
                    5.200929128815289
                ],
                "label": "Rb",
                "properties": {}
            },
            {
                "species": [
                    {
                        "element": "Rb",
                        "occu": 1
                    }
                ],
                "abc": [
                    0.48848529,
                    0.48848529,
                    0.26292906
                ],
                "xyz": [
                    5.348857598735166,
                    0.0,
                    1.8559348911847109
                ],
                "label": "Rb",
                "properties": {}
            },
            {
                "species": [
                    {
                        "element": "W",
                        "occu": 1
                    }
                ],
                "abc": [
                    0.82526622,
                    0.82526622,
                    0.27686348
                ],
                "xyz": [
                    9.611935483000117,
                    0.0,
                    1.9549556224821618
                ],
                "label": "W",
                "properties": {}
            },
            {
                "species": [
                    {
                        "element": "W",
                        "occu": 1
                    }
                ],
                "abc": [
                    0.17473378,
                    0.17473378,
                    0.72313652
                ],
                "xyz": [
                    -0.24968157300011695,
                    0.0,
                    5.101908397517837
                ],
                "label": "W",
                "properties": {}
            },
            {
                "species": [
                    {
                        "element": "O",
                        "occu": 1
                    }
                ],
                "abc": [
                    0.09179251,
                    0.6245766,
                    0.42275414
                ],
                "xyz": [
                    3.1314039163942664,
                    1.6682115325825035,
                    2.9831809944374856
                ],
                "label": "O",
                "properties": {}
            },
            {
                "species": [
                    {
                        "element": "O",
                        "occu": 1
                    }
                ],
                "abc": [
                    0.3754234,
                    0.90820749,
                    0.57724586
                ],
                "xyz": [
                    6.230849993605735,
                    1.6682115325825033,
                    4.073683025562514
                ],
                "label": "O",
                "properties": {}
            },
            {
                "species": [
                    {
                        "element": "O",
                        "occu": 1
                    }
                ],
                "abc": [
                    0.90820749,
                    0.3754234,
                    0.57724586
                ],
                "xyz": [
                    6.230849993605735,
                    -1.6682115325825033,
                    4.073683025562514
                ],
                "label": "O",
                "properties": {}
            },
            {
                "species": [
                    {
                        "element": "O",
                        "occu": 1
                    }
                ],
                "abc": [
                    0.6245766,
                    0.09179251,
                    0.42275414
                ],
                "xyz": [
                    3.1314039163942664,
                    -1.6682115325825035,
                    2.9831809944374856
                ],
                "label": "O",
                "properties": {}
            },
            {
                "species": [
                    {
                        "element": "O",
                        "occu": 1
                    }
                ],
                "abc": [
                    0.32803471,
                    0.32803471,
                    0.87499938
                ],
                "xyz": [
                    1.1905052017752533,
                    0.0,
                    6.173587012251064
                ],
                "label": "O",
                "properties": {}
            },
            {
                "species": [
                    {
                        "element": "O",
                        "occu": 1
                    }
                ],
                "abc": [
                    0.67196529,
                    0.67196529,
                    0.12500062
                ],
                "xyz": [
                    8.171748708224749,
                    0.0,
                    0.8832770077489366
                ],
                "label": "O",
                "properties": {}
            },
            {
                "species": [
                    {
                        "element": "O",
                        "occu": 1
                    }
                ],
                "abc": [
                    0.90938394,
                    0.90938394,
                    0.1443999
                ],