{
    "mp_id": "mp-1214502",
    "nelements": 4,
    "nsites": 15,
    "elements": [
        "Ba",
        "Cd",
        "Nb",
        "O"
    ],
    "structure": {
        "@module": "pymatgen.core.structure",
        "@class": "Structure",
        "charge": null,
        "lattice": {
            "matrix": [
                [
                    5.9136587,
                    0.0,
                    0.0
                ],
                [
                    -2.95682935,
                    5.1213783,
                    0.0
                ],
                [
                    0.0,
                    0.0,
                    7.30308751
                ]
            ],
            "a": 5.9136587,
            "b": 5.913658385190365,
            "c": 7.30308751,
            "alpha": 90.0,
            "beta": 90.0,
            "gamma": 120.00000176097745,
            "volume": 221.18191696561175
        },
        "sites": [
            {
                "species": [
                    {
                        "element": "Ba",
                        "occu": 1
                    }
                ],
                "abc": [
                    0.0,
                    0.0,
                    0.0
                ],
                "xyz": [
                    0.0,
                    0.0,
                    0.0
                ],
                "label": "Ba",
                "properties": {}
            },
            {
                "species": [
                    {
                        "element": "Ba",
                        "occu": 1
                    }
                ],
                "abc": [
                    0.333333,
                    0.666667,
                    0.6626049
                ],
                "xyz": [
                    -2.956829350031498e-06,
                    3.4142539071261,
                    4.8390615692548
                ],
                "label": "Ba",
                "properties": {}
            },
            {
                "species": [
                    {
                        "element": "Ba",
                        "occu": 1
                    }
                ],
                "abc": [
                    0.666667,
                    0.333333,
                    0.3373951
                ],
                "xyz": [
                    2.9568323068293503,
                    1.7071243928739,
                    2.464025940745201
                ],
                "label": "Ba",
                "properties": {}
            },
            {
                "species": [
                    {
                        "element": "Nb",
                        "occu": 1
                    }
                ],
                "abc": [
                    0.333333,
                    0.666667,
                    0.1682048
                ],
                "xyz": [
                    -2.956829350031498e-06,
                    3.4142539071261,
                    1.228414374002048
                ],
                "label": "Nb",
                "properties": {}
            },
            {
                "species": [
                    {
                        "element": "Nb",
                        "occu": 1
                    }
                ],
                "abc": [
                    0.666667,
                    0.333333,
                    0.8317952
                ],
                "xyz": [
                    2.9568323068293503,
                    1.7071243928739,
                    6.074673135997952
                ],
                "label": "Nb",
                "properties": {}
            },
            {
                "species": [
                    {
                        "element": "Cd",
                        "occu": 1
                    }
                ],
                "abc": [
                    0.0,
                    0.0,
                    0.5
                ],
                "xyz": [
                    0.0,
                    0.0,
                    3.651543755
                ],
                "label": "Cd",
                "properties": {}
            },
            {
                "species": [
                    {
                        "element": "O",
                        "occu": 1
                    }
                ],
                "abc": [
                    0.17508699,
                    0.82491301,
                    0.31581149
                ],
                "xyz": [
                    -1.4037222974945303,
                    4.224691588801683,
                    2.3063989481334897
                ],
                "label": "O",
                "properties": {}
            },
            {
                "species": [
                    {
                        "element": "O",
                        "occu": 1
                    }
                ],
                "abc": [
                    0.82491301,
                    0.17508699,
                    0.68418851
                ],
                "xyz": [
                    4.36055164749453,
                    0.896686711198317,
                    4.9966885618665104
                ],
                "label": "O",
                "properties": {}
            },
            {
                "species": [
                    {
                        "element": "O",
                        "occu": 1
                    }
                ],
                "abc": [
                    0.17508699,
                    0.35017299,
                    0.31581149
                ],
                "xyz": [
                    2.9272610564401447e-06,
                    1.793368352232117,
                    2.3063989481334897
                ],
                "label": "O",
                "properties": {}
            },
            {
                "species": [
                    {
                        "element": "O",
                        "occu": 1
                    }
                ],
                "abc": [
                    0.82491301,
                    0.64982701,
                    0.68418851
                ],
                "xyz": [
                    2.956826422738943,
                    3.328009947767883,
                    4.9966885618665104
                ],
                "label": "O",
                "properties": {}
            },
            {
                "species": [
                    {
                        "element": "O",
                        "occu": 1
                    }
                ],
                "abc": [
                    0.64982701,
                    0.82491301,
                    0.31581149
                ],
                "xyz": [
                    1.4037281520166438,
                    4.224691588801683,
                    2.3063989481334897
                ],
                "label": "O",
                "properties": {}
            },
            {
                "species": [
                    {
                        "element": "O",
                        "occu": 1
                    }
                ],
                "abc": [
                    0.35017299,
                    0.17508699,
                    0.68418851
                ],
                "xyz": [
                    1.5531011979833567,
                    0.896686711198317,
                    4.9966885618665104
                ],
                "label": "O",
                "properties": {}
            },
            {
                "species": [
                    {
                        "element": "O",
                        "occu": 1
                    }
                ],
                "abc": [
                    0.5,
                    0.0,
                    0.0
                ],
                "xyz": [
                    2.95682935,
                    0.0,
                    0.0
                ],
                "label": "O",