{
    "mp_id": "mp-1019558",
    "nelements": 5,
    "nsites": 14,
    "elements": [
        "Ba",
        "Mg",
        "O",
        "Si",
        "Sr"
    ],
    "structure": {
        "@module": "pymatgen.core.structure",
        "@class": "Structure",
        "charge": null,
        "lattice": {
            "matrix": [
                [
                    5.48542065,
                    -0.0,
                    0.0
                ],
                [
                    -2.74270983,
                    4.75051348,
                    0.0
                ],
                [
                    0.0,
                    0.0,
                    7.00714682
                ]
            ],
            "a": 5.48542065,
            "b": 5.48542026970043,
            "c": 7.00714682,
            "alpha": 90.0,
            "beta": 90.0,
            "gamma": 119.99999632321199,
            "volume": 182.59618906073192
        },
        "sites": [
            {
                "species": [
                    {
                        "element": "Ba",
                        "occu": 1
                    }
                ],
                "abc": [
                    0.0,
                    0.0,
                    0.5
                ],
                "xyz": [
                    0.0,
                    0.0,
                    3.50357341
                ],
                "label": "Ba",
                "properties": {}
            },
            {
                "species": [
                    {
                        "element": "Sr",
                        "occu": 1
                    }
                ],
                "abc": [
                    0.666667,
                    0.333333,
                    0.16013188
                ],
                "xyz": [
                    2.7427132327101598,
                    1.58350290982884,
                    1.1220675937226217
                ],
                "label": "Sr",
                "properties": {}
            },
            {
                "species": [
                    {
                        "element": "Sr",
                        "occu": 1
                    }
                ],
                "abc": [
                    0.333333,
                    0.666667,
                    0.83986812
                ],
                "xyz": [
                    -2.412710160104581e-06,
                    3.1670105701711604,
                    5.885079226277378
                ],
                "label": "Sr",
                "properties": {}
            },
            {
                "species": [
                    {
                        "element": "Mg",
                        "occu": 1
                    }
                ],
                "abc": [
                    0.0,
                    0.0,
                    0.0
                ],
                "xyz": [
                    0.0,
                    0.0,
                    0.0
                ],
                "label": "Mg",
                "properties": {}
            },
            {
                "species": [
                    {
                        "element": "Si",
                        "occu": 1
                    }
                ],
                "abc": [
                    0.666667,
                    0.333333,
                    0.7278962
                ],
                "xyz": [
                    2.7427132327101598,
                    1.58350290982884,
                    5.100475543120084
                ],
                "label": "Si",
                "properties": {}
            },
            {
                "species": [
                    {
                        "element": "Si",
                        "occu": 1
                    }
                ],
                "abc": [
                    0.333333,
                    0.666667,
                    0.2721038
                ],
                "xyz": [
                    -2.412710160104581e-06,
                    3.1670105701711604,
                    1.906671276879916
                ],
                "label": "Si",
                "properties": {}
            },
            {
                "species": [
                    {
                        "element": "O",
                        "occu": 1
                    }
                ],
                "abc": [
                    0.666667,
                    0.333333,
                    0.49779072
                ],
                "xyz": [
                    2.7427132327101598,
                    1.58350290982884,
                    3.4880926606735105
                ],
                "label": "O",
                "properties": {}
            },
            {
                "species": [
                    {
                        "element": "O",
                        "occu": 1
                    }
                ],
                "abc": [
                    0.333333,
                    0.666667,
                    0.50220928
                ],
                "xyz": [
                    -2.412710160104581e-06,
                    3.1670105701711604,
                    3.5190541593264895
                ],
                "label": "O",
                "properties": {}
            },
            {
                "species": [
                    {
                        "element": "O",
                        "occu": 1
                    }
                ],
                "abc": [
                    0.34828396,
                    0.17414148,
                    0.82274151
                ],
                "xyz": [
                    1.4328644772410257,
                    0.8272614481671504,
                    5.765070555478498
                ],
                "label": "O",
                "properties": {}
            },
            {
                "species": [
                    {
                        "element": "O",
                        "occu": 1
                    }
                ],
                "abc": [
                    0.82585852,
                    0.65171604,
                    0.82274151
                ],
                "xyz": [
                    2.742713390309765,
                    3.09598583315222,
                    5.765070555478498
                ],
                "label": "O",
                "properties": {}
            },
            {
                "species": [
                    {
                        "element": "O",
                        "occu": 1
                    }
                ],
                "abc": [
                    0.82585852,
                    0.17414148,
                    0.82274151
                ],
                "xyz": [
                    4.05256183057969,
                    0.8272614481671504,
                    5.765070555478498
                ],
                "label": "O",
                "properties": {}
            },
            {
                "species": [
                    {
                        "element": "O",
                        "occu": 1
                    }
                ],
                "abc": [
                    0.65171604,
                    0.82585852,
                    0.17725849
                ],
                "xyz": [
                    1.3098463427589748,
                    3.9232520318328503,
                    1.2420762645215018
                ],
                "label": "O",
                "properties": {}
            },
            {
                "species": [
                    {
                        "element": "O",
                        "occu": 1
                    }
                ],
                "abc": [
                    0.17414148,
                    0.34828396,
                    0.17725849
                ],