{
    "mp_id": "mp-19212",
    "nelements": 3,
    "nsites": 14,
    "elements": [
        "Mo",
        "O",
        "Rb"
    ],
    "structure": {
        "@module": "pymatgen.core.structure",
        "@class": "Structure",
        "charge": null,
        "lattice": {
            "matrix": [
                [
                    6.3946881,
                    -3.11349992,
                    0.00442831
                ],
                [
                    6.3946881,
                    3.11349992,
                    0.00442831
                ],
                [
                    -3.40929285,
                    0.0,
                    7.05598878
                ]
            ],
            "a": 7.11237915595415,
            "b": 7.11237915595415,
            "c": 7.836469575041239,
            "alpha": 112.99145754330132,
            "beta": 112.99145754330132,
            "gamma": 51.921822867623185,
            "volume": 281.0615216133856
        },
        "sites": [
            {
                "species": [
                    {
                        "element": "Rb",
                        "occu": 1
                    }
                ],
                "abc": [
                    0.15641895,
                    0.15641895,
                    0.74713054
                ],
                "xyz": [
                    -0.546686011679649,
                    0.0,
                    5.273130050636291
                ],
                "label": "Rb",
                "properties": {}
            },
            {
                "species": [
                    {
                        "element": "Rb",
                        "occu": 1
                    }
                ],
                "abc": [
                    0.84358105,
                    0.84358105,
                    0.25286946
                ],
                "xyz": [
                    9.926769361679648,
                    0.0,
                    1.7917153493637097
                ],
                "label": "Rb",
                "properties": {}
            },
            {
                "species": [
                    {
                        "element": "Rb",
                        "occu": 1
                    }
                ],
                "abc": [
                    0.51319596,
                    0.51319596,
                    0.23871004
                ],
                "xyz": [
                    5.749623764164937,
                    0.0,
                    1.6888805455166063
                ],
                "label": "Rb",
                "properties": {}
            },
            {
                "species": [
                    {
                        "element": "Rb",
                        "occu": 1
                    }
                ],
                "abc": [
                    0.48680404,
                    0.48680404,
                    0.76128996
                ],
                "xyz": [
                    3.630459585835062,
                    0.0,
                    5.375964854483394
                ],
                "label": "Rb",
                "properties": {}
            },
            {
                "species": [
                    {
                        "element": "Mo",
                        "occu": 1
                    }
                ],
                "abc": [
                    0.82535964,
                    0.82535964,
                    0.77787577
                ],
                "xyz": [
                    7.903828635407322,
                    0.0,
                    5.495992602048677
                ],
                "label": "Mo",
                "properties": {}
            },
            {
                "species": [
                    {
                        "element": "Mo",
                        "occu": 1
                    }
                ],
                "abc": [
                    0.17464036,
                    0.17464036,
                    0.22212423
                ],
                "xyz": [
                    1.476254714592676,
                    0.0,
                    1.5688527979513225
                ],
                "label": "Mo",
                "properties": {}
            },
            {
                "species": [
                    {
                        "element": "O",
                        "occu": 1
                    }
                ],
                "abc": [
                    0.09312617,
                    0.62363742,
                    0.92364729
                ],
                "xyz": [
                    1.4344954977674025,
                    1.6517467344341001,
                    6.52041896629064
                ],
                "label": "O",
                "properties": {}
            },
            {
                "species": [
                    {
                        "element": "O",
                        "occu": 1
                    }
                ],
                "abc": [
                    0.37636258,
                    0.90687383,
                    0.07635271
                ],
                "xyz": [
                    7.945587852232598,
                    1.6517467344341004,
                    0.544426433709361
                ],
                "label": "O",
                "properties": {}
            },
            {
                "species": [
                    {
                        "element": "O",
                        "occu": 1
                    }
                ],
                "abc": [
                    0.90687383,
                    0.37636258,
                    0.07635271
                ],
                "xyz": [
                    7.945587852232598,
                    -1.6517467344341004,
                    0.544426433709361
                ],
                "label": "O",
                "properties": {}
            },
            {
                "species": [
                    {
                        "element": "O",
                        "occu": 1
                    }
                ],
                "abc": [
                    0.62363742,
                    0.09312617,
                    0.92364729
                ],
                "xyz": [
                    1.4344954977674025,
                    -1.6517467344341001,
                    6.52041896629064
                ],
                "label": "O",
                "properties": {}
            },
            {
                "species": [
                    {
                        "element": "O",
                        "occu": 1
                    }
                ],
                "abc": [
                    0.32774236,
                    0.32774236,
                    0.37289356
                ],
                "xyz": [
                    2.9203169907967856,
                    0.0,
                    2.63403546503468
                ],
                "label": "O",
                "properties": {}
            },
            {
                "species": [
                    {
                        "element": "O",
                        "occu": 1
                    }
                ],
                "abc": [
                    0.67225764,
                    0.67225764,
                    0.62710644
                ],
                "xyz": [
                    6.459766359203213,
                    0.0,
                    4.43080993496532
                ],
                "label": "O",
                "properties": {}
            },
            {
                "species": [
                    {
                        "element": "O",
                        "occu": 1
                    }
                ],
                "abc": [
                    0.90933017,
                    0.90933017,
                    0.64478588
                ],