{
    "mp_id": "mp-1228058",
    "nelements": 5,
    "nsites": 15,
    "elements": [
        "Ba",
        "Mg",
        "Nb",
        "O",
        "Ta"
    ],
    "structure": {
        "@module": "pymatgen.core.structure",
        "@class": "Structure",
        "charge": null,
        "lattice": {
            "matrix": [
                [
                    5.79193073,
                    0.0,
                    0.0
                ],
                [
                    -2.89596587,
                    5.01595964,
                    0.0
                ],
                [
                    0.0,
                    0.0,
                    7.11816552
                ]
            ],
            "a": 5.79193073,
            "b": 5.791931407597451,
            "c": 7.11816552,
            "alpha": 90.0,
            "beta": 90.0,
            "gamma": 120.00000189846655,
            "volume": 206.79759086951992
        },
        "sites": [
            {
                "species": [
                    {
                        "element": "Ba",
                        "occu": 1
                    }
                ],
                "abc": [
                    0.333333,
                    0.666667,
                    0.00082195
                ],
                "xyz": [
                    -3.232632199923202e-06,
                    3.34397476531988,
                    0.005850776149164
                ],
                "label": "Ba",
                "properties": {}
            },
            {
                "species": [
                    {
                        "element": "Ba",
                        "occu": 1
                    }
                ],
                "abc": [
                    0.666667,
                    0.333333,
                    0.66106463
                ],
                "xyz": [
                    2.8959680926322,
                    1.67198487468012,
                    4.705567455757558
                ],
                "label": "Ba",
                "properties": {}
            },
            {
                "species": [
                    {
                        "element": "Ba",
                        "occu": 1
                    }
                ],
                "abc": [
                    0.0,
                    0.0,
                    0.33673835
                ],
                "xyz": [
                    0.0,
                    0.0,
                    2.396959312231692
                ],
                "label": "Ba",
                "properties": {}
            },
            {
                "species": [
                    {
                        "element": "Mg",
                        "occu": 1
                    }
                ],
                "abc": [
                    0.333333,
                    0.666667,
                    0.49747725
                ],
                "xyz": [
                    -3.232632199923202e-06,
                    3.34397476531988,
                    3.5411254079344197
                ],
                "label": "Mg",
                "properties": {}
            },
            {
                "species": [
                    {
                        "element": "Ta",
                        "occu": 1
                    }
                ],
                "abc": [
                    0.666667,
                    0.333333,
                    0.17582763
                ],
                "xyz": [
                    2.8959680926322,
                    1.67198487468012,
                    1.2515701733293176
                ],
                "label": "Ta",
                "properties": {}
            },
            {
                "species": [
                    {
                        "element": "Nb",
                        "occu": 1
                    }
                ],
                "abc": [
                    0.0,
                    0.0,
                    0.82286832
                ],
                "xyz": [
                    0.0,
                    0.0,
                    5.857312902924326
                ],
                "label": "Nb",
                "properties": {}
            },
            {
                "species": [
                    {
                        "element": "O",
                        "occu": 1
                    }
                ],
                "abc": [
                    0.99120792,
                    0.49560446,
                    0.32652922
                ],
                "xyz": [
                    4.305754010487601,
                    2.4859319687639947,
                    2.3242890350764944
                ],
                "label": "O",
                "properties": {}
            },
            {
                "species": [
                    {
                        "element": "O",
                        "occu": 1
                    }
                ],
                "abc": [
                    0.50439554,
                    0.49560446,
                    0.32652922
                ],
                "xyz": [
                    1.4861704270211635,
                    2.4859319687639947,
                    2.3242890350764944
                ],
                "label": "O",
                "properties": {}
            },
            {
                "species": [
                    {
                        "element": "O",
                        "occu": 1
                    }
                ],
                "abc": [
                    0.50439554,
                    0.00879208,
                    0.32652922
                ],
                "xyz": [
                    2.8959624645946342,
                    0.044100718431651205,
                    2.3242890350764944
                ],
                "label": "O",
                "properties": {}
            },
            {
                "species": [
                    {
                        "element": "O",
                        "occu": 1
                    }
                ],
                "abc": [
                    0.67315121,
                    0.83657511,
                    0.67354788
                ],
                "xyz": [
                    1.476152212884188,
                    4.1962269875885605,
                    4.794425295485097
                ],
                "label": "O",
                "properties": {}
            },
            {
                "species": [
                    {
                        "element": "O",
                        "occu": 1
                    }
                ],
                "abc": [
                    0.16342489,
                    0.83657511,
                    0.67354788
                ],
                "xyz": [
                    -1.4761473238136258,
                    4.1962269875885605,
                    4.794425295485097
                ],
                "label": "O",
                "properties": {}
            },
            {
                "species": [
                    {
                        "element": "O",
                        "occu": 1
                    }
                ],
                "abc": [
                    0.16342489,
                    0.32684879,
                    0.67354788
                ],
                "xyz": [
                    2.7019470724143346e-06,
                    1.6394603390228357,
                    4.794425295485097
                ],
                "label": "O",
                "properties": {}
            },
            {
                "species": [
                    {
                        "element": "O",
                        "occu": 1
                    }
                ],
                "abc": [
                    0.83223404,
                    0.16776596,
                    0.00165552
                ],