{
    "mp_id": "mp-1095229",
    "nelements": 3,
    "nsites": 12,
    "elements": [
        "Nb",
        "O",
        "Y"
    ],
    "structure": {
        "@module": "pymatgen.core.structure",
        "@class": "Structure",
        "charge": null,
        "lattice": {
            "matrix": [
                [
                    -2.60067646,
                    2.60067646,
                    5.42243051
                ],
                [
                    2.60067646,
                    -2.60067646,
                    5.42243051
                ],
                [
                    2.60067646,
                    2.60067646,
                    -5.42243051
                ]
            ],
            "a": 6.552082778397654,
            "b": 6.552082778397654,
            "c": 6.552082778397654,
            "alpha": 133.2280002677894,
            "beta": 133.2280002677894,
            "gamma": 68.29631353965313,
            "volume": 146.69882650830638
        },
        "sites": [
            {
                "species": [
                    {
                        "element": "Y",
                        "occu": 1
                    }
                ],
                "abc": [
                    0.75,
                    0.25,
                    0.5
                ],
                "xyz": [
                    0.0,
                    2.60067646,
                    2.711215255
                ],
                "label": "Y",
                "properties": {}
            },
            {
                "species": [
                    {
                        "element": "Y",
                        "occu": 1
                    }
                ],
                "abc": [
                    0.0,
                    0.0,
                    0.0
                ],
                "xyz": [
                    0.0,
                    0.0,
                    0.0
                ],
                "label": "Y",
                "properties": {}
            },
            {
                "species": [
                    {
                        "element": "Nb",
                        "occu": 1
                    }
                ],
                "abc": [
                    0.25,
                    0.75,
                    0.5
                ],
                "xyz": [
                    2.60067646,
                    0.0,
                    2.711215255
                ],
                "label": "Nb",
                "properties": {}
            },
            {
                "species": [
                    {
                        "element": "Nb",
                        "occu": 1
                    }
                ],
                "abc": [
                    0.5,
                    0.5,
                    0.0
                ],
                "xyz": [
                    0.0,
                    0.0,
                    5.42243051
                ],
                "label": "Nb",
                "properties": {}
            },
            {
                "species": [
                    {
                        "element": "O",
                        "occu": 1
                    }
                ],
                "abc": [
                    0.34582656,
                    0.40768439,
                    0.44142851
                ],
                "xyz": [
                    1.3088849370775564,
                    0.9871405323821928,
                    1.6922453442912446
                ],
                "label": "O",
                "properties": {}
            },
            {
                "species": [
                    {
                        "element": "O",
                        "occu": 1
                    }
                ],
                "abc": [
                    0.96625488,
                    0.90439805,
                    0.55857149
                ],
                "xyz": [
                    1.291794123598903,
                    1.6135333269413472,
                    7.114670431860736
                ],
                "label": "O",
                "properties": {}
            },
            {
                "species": [
                    {
                        "element": "O",
                        "occu": 1
                    }
                ],
                "abc": [
                    0.65439805,
                    0.59582656,
                    0.43814317
                ],
                "xyz": [
                    0.9871431330586529,
                    1.2917941235989037,
                    4.403455176860734
                ],
                "label": "O",
                "properties": {}
            },
            {
                "species": [
                    {
                        "element": "O",
                        "occu": 1
                    }
                ],
                "abc": [
                    0.15768439,
                    0.21625488,
                    0.56185683
                ],
                "xyz": [
                    1.613530726264887,
                    1.3088849370775562,
                    -1.0189699107087553
                ],
                "label": "O",
                "properties": {}
            },
            {
                "species": [
                    {
                        "element": "O",
                        "occu": 1
                    }
                ],
                "abc": [
                    0.40417344,
                    0.84231561,
                    0.05857149
                ],
                "xyz": [
                    1.2917915229224433,
                    -0.9871405323821925,
                    6.441400420708755
                ],
                "label": "O",
                "properties": {}
            },
            {
                "species": [
                    {
                        "element": "O",
                        "occu": 1
                    }
                ],
                "abc": [
                    0.78374512,
                    0.34560195,
                    0.94142851
                ],
                "xyz": [
                    1.3088823364010964,
                    3.587819593058653,
                    1.0189753331392648
                ],
                "label": "O",
                "properties": {}
            },
            {
                "species": [
                    {
                        "element": "O",
                        "occu": 1
                    }
                ],
                "abc": [
                    0.09560195,
                    0.65417344,
                    0.06185683
                ],
                "xyz": [
                    1.6135333269413472,
                    -1.2917941235989034,
                    3.730190588139265
                ],
                "label": "O",
                "properties": {}
            },
            {
                "species": [
                    {
                        "element": "O",
                        "occu": 1
                    }
                ],
                "abc": [
                    0.59231561,
                    0.03374512,
                    0.93814317
                ],
                "xyz": [
                    0.9871457337351128,
                    3.892467982922444,
                    -1.6922453442912446
                ],
                "label": "O",
                "properties": {}
            }
        ]
    },
    "spacegroup": {
        "source": "spglib",
        "symbol": "I4_1/a",
        "number": 88,
        "point_group": "4/m",
        "crystal_system": "tetragonal",
        "hall": "I 4bw -1bw"
    },