{
    "mp_id": "mp-19163",
    "nelements": 3,
    "nsites": 12,
    "elements": [
        "O",
        "Sr",
        "W"
    ],
    "structure": {
        "@module": "pymatgen.core.structure",
        "@class": "Structure",
        "charge": null,
        "lattice": {
            "matrix": [
                [
                    -2.70754338,
                    2.70754332,
                    5.926205
                ],
                [
                    2.70754338,
                    -2.70754332,
                    5.926205
                ],
                [
                    2.70754332,
                    2.70754338,
                    -5.926205
                ]
            ],
            "a": 7.055599739659518,
            "b": 7.055599739659518,
            "c": 7.055599739659518,
            "alpha": 134.86843588730002,
            "beta": 134.86843588730002,
            "gamma": 65.73468925778862,
            "volume": 173.7750809260447
        },
        "sites": [
            {
                "species": [
                    {
                        "element": "Sr",
                        "occu": 1
                    }
                ],
                "abc": [
                    0.75,
                    0.25,
                    0.5
                ],
                "xyz": [
                    -2.999999981767587e-08,
                    2.7075433500000003,
                    2.9631025
                ],
                "label": "Sr",
                "properties": {}
            },
            {
                "species": [
                    {
                        "element": "Sr",
                        "occu": 1
                    }
                ],
                "abc": [
                    0.0,
                    0.0,
                    0.0
                ],
                "xyz": [
                    0.0,
                    0.0,
                    0.0
                ],
                "label": "Sr",
                "properties": {}
            },
            {
                "species": [
                    {
                        "element": "W",
                        "occu": 1
                    }
                ],
                "abc": [
                    0.25,
                    0.75,
                    0.5
                ],
                "xyz": [
                    2.70754335,
                    2.999999981767587e-08,
                    2.9631025
                ],
                "label": "W",
                "properties": {}
            },
            {
                "species": [
                    {
                        "element": "W",
                        "occu": 1
                    }
                ],
                "abc": [
                    0.5,
                    0.5,
                    0.0
                ],
                "xyz": [
                    0.0,
                    0.0,
                    5.926205
                ],
                "label": "W",
                "properties": {}
            },
            {
                "species": [
                    {
                        "element": "O",
                        "occu": 1
                    }
                ],
                "abc": [
                    0.4388945,
                    0.81965748,
                    0.09125938
                ],
                "xyz": [
                    1.2780210105544143,
                    -0.7838435328203894,
                    6.917615242583001
                ],
                "label": "O",
                "properties": {}
            },
            {
                "species": [
                    {
                        "element": "O",
                        "occu": 1
                    }
                ],
                "abc": [
                    0.56965748,
                    0.9783981,
                    0.88076198
                ],
                "xyz": [
                    3.4913841752770693,
                    1.2780183330110342,
                    3.9545186687880003
                ],
                "label": "O",
                "properties": {}
            },
            {
                "species": [
                    {
                        "element": "O",
                        "occu": 1
                    }
                ],
                "abc": [
                    0.09763512,
                    0.6888945,
                    0.11923802
                ],
                "xyz": [
                    1.9237025247229307,
                    -1.278018273011034,
                    3.9545068163780006
                ],
                "label": "O",
                "properties": {}
            },
            {
                "species": [
                    {
                        "element": "O",
                        "occu": 1
                    }
                ],
                "abc": [
                    0.7283981,
                    0.34763512,
                    0.90874062
                ],
                "xyz": [
                    1.4295223094455858,
                    3.4913869128203894,
                    0.9914102425830009
                ],
                "label": "O",
                "properties": {}
            },
            {
                "species": [
                    {
                        "element": "O",
                        "occu": 1
                    }
                ],
                "abc": [
                    0.0216019,
                    0.90236488,
                    0.59125938
                ],
                "xyz": [
                    3.985564360554414,
                    -0.7838435028203892,
                    1.9716922574170002
                ],
                "label": "O",
                "properties": {}
            },
            {
                "species": [
                    {
                        "element": "O",
                        "occu": 1
                    }
                ],
                "abc": [
                    0.65236488,
                    0.5611055,
                    0.38076198
                ],
                "xyz": [
                    0.7838408252770692,
                    1.2780183030110341,
                    4.934800683622001
                ],
                "label": "O",
                "properties": {}
            },
            {
                "species": [
                    {
                        "element": "O",
                        "occu": 1
                    }
                ],
                "abc": [
                    0.18034252,
                    0.2716019,
                    0.61923802
                ],
                "xyz": [
                    1.9237024947229309,
                    1.429525076988966,
                    -0.9914161687879997
                ],
                "label": "O",
                "properties": {}
            },
            {
                "species": [
                    {
                        "element": "O",
                        "occu": 1
                    }
                ],
                "abc": [
                    0.3111055,
                    0.43034252,
                    0.40874062
                ],
                "xyz": [
                    1.4295223394455863,
                    0.7838435628203891,
                    1.9716922574170002
                ],
                "label": "O",
                "properties": {}
            }
        ]
    },
    "spacegroup": {
        "source": "spglib",
        "symbol": "I4_1/a",
        "number": 88,
        "point_group": "4/m",
        "crystal_system": "tetragonal",
        "hall": "I 4bw -1bw"
    },