{
    "mp_id": "mp-14398",
    "nelements": 4,
    "nsites": 10,
    "elements": [
        "B",
        "Ca",
        "O",
        "Sn"
    ],
    "structure": {
        "@module": "pymatgen.core.structure",
        "@class": "Structure",
        "charge": null,
        "lattice": {
            "matrix": [
                [
                    2.43693505,
                    1.40696559,
                    5.34795896
                ],
                [
                    -2.43693511,
                    1.40696549,
                    5.34795896
                ],
                [
                    6e-08,
                    -2.81393009,
                    5.34795896
                ]
            ],
            "a": 6.043084448128028,
            "b": 6.043084449041395,
            "c": 6.0430842778544545,
            "alpha": 47.56429186197399,
            "beta": 47.56429183058912,
            "gamma": 47.56428882965684,
            "volume": 110.01873186510244
        },
        "sites": [
            {
                "species": [
                    {
                        "element": "Ca",
                        "occu": 1
                    }
                ],
                "abc": [
                    0.0,
                    0.0,
                    0.0
                ],
                "xyz": [
                    0.0,
                    0.0,
                    0.0
                ],
                "label": "Ca",
                "properties": {}
            },
            {
                "species": [
                    {
                        "element": "Sn",
                        "occu": 1
                    }
                ],
                "abc": [
                    0.5,
                    0.5,
                    0.5
                ],
                "xyz": [
                    1.8232412644661887e-16,
                    4.949999998782317e-07,
                    8.02193844
                ],
                "label": "Sn",
                "properties": {}
            },
            {
                "species": [
                    {
                        "element": "B",
                        "occu": 1
                    }
                ],
                "abc": [
                    0.23956882,
                    0.23956882,
                    0.23956882
                ],
                "xyz": [
                    9.079300832121277e-17,
                    2.3717313180071642e-07,
                    3.843612652366881
                ],
                "label": "B",
                "properties": {}
            },
            {
                "species": [
                    {
                        "element": "B",
                        "occu": 1
                    }
                ],
                "abc": [
                    0.76043118,
                    0.76043118,
                    0.76043118
                ],
                "xyz": [
                    1.6283293880078685e-16,
                    7.528268683998363e-07,
                    12.200264227633117
                ],
                "label": "B",
                "properties": {}
            },
            {
                "species": [
                    {
                        "element": "O",
                        "occu": 1
                    }
                ],
                "abc": [
                    0.51232091,
                    0.26762925,
                    0.94695277
                ],
                "xyz": [
                    0.5962977234560944,
                    -1.5672958830397798,
                    9.235405997543753
                ],
                "label": "O",
                "properties": {}
            },
            {
                "species": [
                    {
                        "element": "O",
                        "occu": 1
                    }
                ],
                "abc": [
                    0.26762925,
                    0.94695277,
                    0.51232091
                ],
                "xyz": [
                    -1.6554673222552876,
                    0.2672397892922327,
                    9.235405997543753
                ],
                "label": "O",
                "properties": {}
            },
            {
                "species": [
                    {
                        "element": "O",
                        "occu": 1
                    }
                ],
                "abc": [
                    0.05304723,
                    0.48767909,
                    0.73237075
                ],
                "xyz": [
                    -1.0591695987991931,
                    -1.3000568133814476,
                    6.8084708824562465
                ],
                "label": "O",
                "properties": {}
            },
            {
                "species": [
                    {
                        "element": "O",
                        "occu": 1
                    }
                ],
                "abc": [
                    0.48767909,
                    0.73237075,
                    0.05304723
                ],
                "xyz": [
                    -0.596297723456094,
                    1.5672968730397798,
                    6.8084708824562465
                ],
                "label": "O",
                "properties": {}
            },
            {
                "species": [
                    {
                        "element": "O",
                        "occu": 1
                    }
                ],
                "abc": [
                    0.73237075,
                    0.05304723,
                    0.48767909
                ],
                "xyz": [
                    1.6554673222552876,
                    -0.2672387992922327,
                    6.8084708824562465
                ],
                "label": "O",
                "properties": {}
            },
            {
                "species": [
                    {
                        "element": "O",
                        "occu": 1
                    }
                ],
                "abc": [
                    0.94695277,
                    0.51232091,
                    0.26762925
                ],
                "xyz": [
                    1.0591695987991934,
                    1.3000578033814478,
                    9.23540599754375
                ],
                "label": "O",
                "properties": {}
            }
        ]
    },
    "spacegroup": {
        "source": "spglib",
        "symbol": "R-3",
        "number": 148,
        "point_group": "-3",
        "crystal_system": "trigonal",
        "hall": "-R 3"
    },
    "dielectric": {
        "epsilon_ionic": [
            [
                6.13223833,
                4.9e-07,
                -5.7e-07
            ],
            [
                4.9e-07,
                6.13225346,
                1e-07
            ],
            [
                -5.7e-07,
                1e-07,
                5.14496619
            ]
        ],
        "epsilon_ionic_avg": 5.803152659999998,
        "epsilon_ionic_eig": [
            5.144966189999657,
            6.132238314147803,
            6.132253475852531
        ],
        "epsilon_electronic": [
            [
                3.457229,
                -8.9e-07,
                -0.0
            ],
            [
                8.9e-07,
                3.45722862,
                0.0
            ],
            [
                -0.0,
                0.0,
                2.9532758
            ]
        ],
        "epsilon_electronic_avg": 3.2892444733333335,
        "epsilon_electronic_eig": [
            3.4572288099999997,
            3.4572288099999997,
            2.9532758
        ]
    },
    "phonon": {
        "lowest_freq": -0.006630653060592615,