{
    "mp_id": "mp-19420",
    "nelements": 4,
    "nsites": 10,
    "elements": [
        "Mg",
        "O",
        "Sr",
        "W"
    ],
    "structure": {
        "@module": "pymatgen.core.structure",
        "@class": "Structure",
        "charge": null,
        "lattice": {
            "matrix": [
                [
                    -2.77726968,
                    2.77726963,
                    3.98416679
                ],
                [
                    2.77726968,
                    -2.77726963,
                    3.98416679
                ],
                [
                    2.77726963,
                    2.77726968,
                    -3.98416679
                ]
            ],
            "a": 5.594643731615673,
            "b": 5.594643731615673,
            "c": 5.594643731615673,
            "alpha": 120.47369098668037,
            "beta": 120.47369098668037,
            "gamma": 89.18148275083672,
            "volume": 122.92312723054934
        },
        "sites": [
            {
                "species": [
                    {
                        "element": "Sr",
                        "occu": 1
                    }
                ],
                "abc": [
                    0.75,
                    0.25,
                    0.5
                ],
                "xyz": [
                    -2.4999999848063226e-08,
                    2.7772696550000004,
                    1.992083395
                ],
                "label": "Sr",
                "properties": {}
            },
            {
                "species": [
                    {
                        "element": "Sr",
                        "occu": 1
                    }
                ],
                "abc": [
                    0.25,
                    0.75,
                    0.5
                ],
                "xyz": [
                    2.777269655,
                    2.499999962601862e-08,
                    1.992083395
                ],
                "label": "Sr",
                "properties": {}
            },
            {
                "species": [
                    {
                        "element": "Mg",
                        "occu": 1
                    }
                ],
                "abc": [
                    0.0,
                    0.0,
                    0.0
                ],
                "xyz": [
                    0.0,
                    0.0,
                    0.0
                ],
                "label": "Mg",
                "properties": {}
            },
            {
                "species": [
                    {
                        "element": "W",
                        "occu": 1
                    }
                ],
                "abc": [
                    0.5,
                    0.5,
                    0.0
                ],
                "xyz": [
                    0.0,
                    0.0,
                    3.98416679
                ],
                "label": "W",
                "properties": {}
            },
            {
                "species": [
                    {
                        "element": "O",
                        "occu": 1
                    }
                ],
                "abc": [
                    0.74164737,
                    0.74164737,
                    0.0
                ],
                "xyz": [
                    0.0,
                    0.0,
                    5.909693642889685
                ],
                "label": "O",
                "properties": {}
            },
            {
                "species": [
                    {
                        "element": "O",
                        "occu": 1
                    }
                ],
                "abc": [
                    0.25835263,
                    0.25835263,
                    0.0
                ],
                "xyz": [
                    0.0,
                    0.0,
                    2.058639937110316
                ],
                "label": "O",
                "properties": {}
            },
            {
                "species": [
                    {
                        "element": "O",
                        "occu": 1
                    }
                ],
                "abc": [
                    0.70159005,
                    0.78106547,
                    0.48265551
                ],
                "xyz": [
                    1.5611891639464273,
                    1.119739843510442,
                    3.984166829841668
                ],
                "label": "O",
                "properties": {}
            },
            {
                "species": [
                    {
                        "element": "O",
                        "occu": 1
                    }
                ],
                "abc": [
                    0.78106547,
                    0.29840995,
                    0.07947542
                ],
                "xyz": [
                    -1.1197398712831395,
                    1.5611891917191234,
                    3.98416679
                ],
                "label": "O",
                "properties": {}
            },
            {
                "species": [
                    {
                        "element": "O",
                        "occu": 1
                    }
                ],
                "abc": [
                    0.29840995,
                    0.21893453,
                    0.51734449
                ],
                "xyz": [
                    1.2160804660535733,
                    1.6575298364895579,
                    -3.984166818682411e-08
                ],
                "label": "O",
                "properties": {}
            },
            {
                "species": [
                    {
                        "element": "O",
                        "occu": 1
                    }
                ],
                "abc": [
                    0.21893453,
                    0.70159005,
                    0.92052458
                ],
                "xyz": [
                    3.897009501283139,
                    1.2160804882808767,
                    -4.440892098500626e-16
                ],
                "label": "O",
                "properties": {}
            }
        ]
    },
    "spacegroup": {
        "source": "spglib",
        "symbol": "I4/m",
        "number": 87,
        "point_group": "4/m",
        "crystal_system": "tetragonal",
        "hall": "-I 4"
    },
    "dielectric": {
        "epsilon_ionic": [
            [
                17.16939815,
                -0.00150375,
                -1e-08
            ],
            [
                -0.00150375,
                17.16984957,
                -1e-08
            ],
            [
                -1e-08,
                -1e-08,
                13.46602512
            ]
        ],
        "epsilon_ionic_avg": 15.935090946666664,
        "epsilon_ionic_eig": [
            17.168103265028744,
            17.17114445497125,
            13.46602512
        ],
        "epsilon_electronic": [
            [
                4.3201043,
                9.3e-07,
                0.0
            ],
            [
                -9.3e-07,
                4.3201043,
                0.0
            ],
            [
                0.0,
                0.0,
                4.38605654
            ]
        ],
        "epsilon_electronic_avg": 4.34208838,
        "epsilon_electronic_eig": [
            4.3201043,
            4.3201043,
            4.38605654
        ]
    },
    "phonon": {
        "lowest_freq": -0.030254854223573574,