{
    "mp_id": "mp-1178403",
    "nelements": 3,
    "nsites": 12,
    "elements": [
        "Cs",
        "O",
        "Ti"
    ],
    "structure": {
        "@module": "pymatgen.core.structure",
        "@class": "Structure",
        "charge": null,
        "lattice": {
            "matrix": [
                [
                    5.5189029,
                    -3.79262009,
                    0.0
                ],
                [
                    5.5189029,
                    3.79262009,
                    0.0
                ],
                [
                    0.0,
                    0.0,
                    5.61009101
                ]
            ],
            "a": 6.696436094423661,
            "b": 6.696436094423661,
            "c": 5.61009101,
            "alpha": 90.0,
            "beta": 90.0,
            "gamma": 68.99412219384737,
            "volume": 234.85077446840614
        },
        "sites": [
            {
                "species": [
                    {
                        "element": "Cs",
                        "occu": 1
                    }
                ],
                "abc": [
                    0.49031557,
                    0.18506297,
                    0.75
                ],
                "xyz": [
                    3.7273485830037654,
                    -1.1577071432847341,
                    4.2075682575
                ],
                "label": "Cs",
                "properties": {}
            },
            {
                "species": [
                    {
                        "element": "Cs",
                        "occu": 1
                    }
                ],
                "abc": [
                    0.18506297,
                    0.49031557,
                    0.25
                ],
                "xyz": [
                    3.7273485830037654,
                    1.1577071432847341,
                    1.4025227525
                ],
                "label": "Cs",
                "properties": {}
            },
            {
                "species": [
                    {
                        "element": "Cs",
                        "occu": 1
                    }
                ],
                "abc": [
                    0.50968443,
                    0.81493703,
                    0.25
                ],
                "xyz": [
                    7.310457216996232,
                    1.1577071432847343,
                    1.4025227525
                ],
                "label": "Cs",
                "properties": {}
            },
            {
                "species": [
                    {
                        "element": "Cs",
                        "occu": 1
                    }
                ],
                "abc": [
                    0.81493703,
                    0.50968443,
                    0.75
                ],
                "xyz": [
                    7.310457216996232,
                    -1.1577071432847343,
                    4.2075682575
                ],
                "label": "Cs",
                "properties": {}
            },
            {
                "species": [
                    {
                        "element": "Ti",
                        "occu": 1
                    }
                ],
                "abc": [
                    0.9230585,
                    0.0769415,
                    0.25
                ],
                "xyz": [
                    5.5189029,
                    -3.2090003326905303,
                    1.4025227525
                ],
                "label": "Ti",
                "properties": {}
            },
            {
                "species": [
                    {
                        "element": "Ti",
                        "occu": 1
                    }
                ],
                "abc": [
                    0.0769415,
                    0.9230585,
                    0.75
                ],
                "xyz": [
                    5.5189029,
                    3.2090003326905303,
                    4.2075682575
                ],
                "label": "Ti",
                "properties": {}
            },
            {
                "species": [
                    {
                        "element": "O",
                        "occu": 1
                    }
                ],
                "abc": [
                    0.11641279,
                    0.11641279,
                    0.0
                ],
                "xyz": [
                    1.284941768656182,
                    0.0,
                    0.0
                ],
                "label": "O",
                "properties": {}
            },
            {
                "species": [
                    {
                        "element": "O",
                        "occu": 1
                    }
                ],
                "abc": [
                    0.11641279,
                    0.11641279,
                    0.5
                ],
                "xyz": [
                    1.284941768656182,
                    0.0,
                    2.805045505
                ],
                "label": "O",
                "properties": {}
            },
            {
                "species": [
                    {
                        "element": "O",
                        "occu": 1
                    }
                ],
                "abc": [
                    0.31667181,
                    0.68332819,
                    0.75
                ],
                "xyz": [
                    5.5189029,
                    1.390588352914674,
                    4.2075682575
                ],
                "label": "O",
                "properties": {}
            },
            {
                "species": [
                    {
                        "element": "O",
                        "occu": 1
                    }
                ],
                "abc": [
                    0.68332819,
                    0.31667181,
                    0.25
                ],
                "xyz": [
                    5.5189029,
                    -1.390588352914674,
                    1.4025227525
                ],
                "label": "O",
                "properties": {}
            },
            {
                "species": [
                    {
                        "element": "O",
                        "occu": 1
                    }
                ],
                "abc": [
                    0.88358721,
                    0.88358721,
                    0.0
                ],
                "xyz": [
                    9.752864031343817,
                    0.0,
                    0.0
                ],
                "label": "O",
                "properties": {}
            },
            {
                "species": [
                    {
                        "element": "O",
                        "occu": 1
                    }
                ],
                "abc": [
                    0.88358721,
                    0.88358721,
                    0.5
                ],
                "xyz": [
                    9.752864031343817,
                    0.0,
                    2.805045505
                ],
                "label": "O",
                "properties": {}
            }
        ]
    },
    "spacegroup": {
        "source": "spglib",
        "symbol": "Cmcm",
        "number": 63,
        "point_group": "mmm",
        "crystal_system": "orthorhombic",
        "hall": "-C 2c 2"
    },
    "dielectric": {
        "epsilon_ionic": [
            [
                6.6367793,
                0.0,
                -0.0
            ],
            [
                0.0,
                5.38146377,
                0.0
            ],
            [
                -0.0,
                0.0,
                12.76129084
            ]
        ],