{
    "mp_id": "mp-19447",
    "nelements": 4,
    "nsites": 16,
    "elements": [
        "Cs",
        "Na",
        "O",
        "V"
    ],
    "structure": {
        "@module": "pymatgen.core.structure",
        "@class": "Structure",
        "charge": null,
        "lattice": {
            "matrix": [
                [
                    6.02510622,
                    0.0,
                    -1.634e-05
                ],
                [
                    0.0,
                    6.12328493,
                    0.0
                ],
                [
                    -0.45632405,
                    0.0,
                    8.22565677
                ]
            ],
            "a": 6.025106220022156,
            "b": 6.12328493,
            "c": 8.23830449403609,
            "alpha": 90.0,
            "beta": 93.17542405686126,
            "gamma": 90.0,
            "volume": 303.47274627399815
        },
        "sites": [
            {
                "species": [
                    {
                        "element": "Cs",
                        "occu": 1
                    }
                ],
                "abc": [
                    0.80175935,
                    0.25,
                    0.51446191
                ],
                "xyz": [
                    4.595923904286222,
                    1.5308212325,
                    4.231773992150852
                ],
                "label": "Cs",
                "properties": {}
            },
            {
                "species": [
                    {
                        "element": "Cs",
                        "occu": 1
                    }
                ],
                "abc": [
                    0.19824065,
                    0.75,
                    0.48553809
                ],
                "xyz": [
                    0.9728582657137784,
                    4.5924636974999995,
                    3.993866437849148
                ],
                "label": "Cs",
                "properties": {}
            },
            {
                "species": [
                    {
                        "element": "Cs",
                        "occu": 1
                    }
                ],
                "abc": [
                    0.64986137,
                    0.75,
                    0.18097505
                ],
                "xyz": [
                    3.8329005147597686,
                    4.5924636974999995,
                    1.488628026498803
                ],
                "label": "Cs",
                "properties": {}
            },
            {
                "species": [
                    {
                        "element": "Cs",
                        "occu": 1
                    }
                ],
                "abc": [
                    0.35013863,
                    0.25,
                    0.81902495
                ],
                "xyz": [
                    1.735881655240231,
                    1.5308212325,
                    6.737012403501197
                ],
                "label": "Cs",
                "properties": {}
            },
            {
                "species": [
                    {
                        "element": "Na",
                        "occu": 1
                    }
                ],
                "abc": [
                    0.12612175,
                    0.75,
                    0.97246565
                ],
                "xyz": [
                    0.31613747650840246,
                    4.5924636974999995,
                    7.999166596685556
                ],
                "label": "Na",
                "properties": {}
            },
            {
                "species": [
                    {
                        "element": "Na",
                        "occu": 1
                    }
                ],
                "abc": [
                    0.87387825,
                    0.25,
                    0.02753435
                ],
                "xyz": [
                    5.252644693491597,
                    1.5308212325,
                    0.2264738333144445
                ],
                "label": "Na",
                "properties": {}
            },
            {
                "species": [
                    {
                        "element": "V",
                        "occu": 1
                    }
                ],
                "abc": [
                    0.2964518,
                    0.25,
                    0.2424252
                ],
                "xyz": [
                    1.675529135024136,
                    1.5308212325,
                    1.994101643576192
                ],
                "label": "V",
                "properties": {}
            },
            {
                "species": [
                    {
                        "element": "V",
                        "occu": 1
                    }
                ],
                "abc": [
                    0.7035482,
                    0.75,
                    0.7575748
                ],
                "xyz": [
                    3.893253034975863,
                    4.5924636974999995,
                    6.231538786423808
                ],
                "label": "V",
                "properties": {}
            },
            {
                "species": [
                    {
                        "element": "O",
                        "occu": 1
                    }
                ],
                "abc": [
                    0.15515965,
                    0.02189757,
                    0.16614093
                ],
                "xyz": [
                    0.8590392702596565,
                    0.1340850603846201,
                    1.3666157303199151
                ],
                "label": "O",
                "properties": {}
            },
            {
                "species": [
                    {
                        "element": "O",
                        "occu": 1
                    }
                ],
                "abc": [
                    0.84484035,
                    0.52189757,
                    0.83385907
                ],
                "xyz": [
                    4.709742899740343,
                    3.19572752538462,
                    6.859024699680086
                ],
                "label": "O",
                "properties": {}
            },
            {
                "species": [
                    {
                        "element": "O",
                        "occu": 1
                    }
                ],
                "abc": [
                    0.84484035,
                    0.97810243,
                    0.83385907
                ],
                "xyz": [
                    4.709742899740343,
                    5.989199869615379,
                    6.859024699680086
                ],
                "label": "O",
                "properties": {}
            },
            {
                "species": [
                    {
                        "element": "O",
                        "occu": 1
                    }
                ],
                "abc": [
                    0.15515965,
                    0.47810243,
                    0.16614093
                ],
                "xyz": [
                    0.8590392702596565,
                    2.92755740461538,
                    1.3666157303199151
                ],
                "label": "O",
                "properties": {}
            },
            {
                "species": [
                    {
                        "element": "O",
                        "occu": 1
                    }
                ],
                "abc": [
                    0.43312199,
                    0.75,
                    0.82040549
                ],