{
    "mp_id": "mp-1186878",
    "nelements": 3,
    "nsites": 15,
    "elements": [
        "Mo",
        "O",
        "Ta"
    ],
    "structure": {
        "@module": "pymatgen.core.structure",
        "@class": "Structure",
        "charge": null,
        "lattice": {
            "matrix": [
                [
                    2.84026151,
                    1.63982585,
                    8.66241823
                ],
                [
                    -2.84026151,
                    1.63982585,
                    8.66241823
                ],
                [
                    0.0,
                    -3.2796507,
                    8.66241823
                ]
            ],
            "a": 9.262483676366292,
            "b": 9.262483676366292,
            "c": 9.262483376797329,
            "alpha": 35.71388731890897,
            "beta": 35.71388731890897,
            "gamma": 35.71389061720322,
            "volume": 242.0730080899789
        },
        "sites": [
            {
                "species": [
                    {
                        "element": "Ta",
                        "occu": 1
                    }
                ],
                "abc": [
                    0.37195826,
                    0.37195826,
                    0.37195826
                ],
                "xyz": [
                    0.0,
                    3.719582599703841e-07,
                    9.666174036669238
                ],
                "label": "Ta",
                "properties": {}
            },
            {
                "species": [
                    {
                        "element": "Ta",
                        "occu": 1
                    }
                ],
                "abc": [
                    0.62804174,
                    0.62804174,
                    0.62804174
                ],
                "xyz": [
                    0.0,
                    6.280417399473492e-07,
                    16.32108065333076
                ],
                "label": "Ta",
                "properties": {}
            },
            {
                "species": [
                    {
                        "element": "Mo",
                        "occu": 1
                    }
                ],
                "abc": [
                    0.11193674,
                    0.11193674,
                    0.11193674
                ],
                "xyz": [
                    0.0,
                    1.1193673998821652e-07,
                    2.908928571548311
                ],
                "label": "Mo",
                "properties": {}
            },
            {
                "species": [
                    {
                        "element": "Mo",
                        "occu": 1
                    }
                ],
                "abc": [
                    0.88806326,
                    0.88806326,
                    0.88806326
                ],
                "xyz": [
                    0.0,
                    8.880632602625838e-07,
                    23.078326118451688
                ],
                "label": "Mo",
                "properties": {}
            },
            {
                "species": [
                    {
                        "element": "O",
                        "occu": 1
                    }
                ],
                "abc": [
                    0.25680513,
                    0.73903159,
                    0.73903159
                ],
                "xyz": [
                    -1.3696492534415543,
                    -0.7907666756304008,
                    15.02815487519329
                ],
                "label": "O",
                "properties": {}
            },
            {
                "species": [
                    {
                        "element": "O",
                        "occu": 1
                    }
                ],
                "abc": [
                    0.73903159,
                    0.25680513,
                    0.73903159
                ],
                "xyz": [
                    1.3696492534415543,
                    -0.7907666756304008,
                    15.02815487519329
                ],
                "label": "O",
                "properties": {}
            },
            {
                "species": [
                    {
                        "element": "O",
                        "occu": 1
                    }
                ],
                "abc": [
                    0.73903159,
                    0.73903159,
                    0.25680513
                ],
                "xyz": [
                    0.0,
                    1.581535086129112,
                    15.028154875193291
                ],
                "label": "O",
                "properties": {}
            },
            {
                "species": [
                    {
                        "element": "O",
                        "occu": 1
                    }
                ],
                "abc": [
                    0.26096841,
                    0.74319487,
                    0.26096841
                ],
                "xyz": [
                    -1.3696492534415547,
                    0.790767675630401,
                    10.959099814806706
                ],
                "label": "O",
                "properties": {}
            },
            {
                "species": [
                    {
                        "element": "O",
                        "occu": 1
                    }
                ],
                "abc": [
                    0.74319487,
                    0.26096841,
                    0.26096841
                ],
                "xyz": [
                    1.3696492534415547,
                    0.790767675630401,
                    10.959099814806706
                ],
                "label": "O",
                "properties": {}
            },
            {
                "species": [
                    {
                        "element": "O",
                        "occu": 1
                    }
                ],
                "abc": [
                    0.26096841,
                    0.26096841,
                    0.74319487
                ],
                "xyz": [
                    0.0,
                    -1.5815340861291116,
                    10.959099814806708
                ],
                "label": "O",
                "properties": {}
            },
            {
                "species": [
                    {
                        "element": "O",
                        "occu": 1
                    }
                ],
                "abc": [
                    0.17805169,
                    0.17805169,
                    0.17805169
                ],
                "xyz": [
                    0.0,
                    1.7805169005846722e-07,
                    4.6270746160149265
                ],
                "label": "O",
                "properties": {}
            },
            {
                "species": [
                    {
                        "element": "O",
                        "occu": 1
                    }
                ],
                "abc": [
                    0.82194831,
                    0.82194831,
                    0.82194831
                ],
                "xyz": [
                    0.0,
                    8.219483098592661e-07,
                    21.360180073985077
                ],
                "label": "O",
                "properties": {}
            },
            {
                "species": [
                    {
                        "element": "O",
                        "occu": 1
                    }
                ],
                "abc": [
                    0.5,
                    0.5,
                    0.0
                ],