{
    "mp_id": "mp-19241",
    "nelements": 3,
    "nsites": 10,
    "elements": [
        "Ba",
        "Ni",
        "O"
    ],
    "structure": {
        "@module": "pymatgen.core.structure",
        "@class": "Structure",
        "charge": null,
        "lattice": {
            "matrix": [
                [
                    5.62152741,
                    0.0,
                    0.0
                ],
                [
                    -2.8107637,
                    4.86838505,
                    0.0
                ],
                [
                    0.0,
                    0.0,
                    4.73549983
                ]
            ],
            "a": 5.62152741,
            "b": 5.621526978704379,
            "c": 4.73549983,
            "alpha": 90.0,
            "beta": 90.0,
            "gamma": 120.00000247910349,
            "volume": 129.60002283225995
        },
        "sites": [
            {
                "species": [
                    {
                        "element": "Ba",
                        "occu": 1
                    }
                ],
                "abc": [
                    0.666667,
                    0.333333,
                    0.75
                ],
                "xyz": [
                    2.8107665174303698,
                    1.62279339387165,
                    3.5516248725
                ],
                "label": "Ba",
                "properties": {}
            },
            {
                "species": [
                    {
                        "element": "Ba",
                        "occu": 1
                    }
                ],
                "abc": [
                    0.333333,
                    0.666667,
                    0.25
                ],
                "xyz": [
                    -2.8074303701774994e-06,
                    3.24559165612835,
                    1.1838749575
                ],
                "label": "Ba",
                "properties": {}
            },
            {
                "species": [
                    {
                        "element": "Ni",
                        "occu": 1
                    }
                ],
                "abc": [
                    0.0,
                    0.0,
                    0.5
                ],
                "xyz": [
                    0.0,
                    0.0,
                    2.367749915
                ],
                "label": "Ni",
                "properties": {}
            },
            {
                "species": [
                    {
                        "element": "Ni",
                        "occu": 1
                    }
                ],
                "abc": [
                    0.0,
                    0.0,
                    0.0
                ],
                "xyz": [
                    0.0,
                    0.0,
                    0.0
                ],
                "label": "Ni",
                "properties": {}
            },
            {
                "species": [
                    {
                        "element": "O",
                        "occu": 1
                    }
                ],
                "abc": [
                    0.85292732,
                    0.14707268,
                    0.25
                ],
                "xyz": [
                    4.381367757912125,
                    0.7160064365754341,
                    1.1838749575
                ],
                "label": "O",
                "properties": {}
            },
            {
                "species": [
                    {
                        "element": "O",
                        "occu": 1
                    }
                ],
                "abc": [
                    0.70585464,
                    0.85292732,
                    0.75
                ],
                "xyz": [
                    1.5706040564413977,
                    4.152378613424566,
                    3.5516248725
                ],
                "label": "O",
                "properties": {}
            },
            {
                "species": [
                    {
                        "element": "O",
                        "occu": 1
                    }
                ],
                "abc": [
                    0.14707268,
                    0.29414536,
                    0.75
                ],
                "xyz": [
                    1.4707267625979625e-09,
                    1.4320128731508681,
                    3.5516248725
                ],
                "label": "O",
                "properties": {}
            },
            {
                "species": [
                    {
                        "element": "O",
                        "occu": 1
                    }
                ],
                "abc": [
                    0.85292732,
                    0.70585464,
                    0.25
                ],
                "xyz": [
                    2.810763708529273,
                    3.4363721768491318,
                    1.1838749575
                ],
                "label": "O",
                "properties": {}
            },
            {
                "species": [
                    {
                        "element": "O",
                        "occu": 1
                    }
                ],
                "abc": [
                    0.14707268,
                    0.85292732,
                    0.75
                ],
                "xyz": [
                    -1.5706040479121253,
                    4.152378613424566,
                    3.5516248725
                ],
                "label": "O",
                "properties": {}
            },
            {
                "species": [
                    {
                        "element": "O",
                        "occu": 1
                    }
                ],
                "abc": [
                    0.29414536,
                    0.14707268,
                    0.25
                ],
                "xyz": [
                    1.2401596535586017,
                    0.7160064365754341,
                    1.1838749575
                ],
                "label": "O",
                "properties": {}
            }
        ]
    },
    "spacegroup": {
        "source": "spglib",
        "symbol": "P6_3/mmc",
        "number": 194,
        "point_group": "6/mmm",
        "crystal_system": "hexagonal",
        "hall": "-P 6c 2c"
    },
    "dielectric": {
        "epsilon_ionic": [
            [
                8.09768179,
                1.31e-06,
                0.0
            ],
            [
                1.31e-06,
                8.09698253,
                -0.0
            ],
            [
                0.0,
                -0.0,
                301.43419743
            ]
        ],
        "epsilon_ionic_avg": 105.87628725,
        "epsilon_ionic_eig": [
            8.097681792454157,
            8.096982527545842,
            301.43419743
        ],
        "epsilon_electronic": [
            [
                4.93539149,
                -5.1e-07,
                -0.0
            ],
            [
                -5.1e-07,
                4.93539111,
                -0.0
            ],
            [
                0.0,
                0.0,
                8.51185011
            ]
        ],
        "epsilon_electronic_avg": 6.127544236666666,
        "epsilon_electronic_eig": [
            4.935391844242593,
            4.935390755757407,
            8.51185011
        ]
    },
    "phonon": {
        "lowest_freq": -0.1646419966194933,