{
    "mp_id": "mp-14363",
    "nelements": 4,
    "nsites": 16,
    "elements": [
        "As",
        "Li",
        "O",
        "Rb"
    ],
    "structure": {
        "@module": "pymatgen.core.structure",
        "@class": "Structure",
        "charge": null,
        "lattice": {
            "matrix": [
                [
                    2.90220559,
                    -5.87687457,
                    0.0
                ],
                [
                    2.90220559,
                    5.87687457,
                    0.0
                ],
                [
                    0.0,
                    0.0,
                    7.84851161
                ]
            ],
            "a": 6.554422323755156,
            "b": 6.554422323755156,
            "c": 7.84851161,
            "alpha": 90.0,
            "beta": 90.0,
            "gamma": 127.43646770710353,
            "volume": 267.7268305351612
        },
        "sites": [
            {
                "species": [
                    {
                        "element": "Rb",
                        "occu": 1
                    }
                ],
                "abc": [
                    0.94194345,
                    0.05805655,
                    0.15073237
                ],
                "xyz": [
                    2.90220559,
                    -5.194492445366134,
                    1.1830247559478158
                ],
                "label": "Rb",
                "properties": {}
            },
            {
                "species": [
                    {
                        "element": "Rb",
                        "occu": 1
                    }
                ],
                "abc": [
                    0.05805655,
                    0.94194345,
                    0.65073237
                ],
                "xyz": [
                    2.90220559,
                    5.194492445366134,
                    5.107280560947816
                ],
                "label": "Rb",
                "properties": {}
            },
            {
                "species": [
                    {
                        "element": "Rb",
                        "occu": 1
                    }
                ],
                "abc": [
                    0.39761979,
                    0.60238021,
                    0.5030493
                ],
                "xyz": [
                    2.90220559,
                    1.2033513052405191,
                    3.9481882714523735
                ],
                "label": "Rb",
                "properties": {}
            },
            {
                "species": [
                    {
                        "element": "Rb",
                        "occu": 1
                    }
                ],
                "abc": [
                    0.60238021,
                    0.39761979,
                    0.0030493
                ],
                "xyz": [
                    2.90220559,
                    -1.2033513052405191,
                    0.023932466452373
                ],
                "label": "Rb",
                "properties": {}
            },
            {
                "species": [
                    {
                        "element": "Li",
                        "occu": 1
                    }
                ],
                "abc": [
                    0.20357296,
                    0.79642704,
                    0.23095495
                ],
                "xyz": [
                    2.90220559,
                    3.4841290664727453,
                    1.8126526064619695
                ],
                "label": "Li",
                "properties": {}
            },
            {
                "species": [
                    {
                        "element": "Li",
                        "occu": 1
                    }
                ],
                "abc": [
                    0.79642704,
                    0.20357296,
                    0.73095495
                ],
                "xyz": [
                    2.90220559,
                    -3.4841290664727453,
                    5.736908411461969
                ],
                "label": "Li",
                "properties": {}
            },
            {
                "species": [
                    {
                        "element": "As",
                        "occu": 1
                    }
                ],
                "abc": [
                    0.31231312,
                    0.68768688,
                    0.94434708
                ],
                "xyz": [
                    2.90220559,
                    2.2060245043892834,
                    7.411719021249599
                ],
                "label": "As",
                "properties": {}
            },
            {
                "species": [
                    {
                        "element": "As",
                        "occu": 1
                    }
                ],
                "abc": [
                    0.68768688,
                    0.31231312,
                    0.44434708
                ],
                "xyz": [
                    2.90220559,
                    -2.2060245043892834,
                    3.487463216249599
                ],
                "label": "As",
                "properties": {}
            },
            {
                "species": [
                    {
                        "element": "O",
                        "occu": 1
                    }
                ],
                "abc": [
                    0.59910722,
                    0.88018221,
                    0.83871617
                ],
                "xyz": [
                    4.293202052973914,
                    1.6518424609940041,
                    6.582673597739734
                ],
                "label": "O",
                "properties": {}
            },
            {
                "species": [
                    {
                        "element": "O",
                        "occu": 1
                    }
                ],
                "abc": [
                    0.40089278,
                    0.11981779,
                    0.33871617
                ],
                "xyz": [
                    1.5112091270260861,
                    -1.6518424609940046,
                    2.6584177927397334
                ],
                "label": "O",
                "properties": {}
            },
            {
                "species": [
                    {
                        "element": "O",
                        "occu": 1
                    }
                ],
                "abc": [
                    0.36704381,
                    0.63295619,
                    0.14818792
                ],
                "xyz": [
                    2.9022055900000003,
                    1.5627337038701765,
                    1.1630546105817512
                ],
                "label": "O",
                "properties": {}
            },
            {
                "species": [
                    {
                        "element": "O",
                        "occu": 1
                    }
                ],
                "abc": [
                    0.63295619,
                    0.36704381,
                    0.64818792
                ],
                "xyz": [
                    2.9022055900000003,
                    -1.5627337038701765,
                    5.087310415581752
                ],
                "label": "O",
                "properties": {}
            },
            {
                "species": [
                    {
                        "element": "O",
                        "occu": 1
                    }
                ],
                "abc": [
                    0.11981779,
                    0.40089278,
                    0.83871617
                ],