{
    "mp_id": "mp-13641",
    "nelements": 3,
    "nsites": 10,
    "elements": [
        "Cd",
        "O",
        "Ti"
    ],
    "structure": {
        "@module": "pymatgen.core.structure",
        "@class": "Structure",
        "charge": null,
        "lattice": {
            "matrix": [
                [
                    2.64691194,
                    1.52819579,
                    4.96501933
                ],
                [
                    -2.6469122,
                    1.52819534,
                    4.96501933
                ],
                [
                    2.6e-07,
                    -3.05639013,
                    4.96501933
                ]
            ],
            "a": 5.830346656757378,
            "b": 5.830346656844703,
            "c": 5.830346265363245,
            "alpha": 53.99977837519974,
            "beta": 53.999778372453825,
            "gamma": 53.999781126677476,
            "volume": 120.50097159452099
        },
        "sites": [
            {
                "species": [
                    {
                        "element": "Ti",
                        "occu": 1
                    }
                ],
                "abc": [
                    0.84554318,
                    0.84554318,
                    0.84554318
                ],
                "xyz": [
                    -2.004723962941384e-16,
                    8.455431799170299e-07,
                    12.594414699149006
                ],
                "label": "Ti",
                "properties": {}
            },
            {
                "species": [
                    {
                        "element": "Ti",
                        "occu": 1
                    }
                ],
                "abc": [
                    0.15445682,
                    0.15445682,
                    0.15445682
                ],
                "xyz": [
                    4.2579816862881644e-18,
                    1.5445681994519234e-07,
                    2.3006432908509913
                ],
                "label": "Ti",
                "properties": {}
            },
            {
                "species": [
                    {
                        "element": "Cd",
                        "occu": 1
                    }
                ],
                "abc": [
                    0.63555403,
                    0.63555403,
                    0.63555403
                ],
                "xyz": [
                    2.1598810759392625e-17,
                    6.355540298486062e-07,
                    9.466614132628198
                ],
                "label": "Cd",
                "properties": {}
            },
            {
                "species": [
                    {
                        "element": "Cd",
                        "occu": 1
                    }
                ],
                "abc": [
                    0.36444597,
                    0.36444597,
                    0.36444597
                ],
                "xyz": [
                    4.231406027568061e-18,
                    3.6444597006912716e-07,
                    5.4284438573718
                ],
                "label": "Cd",
                "properties": {}
            },
            {
                "species": [
                    {
                        "element": "O",
                        "occu": 1
                    }
                ],
                "abc": [
                    0.7995767,
                    0.43985964,
                    0.03702681
                ],
                "xyz": [
                    0.9521392763991607,
                    1.7809328221947853,
                    6.3376642137826895
                ],
                "label": "O",
                "properties": {}
            },
            {
                "species": [
                    {
                        "element": "O",
                        "occu": 1
                    }
                ],
                "abc": [
                    0.43985964,
                    0.03702681,
                    0.7995767
                ],
                "xyz": [
                    1.0662632258139615,
                    -1.7150424855219903,
                    6.3376642137826895
                ],
                "label": "O",
                "properties": {}
            },
            {
                "species": [
                    {
                        "element": "O",
                        "occu": 1
                    }
                ],
                "abc": [
                    0.03702681,
                    0.7995767,
                    0.43985964
                ],
                "xyz": [
                    -2.0184025022131227,
                    -0.06588906020964558,
                    6.3376642137826895
                ],
                "label": "O",
                "properties": {}
            },
            {
                "species": [
                    {
                        "element": "O",
                        "occu": 1
                    }
                ],
                "abc": [
                    0.2004233,
                    0.56014036,
                    0.96297319
                ],
                "xyz": [
                    -0.9521392763991607,
                    -1.7809318221947854,
                    8.55739377621731
                ],
                "label": "O",
                "properties": {}
            },
            {
                "species": [
                    {
                        "element": "O",
                        "occu": 1
                    }
                ],
                "abc": [
                    0.96297319,
                    0.2004233,
                    0.56014036
                ],
                "xyz": [
                    2.0184025022131222,
                    0.0658900602096455,
                    8.55739377621731
                ],
                "label": "O",
                "properties": {}
            },
            {
                "species": [
                    {
                        "element": "O",
                        "occu": 1
                    }
                ],
                "abc": [
                    0.56014036,
                    0.96297319,
                    0.2004233
                ],
                "xyz": [
                    -1.066263225813962,
                    1.7150434855219898,
                    8.55739377621731
                ],
                "label": "O",
                "properties": {}
            }
        ]
    },
    "spacegroup": {
        "source": "spglib",
        "symbol": "R-3",
        "number": 148,
        "point_group": "-3",
        "crystal_system": "trigonal",
        "hall": "-R 3"
    },
    "dielectric": {
        "epsilon_ionic": [
            [
                14.4758106,
                -1.496e-05,
                9.2e-06
            ],
            [
                -1.496e-05,
                14.4757572,
                -4.54e-06
            ],
            [
                9.2e-06,
                -4.54e-06,
                11.81523393
            ]
        ],
        "epsilon_ionic_avg": 13.588933910000002,
        "epsilon_ionic_eig": [
            14.475814505455777,
            14.475753294583784,
            11.81523392996044
        ],
        "epsilon_electronic": [
            [
                6.07900545,
                -6.95e-06,
                -0.0
            ],
            [
                6.95e-06,
                6.07900527,
                -3.6e-07
            ],
            [
                -0.0,
                -3.6e-07,
                5.38323839
            ]
        ],
        "epsilon_electronic_avg": 5.847083036666667,
        "epsilon_electronic_eig": [
            6.079005360000092,
            6.079005360000092,
            5.383238389999813
        ]
    },