{
    "mp_id": "mp-19380",
    "nelements": 3,
    "nsites": 12,
    "elements": [
        "Cr",
        "Hg",
        "O"
    ],
    "structure": {
        "@module": "pymatgen.core.structure",
        "@class": "Structure",
        "charge": null,
        "lattice": {
            "matrix": [
                [
                    2.86337177,
                    -4.44137783,
                    0.0
                ],
                [
                    2.86337177,
                    4.44137783,
                    0.0
                ],
                [
                    0.0,
                    0.0,
                    7.11017362
                ]
            ],
            "a": 5.284385955061235,
            "b": 5.284385955061235,
            "c": 7.11017362,
            "alpha": 90.0,
            "beta": 90.0,
            "gamma": 114.37996642214499,
            "volume": 180.8446480349663
        },
        "sites": [
            {
                "species": [
                    {
                        "element": "Cr",
                        "occu": 1
                    }
                ],
                "abc": [
                    0.639688,
                    0.360312,
                    0.75
                ],
                "xyz": [
                    2.8633717700000005,
                    -1.2408143726340801,
                    5.332630215
                ],
                "label": "Cr",
                "properties": {}
            },
            {
                "species": [
                    {
                        "element": "Cr",
                        "occu": 1
                    }
                ],
                "abc": [
                    0.360312,
                    0.639688,
                    0.25
                ],
                "xyz": [
                    2.8633717700000005,
                    1.2408143726340801,
                    1.777543405
                ],
                "label": "Cr",
                "properties": {}
            },
            {
                "species": [
                    {
                        "element": "Hg",
                        "occu": 1
                    }
                ],
                "abc": [
                    0.0,
                    0.0,
                    0.0
                ],
                "xyz": [
                    0.0,
                    0.0,
                    0.0
                ],
                "label": "Hg",
                "properties": {}
            },
            {
                "species": [
                    {
                        "element": "Hg",
                        "occu": 1
                    }
                ],
                "abc": [
                    0.0,
                    0.0,
                    0.5
                ],
                "xyz": [
                    0.0,
                    0.0,
                    3.55508681
                ],
                "label": "Hg",
                "properties": {}
            },
            {
                "species": [
                    {
                        "element": "O",
                        "occu": 1
                    }
                ],
                "abc": [
                    0.7121498,
                    0.77340169,
                    0.25
                ],
                "xyz": [
                    4.253686199347438,
                    0.27204278629159884,
                    1.777543405
                ],
                "label": "O",
                "properties": {}
            },
            {
                "species": [
                    {
                        "element": "O",
                        "occu": 1
                    }
                ],
                "abc": [
                    0.2878502,
                    0.22659831,
                    0.75
                ],
                "xyz": [
                    1.4730573406525629,
                    -0.2720427862915986,
                    5.332630215
                ],
                "label": "O",
                "properties": {}
            },
            {
                "species": [
                    {
                        "element": "O",
                        "occu": 1
                    }
                ],
                "abc": [
                    0.77340169,
                    0.7121498,
                    0.75
                ],
                "xyz": [
                    4.253686199347438,
                    -0.27204278629159884,
                    5.332630215
                ],
                "label": "O",
                "properties": {}
            },
            {
                "species": [
                    {
                        "element": "O",
                        "occu": 1
                    }
                ],
                "abc": [
                    0.22659831,
                    0.2878502,
                    0.25
                ],
                "xyz": [
                    1.4730573406525629,
                    0.2720427862915986,
                    1.777543405
                ],
                "label": "O",
                "properties": {}
            },
            {
                "species": [
                    {
                        "element": "O",
                        "occu": 1
                    }
                ],
                "abc": [
                    0.25569906,
                    0.74430094,
                    0.43807952
                ],
                "xyz": [
                    2.86337177,
                    2.1700655575283205,
                    3.1148214465662627
                ],
                "label": "O",
                "properties": {}
            },
            {
                "species": [
                    {
                        "element": "O",
                        "occu": 1
                    }
                ],
                "abc": [
                    0.74430094,
                    0.25569906,
                    0.93807952
                ],
                "xyz": [
                    2.86337177,
                    -2.1700655575283205,
                    6.669908256566262
                ],
                "label": "O",
                "properties": {}
            },
            {
                "species": [
                    {
                        "element": "O",
                        "occu": 1
                    }
                ],
                "abc": [
                    0.74430094,
                    0.25569906,
                    0.56192048
                ],
                "xyz": [
                    2.86337177,
                    -2.1700655575283205,
                    3.995352173433738
                ],
                "label": "O",
                "properties": {}
            },
            {
                "species": [
                    {
                        "element": "O",
                        "occu": 1
                    }
                ],
                "abc": [
                    0.25569906,
                    0.74430094,
                    0.06192048
                ],
                "xyz": [
                    2.86337177,
                    2.1700655575283205,
                    0.4402653634337376
                ],
                "label": "O",
                "properties": {}
            }
        ]
    },
    "spacegroup": {
        "source": "spglib",
        "symbol": "Cmcm",
        "number": 63,
        "point_group": "mmm",
        "crystal_system": "orthorhombic",
        "hall": "-C 2c 2"
    },