{
    "mp_id": "mp-1210092",
    "nelements": 4,
    "nsites": 12,
    "elements": [
        "Bi",
        "Mo",
        "Na",
        "O"
    ],
    "structure": {
        "@module": "pymatgen.core.structure",
        "@class": "Structure",
        "charge": null,
        "lattice": {
            "matrix": [
                [
                    -2.62326757,
                    2.62326751,
                    5.69072389
                ],
                [
                    2.62326757,
                    -2.62326751,
                    5.69072389
                ],
                [
                    2.62326751,
                    2.62326757,
                    -5.69072389
                ]
            ],
            "a": 6.793188026622849,
            "b": 6.793188026622849,
            "c": 6.793188026622849,
            "alpha": 134.5682694307283,
            "beta": 134.5682694307283,
            "gamma": 66.20175650111985,
            "volume": 156.6436075573617
        },
        "sites": [
            {
                "species": [
                    {
                        "element": "Na",
                        "occu": 1
                    }
                ],
                "abc": [
                    0.75,
                    0.25,
                    0.5
                ],
                "xyz": [
                    -3.000000026176508e-08,
                    2.6232675399999996,
                    2.845361945
                ],
                "label": "Na",
                "properties": {}
            },
            {
                "species": [
                    {
                        "element": "Bi",
                        "occu": 1
                    }
                ],
                "abc": [
                    0.5,
                    0.5,
                    0.0
                ],
                "xyz": [
                    0.0,
                    0.0,
                    5.69072389
                ],
                "label": "Bi",
                "properties": {}
            },
            {
                "species": [
                    {
                        "element": "Mo",
                        "occu": 1
                    }
                ],
                "abc": [
                    0.0,
                    0.0,
                    0.0
                ],
                "xyz": [
                    0.0,
                    0.0,
                    0.0
                ],
                "label": "Mo",
                "properties": {}
            },
            {
                "species": [
                    {
                        "element": "Mo",
                        "occu": 1
                    }
                ],
                "abc": [
                    0.25,
                    0.75,
                    0.5
                ],
                "xyz": [
                    2.62326754,
                    3.0000000039720476e-08,
                    2.845361945
                ],
                "label": "Mo",
                "properties": {}
            },
            {
                "species": [
                    {
                        "element": "O",
                        "occu": 1
                    }
                ],
                "abc": [
                    0.49043895,
                    0.07870682,
                    0.8929638
                ],
                "xyz": [
                    1.2623993799901139,
                    3.422566497176062,
                    -1.8427589993337365
                ],
                "label": "O",
                "properties": {}
            },
            {
                "species": [
                    {
                        "element": "O",
                        "occu": 1
                    }
                ],
                "abc": [
                    0.18574302,
                    0.59747415,
                    0.1070362
                ],
                "xyz": [
                    1.3608655067423163,
                    -0.7992963039085523,
                    3.8479591999423732
                ],
                "label": "O",
                "properties": {}
            },
            {
                "species": [
                    {
                        "element": "O",
                        "occu": 1
                    }
                ],
                "abc": [
                    0.92129318,
                    0.81425698,
                    0.41173112
                ],
                "xyz": [
                    0.799296277675877,
                    1.3608654805096403,
                    7.533488636964865
                ],
                "label": "O",
                "properties": {}
            },
            {
                "species": [
                    {
                        "element": "O",
                        "occu": 1
                    }
                ],
                "abc": [
                    0.40252585,
                    0.50956105,
                    0.58826888
                ],
                "xyz": [
                    1.8239686090565526,
                    1.2624047127578697,
                    1.842758942426498
                ],
                "label": "O",
                "properties": {}
            },
            {
                "species": [
                    {
                        "element": "O",
                        "occu": 1
                    }
                ],
                "abc": [
                    0.327869,
                    0.92642568,
                    0.08541005
                ],
                "xyz": [
                    1.794227736643343,
                    -1.346120877220388,
                    6.651799688594811
                ],
                "label": "O",
                "properties": {}
            },
            {
                "species": [
                    {
                        "element": "O",
                        "occu": 1
                    }
                ],
                "abc": [
                    0.84101562,
                    0.24245795,
                    0.91458995
                ],
                "xyz": [
                    0.8290371763217625,
                    3.969391044255223,
                    0.9610700509636807
                ],
                "label": "O",
                "properties": {}
            },
            {
                "species": [
                    {
                        "element": "O",
                        "occu": 1
                    }
                ],
                "abc": [
                    0.07357432,
                    0.15898438,
                    0.40144333
                ],
                "xyz": [
                    1.2771466852449624,
                    0.8290398333566574,
                    -0.9610757985948106
                ],
                "label": "O",
                "properties": {}
            },
            {
                "species": [
                    {
                        "element": "O",
                        "occu": 1
                    }
                ],
                "abc": [
                    0.75754205,
                    0.672131,
                    0.59855667
                ],
                "xyz": [
                    1.3461182277201433,
                    1.794230333678177,
                    4.7296538390363185
                ],
                "label": "O",
                "properties": {}
            }
        ]
    },
    "spacegroup": {
        "source": "spglib",
        "symbol": "I-4",
        "number": 82,
        "point_group": "-4",
        "crystal_system": "tetragonal",
        "hall": "I -4"
    },