{
    "mp_id": "mp-1228084",
    "nelements": 4,
    "nsites": 17,
    "elements": [
        "Ba",
        "Cu",
        "O",
        "Sc"
    ],
    "structure": {
        "@module": "pymatgen.core.structure",
        "@class": "Structure",
        "charge": null,
        "lattice": {
            "matrix": [
                [
                    0.0,
                    4.14199407,
                    7.85985166
                ],
                [
                    4.10787112,
                    0.0,
                    7.85985166
                ],
                [
                    4.10787112,
                    4.14199407,
                    0.0
                ]
            ],
            "a": 8.884446127537716,
            "b": 8.868589135580406,
            "c": 5.833585519596436,
            "alpha": 70.96354854456723,
            "beta": 70.66935924965233,
            "gamma": 38.367092205780445,
            "volume": 267.46725937612274
        },
        "sites": [
            {
                "species": [
                    {
                        "element": "Ba",
                        "occu": 1
                    }
                ],
                "abc": [
                    0.87803089,
                    0.38593347,
                    0.12196911
                ],
                "xyz": [
                    2.0863983401554895,
                    4.14199407,
                    9.934572373126837
                ],
                "label": "Ba",
                "properties": {}
            },
            {
                "species": [
                    {
                        "element": "Ba",
                        "occu": 1
                    }
                ],
                "abc": [
                    0.38593347,
                    0.87803089,
                    0.61406653
                ],
                "xyz": [
                    6.129343899844511,
                    4.14199407,
                    9.934572373126837
                ],
                "label": "Ba",
                "properties": {}
            },
            {
                "species": [
                    {
                        "element": "Ba",
                        "occu": 1
                    }
                ],
                "abc": [
                    0.61406653,
                    0.12196911,
                    0.38593347
                ],
                "xyz": [
                    2.0863983401554895,
                    4.14199407,
                    5.785130946873163
                ],
                "label": "Ba",
                "properties": {}
            },
            {
                "species": [
                    {
                        "element": "Ba",
                        "occu": 1
                    }
                ],
                "abc": [
                    0.12196911,
                    0.61406653,
                    0.87803089
                ],
                "xyz": [
                    6.129343899844511,
                    4.14199407,
                    5.785130946873163
                ],
                "label": "Ba",
                "properties": {}
            },
            {
                "species": [
                    {
                        "element": "Sc",
                        "occu": 1
                    }
                ],
                "abc": [
                    0.5,
                    0.0,
                    0.0
                ],
                "xyz": [
                    0.0,
                    2.070997035,
                    3.92992583
                ],
                "label": "Sc",
                "properties": {}
            },
            {
                "species": [
                    {
                        "element": "Sc",
                        "occu": 1
                    }
                ],
                "abc": [
                    0.0,
                    0.5,
                    0.5
                ],
                "xyz": [
                    4.10787112,
                    2.070997035,
                    3.92992583
                ],
                "label": "Sc",
                "properties": {}
            },
            {
                "species": [
                    {
                        "element": "Cu",
                        "occu": 1
                    }
                ],
                "abc": [
                    0.72795984,
                    0.27204016,
                    0.72795984
                ],
                "xyz": [
                    4.10787112,
                    6.030410680956297,
                    7.85985166
                ],
                "label": "Cu",
                "properties": {}
            },
            {
                "species": [
                    {
                        "element": "Cu",
                        "occu": 1
                    }
                ],
                "abc": [
                    0.27204016,
                    0.72795984,
                    0.27204016
                ],
                "xyz": [
                    4.10787112,
                    2.253577459043702,
                    7.85985166
                ],
                "label": "Cu",
                "properties": {}
            },
            {
                "species": [
                    {
                        "element": "O",
                        "occu": 1
                    }
                ],
                "abc": [
                    0.88033917,
                    0.34323944,
                    0.65676056
                ],
                "xyz": [
                    4.10787112,
                    6.366657966658601,
                    9.617146368948992
                ],
                "label": "O",
                "properties": {}
            },
            {
                "species": [
                    {
                        "element": "O",
                        "occu": 1
                    }
                ],
                "abc": [
                    0.34323944,
                    0.88033917,
                    0.11966083
                ],
                "xyz": [
                    4.10787112,
                    1.9173301733413988,
                    9.617146368948992
                ],
                "label": "O",
                "properties": {}
            },
            {
                "species": [
                    {
                        "element": "O",
                        "occu": 1
                    }
                ],
                "abc": [
                    0.65676056,
                    0.11966083,
                    0.88033917
                ],
                "xyz": [
                    4.10787112,
                    6.366657966658601,
                    6.102556951051008
                ],
                "label": "O",
                "properties": {}
            },
            {
                "species": [
                    {
                        "element": "O",
                        "occu": 1
                    }
                ],
                "abc": [
                    0.11966083,
                    0.65676056,
                    0.34323944
                ],
                "xyz": [
                    4.10787112,
                    1.9173301733413988,
                    6.102556951051008
                ],
                "label": "O",
                "properties": {}
            },
            {
                "species": [
                    {
                        "element": "O",
                        "occu": 1
                    }
                ],
                "abc": [
                    0.74449121,
                    0.74449121,
                    0.25550879
                ],
                "xyz": [
                    4.10787112,
                    4.14199407,
                    11.703180945547818
                ],