{
    "mp_id": "mp-1078295",
    "nelements": 3,
    "nsites": 10,
    "elements": [
        "Na",
        "Nb",
        "O"
    ],
    "structure": {
        "@module": "pymatgen.core.structure",
        "@class": "Structure",
        "charge": null,
        "lattice": {
            "matrix": [
                [
                    2.69252593,
                    1.55453023,
                    5.16558354
                ],
                [
                    -2.69252589,
                    1.5545303,
                    5.16558354
                ],
                [
                    -4e-08,
                    -3.10906053,
                    5.16558354
                ]
            ],
            "a": 6.029055765907722,
            "b": 6.029055766092839,
            "c": 6.02905553863313,
            "alpha": 53.050426098120035,
            "beta": 53.05042609239413,
            "gamma": 53.05043312798288,
            "volume": 129.72680221369527
        },
        "sites": [
            {
                "species": [
                    {
                        "element": "Na",
                        "occu": 1
                    }
                ],
                "abc": [
                    0.6411121,
                    0.6411121,
                    0.6411121
                ],
                "xyz": [
                    -1.302310807210547e-16,
                    0.0,
                    9.935154333164501
                ],
                "label": "Na",
                "properties": {}
            },
            {
                "species": [
                    {
                        "element": "Na",
                        "occu": 1
                    }
                ],
                "abc": [
                    0.3588879,
                    0.3588879,
                    0.3588879
                ],
                "xyz": [
                    -1.1286775729837248e-16,
                    0.0,
                    5.561596286835497
                ],
                "label": "Na",
                "properties": {}
            },
            {
                "species": [
                    {
                        "element": "Nb",
                        "occu": 1
                    }
                ],
                "abc": [
                    0.84894548,
                    0.84894548,
                    0.84894548
                ],
                "xyz": [
                    -4.208710441490872e-16,
                    -4.440892098500626e-16,
                    13.155896393536198
                ],
                "label": "Nb",
                "properties": {}
            },
            {
                "species": [
                    {
                        "element": "Nb",
                        "occu": 1
                    }
                ],
                "abc": [
                    0.15105452,
                    0.15105452,
                    0.15105452
                ],
                "xyz": [
                    1.1238750781525277e-17,
                    5.551115123125783e-17,
                    2.340854226463802
                ],
                "label": "Nb",
                "properties": {}
            },
            {
                "species": [
                    {
                        "element": "O",
                        "occu": 1
                    }
                ],
                "abc": [
                    0.4402135,
                    0.03237258,
                    0.80750379
                ],
                "xyz": [
                    1.0981222214098072,
                    -1.7759288114111298,
                    6.612411162192741
                ],
                "label": "O",
                "properties": {}
            },
            {
                "species": [
                    {
                        "element": "O",
                        "occu": 1
                    }
                ],
                "abc": [
                    0.03237258,
                    0.80750379,
                    0.4402135
                ],
                "xyz": [
                    -2.0870608673856643,
                    -0.0630371544702244,
                    6.612411162192741
                ],
                "label": "O",
                "properties": {}
            },
            {
                "species": [
                    {
                        "element": "O",
                        "occu": 1
                    }
                ],
                "abc": [
                    0.80750379,
                    0.4402135,
                    0.03237258
                ],
                "xyz": [
                    0.9889386459758563,
                    1.8389659658813542,
                    6.61241116219274
                ],
                "label": "O",
                "properties": {}
            },
            {
                "species": [
                    {
                        "element": "O",
                        "occu": 1
                    }
                ],
                "abc": [
                    0.5597865,
                    0.96762742,
                    0.19249621
                ],
                "xyz": [
                    -1.0981222214098076,
                    1.7759288114111298,
                    8.88433945780726
                ],
                "label": "O",
                "properties": {}
            },
            {
                "species": [
                    {
                        "element": "O",
                        "occu": 1
                    }
                ],
                "abc": [
                    0.96762742,
                    0.19249621,
                    0.5597865
                ],
                "xyz": [
                    2.087060867385664,
                    0.06303715447022484,
                    8.884339457807261
                ],
                "label": "O",
                "properties": {}
            },
            {
                "species": [
                    {
                        "element": "O",
                        "occu": 1
                    }
                ],
                "abc": [
                    0.19249621,
                    0.5597865,
                    0.96762742
                ],
                "xyz": [
                    -0.9889386459758567,
                    -1.8389659658813542,
                    8.88433945780726
                ],
                "label": "O",
                "properties": {}
            }
        ]
    },
    "spacegroup": {
        "source": "spglib",
        "symbol": "R-3",
        "number": 148,
        "point_group": "-3",
        "crystal_system": "trigonal",
        "hall": "-R 3"
    },
    "dielectric": {
        "epsilon_ionic": [
            [
                12.63045857,
                3.38e-06,
                -1.32e-06
            ],
            [
                3.38e-06,
                12.63061228,
                -2.97e-06
            ],
            [
                -1.32e-06,
                -2.97e-06,
                3.61932877
            ]
        ],
        "epsilon_ionic_avg": 9.626799873333331,
        "epsilon_ionic_eig": [
            12.630458495711702,
            12.630612354289466,
            3.6193287699988277
        ],
        "epsilon_electronic": [
            [
                4.60049839,
                3e-07,
                0.0
            ],
            [
                -3e-07,
                4.60049674,
                -1.9e-07
            ],
            [
                0.0,
                -1.9e-07,
                2.9092209
            ]
        ],
        "epsilon_electronic_avg": 4.036738676666668,
        "epsilon_electronic_eig": [
            4.6004983335213065,
            4.6004967964787165,
            2.909220899999979
        ]
    },
    "phonon": {
        "lowest_freq": -0.12413981608151996,