{
    "mp_id": "mp-15349",
    "nelements": 3,
    "nsites": 12,
    "elements": [
        "Ge",
        "Li",
        "O"
    ],
    "structure": {
        "@module": "pymatgen.core.structure",
        "@class": "Structure",
        "charge": null,
        "lattice": {
            "matrix": [
                [
                    4.8318295,
                    -2.74392405,
                    0.0
                ],
                [
                    4.8318295,
                    2.74392405,
                    0.0
                ],
                [
                    0.0,
                    0.0,
                    4.88195632
                ]
            ],
            "a": 5.556590277250848,
            "b": 5.556590277250848,
            "c": 4.88195632,
            "alpha": 90.0,
            "beta": 90.0,
            "gamma": 59.18319597559788,
            "volume": 129.4516446032369
        },
        "sites": [
            {
                "species": [
                    {
                        "element": "Li",
                        "occu": 1
                    }
                ],
                "abc": [
                    0.51712946,
                    0.83363538,
                    0.48880429
                ],
                "xyz": [
                    6.526665401474781,
                    0.8684682058553759,
                    2.3863211928086123
                ],
                "label": "Li",
                "properties": {}
            },
            {
                "species": [
                    {
                        "element": "Li",
                        "occu": 1
                    }
                ],
                "abc": [
                    0.48287054,
                    0.16636462,
                    0.98880429
                ],
                "xyz": [
                    3.1369935985252204,
                    -0.868468205855376,
                    4.8272993528086126
                ],
                "label": "Li",
                "properties": {}
            },
            {
                "species": [
                    {
                        "element": "Li",
                        "occu": 1
                    }
                ],
                "abc": [
                    0.83363538,
                    0.51712946,
                    0.98880429
                ],
                "xyz": [
                    6.526665401474781,
                    -0.8684682058553759,
                    4.8272993528086126
                ],
                "label": "Li",
                "properties": {}
            },
            {
                "species": [
                    {
                        "element": "Li",
                        "occu": 1
                    }
                ],
                "abc": [
                    0.16636462,
                    0.48287054,
                    0.48880429
                ],
                "xyz": [
                    3.1369935985252204,
                    0.868468205855376,
                    2.3863211928086123
                ],
                "label": "Li",
                "properties": {}
            },
            {
                "species": [
                    {
                        "element": "Ge",
                        "occu": 1
                    }
                ],
                "abc": [
                    0.17989256,
                    0.82010744,
                    0.99765689
                ],
                "xyz": [
                    4.8318295,
                    1.7567010063998638,
                    4.870517359327044
                ],
                "label": "Ge",
                "properties": {}
            },
            {
                "species": [
                    {
                        "element": "Ge",
                        "occu": 1
                    }
                ],
                "abc": [
                    0.82010744,
                    0.17989256,
                    0.49765689
                ],
                "xyz": [
                    4.8318295,
                    -1.7567010063998638,
                    2.4295391993270448
                ],
                "label": "Ge",
                "properties": {}
            },
            {
                "species": [
                    {
                        "element": "O",
                        "occu": 1
                    }
                ],
                "abc": [
                    0.13873476,
                    0.86126524,
                    0.62170368
                ],
                "xyz": [
                    4.8318295,
                    1.9825687609300442,
                    3.035130209743257
                ],
                "label": "O",
                "properties": {}
            },
            {
                "species": [
                    {
                        "element": "O",
                        "occu": 1
                    }
                ],
                "abc": [
                    0.16510912,
                    0.5249362,
                    0.09246492
                ],
                "xyz": [
                    3.33418133351294,
                    0.987338178653274,
                    0.4514097005722944
                ],
                "label": "O",
                "properties": {}
            },
            {
                "species": [
                    {
                        "element": "O",
                        "occu": 1
                    }
                ],
                "abc": [
                    0.4750638,
                    0.83489088,
                    0.09246492
                ],
                "xyz": [
                    6.329477666487061,
                    0.987338178653274,
                    0.4514097005722944
                ],
                "label": "O",
                "properties": {}
            },
            {
                "species": [
                    {
                        "element": "O",
                        "occu": 1
                    }
                ],
                "abc": [
                    0.86126524,
                    0.13873476,
                    0.12170368
                ],
                "xyz": [
                    4.8318295,
                    -1.9825687609300442,
                    0.5941520497432575
                ],
                "label": "O",
                "properties": {}
            },
            {
                "species": [
                    {
                        "element": "O",
                        "occu": 1
                    }
                ],
                "abc": [
                    0.5249362,
                    0.16510912,
                    0.59246492
                ],
                "xyz": [
                    3.33418133351294,
                    -0.987338178653274,
                    2.8923878605722937
                ],
                "label": "O",
                "properties": {}
            },
            {
                "species": [
                    {
                        "element": "O",
                        "occu": 1
                    }
                ],
                "abc": [
                    0.83489088,
                    0.4750638,
                    0.59246492
                ],
                "xyz": [
                    6.329477666487061,
                    -0.987338178653274,
                    2.8923878605722937
                ],
                "label": "O",
                "properties": {}
            }
        ]
    },
    "spacegroup": {
        "source": "spglib",
        "symbol": "Cmc2_1",
        "number": 36,
        "point_group": "mm2",
        "crystal_system": "orthorhombic",
        "hall": "C 2c -2"
    },