{
    "mp_id": "mp-1078748",
    "nelements": 4,
    "nsites": 10,
    "elements": [
        "In",
        "O",
        "Sr",
        "Ta"
    ],
    "structure": {
        "@module": "pymatgen.core.structure",
        "@class": "Structure",
        "charge": null,
        "lattice": {
            "matrix": [
                [
                    4.97065079,
                    -2.88275446,
                    -0.00060694
                ],
                [
                    4.97065079,
                    2.88275446,
                    -0.00060694
                ],
                [
                    -3.35495842,
                    0.0,
                    4.73821343
                ]
            ],
            "a": 5.746098060523653,
            "b": 5.746098060523653,
            "c": 5.805722393308284,
            "alpha": 119.99817041190379,
            "beta": 119.99817041190379,
            "gamma": 60.22361901507044,
            "volume": 135.77755097649816
        },
        "sites": [
            {
                "species": [
                    {
                        "element": "Sr",
                        "occu": 1
                    }
                ],
                "abc": [
                    0.24930694,
                    0.24930694,
                    0.7377863
                ],
                "xyz": [
                    0.003193117181319316,
                    0.0,
                    3.4954863264216818
                ],
                "label": "Sr",
                "properties": {}
            },
            {
                "species": [
                    {
                        "element": "Sr",
                        "occu": 1
                    }
                ],
                "abc": [
                    0.75069306,
                    0.75069306,
                    0.2622137
                ],
                "xyz": [
                    6.583150042818681,
                    0.0,
                    1.2415132235783182
                ],
                "label": "Sr",
                "properties": {}
            },
            {
                "species": [
                    {
                        "element": "Ta",
                        "occu": 1
                    }
                ],
                "abc": [
                    0.5,
                    0.5,
                    0.5
                ],
                "xyz": [
                    3.2931715799999997,
                    0.0,
                    2.368499775
                ],
                "label": "Ta",
                "properties": {}
            },
            {
                "species": [
                    {
                        "element": "In",
                        "occu": 1
                    }
                ],
                "abc": [
                    0.0,
                    0.0,
                    0.0
                ],
                "xyz": [
                    0.0,
                    0.0,
                    0.0
                ],
                "label": "In",
                "properties": {}
            },
            {
                "species": [
                    {
                        "element": "O",
                        "occu": 1
                    }
                ],
                "abc": [
                    0.2621855,
                    0.2621855,
                    0.17709737
                ],
                "xyz": [
                    2.0123108127617346,
                    0.0,
                    0.8388068752169391
                ],
                "label": "O",
                "properties": {}
            },
            {
                "species": [
                    {
                        "element": "O",
                        "occu": 1
                    }
                ],
                "abc": [
                    0.7378145,
                    0.7378145,
                    0.82290263
                ],
                "xyz": [
                    4.574032347238266,
                    0.0,
                    3.8981926747830604
                ],
                "label": "O",
                "properties": {}
            },
            {
                "species": [
                    {
                        "element": "O",
                        "occu": 1
                    }
                ],
                "abc": [
                    0.21137354,
                    0.69383844,
                    0.69009426
                ],
                "xyz": [
                    2.184255095323795,
                    1.3908278422684541,
                    3.2692644813387703
                ],
                "label": "O",
                "properties": {}
            },
            {
                "species": [
                    {
                        "element": "O",
                        "occu": 1
                    }
                ],
                "abc": [
                    0.30616156,
                    0.78862646,
                    0.30990574
                ],
                "xyz": [
                    4.402088064676205,
                    1.3908278422684544,
                    1.4677350686612294
                ],
                "label": "O",
                "properties": {}
            },
            {
                "species": [
                    {
                        "element": "O",
                        "occu": 1
                    }
                ],
                "abc": [
                    0.78862646,
                    0.30616156,
                    0.30990574
                ],
                "xyz": [
                    4.402088064676205,
                    -1.3908278422684544,
                    1.4677350686612294
                ],
                "label": "O",
                "properties": {}
            },
            {
                "species": [
                    {
                        "element": "O",
                        "occu": 1
                    }
                ],
                "abc": [
                    0.69383844,
                    0.21137354,
                    0.69009426
                ],
                "xyz": [
                    2.184255095323795,
                    -1.3908278422684541,
                    3.2692644813387703
                ],
                "label": "O",
                "properties": {}
            }
        ]
    },
    "spacegroup": {
        "source": "spglib",
        "symbol": "C2/m",
        "number": 12,
        "point_group": "2/m",
        "crystal_system": "monoclinic",
        "hall": "-C 2y"
    },
    "dielectric": {
        "epsilon_ionic": [
            [
                15.00307545,
                -2e-08,
                1.33946139
            ],
            [
                -2e-08,
                26.80414403,
                2e-08
            ],
            [
                1.33946139,
                2e-08,
                11.14459059
            ]
        ],
        "epsilon_ionic_avg": 17.650603356666675,
        "epsilon_ionic_eig": [
            15.422477984445047,
            10.725188055554968,
            26.804144030000007
        ],
        "epsilon_electronic": [
            [
                4.33358641,
                0.0,
                -0.0231774
            ],
            [
                0.0,
                4.2955253,
                0.0
            ],
            [
                -0.02317847,
                0.0,
                4.36772312
            ]
        ],
        "epsilon_electronic_avg": 4.332278276666667,
        "epsilon_electronic_eig": [
            4.321870300214563,
            4.3794392297854365,
            4.2955253
        ]
    },
    "phonon": {
        "lowest_freq": -0.011882108056630638,