{
    "mp_id": "mp-18803",
    "nelements": 3,
    "nsites": 14,
    "elements": [
        "Na",
        "O",
        "W"
    ],
    "structure": {
        "@module": "pymatgen.core.structure",
        "@class": "Structure",
        "charge": null,
        "lattice": {
            "matrix": [
                [
                    0.0,
                    4.51765887,
                    4.51765887
                ],
                [
                    4.51765887,
                    0.0,
                    4.51765887
                ],
                [
                    4.51765887,
                    4.51765887,
                    0.0
                ]
            ],
            "a": 6.388934444129111,
            "b": 6.388934444129111,
            "c": 6.388934444129111,
            "alpha": 60.00000000000001,
            "beta": 60.00000000000001,
            "gamma": 60.00000000000001,
            "volume": 184.4039832819531
        },
        "sites": [
            {
                "species": [
                    {
                        "element": "Na",
                        "occu": 1
                    }
                ],
                "abc": [
                    0.625,
                    0.625,
                    0.625
                ],
                "xyz": [
                    5.6470735874999995,
                    5.6470735874999995,
                    5.6470735874999995
                ],
                "label": "Na",
                "properties": {}
            },
            {
                "species": [
                    {
                        "element": "Na",
                        "occu": 1
                    }
                ],
                "abc": [
                    0.125,
                    0.625,
                    0.625
                ],
                "xyz": [
                    5.6470735874999995,
                    3.3882441524999996,
                    3.3882441524999996
                ],
                "label": "Na",
                "properties": {}
            },
            {
                "species": [
                    {
                        "element": "Na",
                        "occu": 1
                    }
                ],
                "abc": [
                    0.625,
                    0.625,
                    0.125
                ],
                "xyz": [
                    3.3882441524999996,
                    3.3882441524999996,
                    5.6470735874999995
                ],
                "label": "Na",
                "properties": {}
            },
            {
                "species": [
                    {
                        "element": "Na",
                        "occu": 1
                    }
                ],
                "abc": [
                    0.625,
                    0.125,
                    0.625
                ],
                "xyz": [
                    3.3882441524999996,
                    5.6470735874999995,
                    3.3882441524999996
                ],
                "label": "Na",
                "properties": {}
            },
            {
                "species": [
                    {
                        "element": "W",
                        "occu": 1
                    }
                ],
                "abc": [
                    0.0,
                    0.0,
                    0.0
                ],
                "xyz": [
                    0.0,
                    0.0,
                    0.0
                ],
                "label": "W",
                "properties": {}
            },
            {
                "species": [
                    {
                        "element": "W",
                        "occu": 1
                    }
                ],
                "abc": [
                    0.25,
                    0.25,
                    0.25
                ],
                "xyz": [
                    2.258829435,
                    2.258829435,
                    2.258829435
                ],
                "label": "W",
                "properties": {}
            },
            {
                "species": [
                    {
                        "element": "O",
                        "occu": 1
                    }
                ],
                "abc": [
                    0.36469066,
                    0.90592702,
                    0.36469066
                ],
                "xyz": [
                    5.740217232430822,
                    3.2950959899103083,
                    5.740217232430822
                ],
                "label": "O",
                "properties": {}
            },
            {
                "species": [
                    {
                        "element": "O",
                        "occu": 1
                    }
                ],
                "abc": [
                    0.88530934,
                    0.88530934,
                    0.34407298
                ],
                "xyz": [
                    5.553929942569178,
                    5.553929942569178,
                    7.999051185089691
                ],
                "label": "O",
                "properties": {}
            },
            {
                "species": [
                    {
                        "element": "O",
                        "occu": 1
                    }
                ],
                "abc": [
                    0.88530934,
                    0.88530934,
                    0.88530934
                ],
                "xyz": [
                    7.999051185089691,
                    7.999051185089691,
                    7.999051185089691
                ],
                "label": "O",
                "properties": {}
            },
            {
                "species": [
                    {
                        "element": "O",
                        "occu": 1
                    }
                ],
                "abc": [
                    0.34407298,
                    0.88530934,
                    0.88530934
                ],
                "xyz": [
                    7.999051185089691,
                    5.553929942569178,
                    5.553929942569178
                ],
                "label": "O",
                "properties": {}
            },
            {
                "species": [
                    {
                        "element": "O",
                        "occu": 1
                    }
                ],
                "abc": [
                    0.36469066,
                    0.36469066,
                    0.36469066
                ],
                "xyz": [
                    3.2950959899103083,
                    3.2950959899103083,
                    3.2950959899103083
                ],
                "label": "O",
                "properties": {}
            },
            {
                "species": [
                    {
                        "element": "O",
                        "occu": 1
                    }
                ],
                "abc": [
                    0.90592702,
                    0.36469066,
                    0.36469066
                ],
                "xyz": [
                    3.2950959899103083,
                    5.740217232430822,
                    5.740217232430822
                ],
                "label": "O",
                "properties": {}
            },
            {
                "species": [
                    {
                        "element": "O",
                        "occu": 1
                    }
                ],
                "abc": [
                    0.88530934,
                    0.34407298,
                    0.88530934
                ],