{
    "mp_id": "mp-19276",
    "nelements": 3,
    "nsites": 12,
    "elements": [
        "Ba",
        "Mo",
        "O"
    ],
    "structure": {
        "@module": "pymatgen.core.structure",
        "@class": "Structure",
        "charge": null,
        "lattice": {
            "matrix": [
                [
                    -2.80343775,
                    2.80343779,
                    6.37210735
                ],
                [
                    2.80343775,
                    -2.80343779,
                    6.37210735
                ],
                [
                    2.80343779,
                    2.80343775,
                    -6.37210735
                ]
            ],
            "a": 7.504817035774368,
            "b": 7.504817035774368,
            "c": 7.504817035774368,
            "alpha": 136.13033537550857,
            "beta": 136.13033537550857,
            "gamma": 63.778898956498324,
            "volume": 200.3202785294065
        },
        "sites": [
            {
                "species": [
                    {
                        "element": "Ba",
                        "occu": 1
                    }
                ],
                "abc": [
                    0.75,
                    0.25,
                    0.5
                ],
                "xyz": [
                    2.0000000100495186e-08,
                    2.8034377699999995,
                    3.186053675
                ],
                "label": "Ba",
                "properties": {}
            },
            {
                "species": [
                    {
                        "element": "Ba",
                        "occu": 1
                    }
                ],
                "abc": [
                    0.0,
                    0.0,
                    0.0
                ],
                "xyz": [
                    0.0,
                    0.0,
                    0.0
                ],
                "label": "Ba",
                "properties": {}
            },
            {
                "species": [
                    {
                        "element": "Mo",
                        "occu": 1
                    }
                ],
                "abc": [
                    0.25,
                    0.75,
                    0.5
                ],
                "xyz": [
                    2.8034377699999995,
                    -1.9999999656405976e-08,
                    3.186053675
                ],
                "label": "Mo",
                "properties": {}
            },
            {
                "species": [
                    {
                        "element": "Mo",
                        "occu": 1
                    }
                ],
                "abc": [
                    0.5,
                    0.5,
                    0.0
                ],
                "xyz": [
                    0.0,
                    0.0,
                    6.37210735
                ],
                "label": "Mo",
                "properties": {}
            },
            {
                "species": [
                    {
                        "element": "O",
                        "occu": 1
                    }
                ],
                "abc": [
                    0.56280714,
                    0.95268595,
                    0.85853868
                ],
                "xyz": [
                    3.499860753567795,
                    1.3138587558729402,
                    4.1861840245759145
                ],
                "label": "O",
                "properties": {}
            },
            {
                "species": [
                    {
                        "element": "O",
                        "occu": 1
                    }
                ],
                "abc": [
                    0.09414726,
                    0.70426846,
                    0.14146132
                ],
                "xyz": [
                    2.1070148144665826,
                    -1.313858823907318,
                    4.18618396085484
                ],
                "label": "O",
                "properties": {}
            },
            {
                "species": [
                    {
                        "element": "O",
                        "occu": 1
                    }
                ],
                "abc": [
                    0.70268595,
                    0.34414726,
                    0.88987881
                ],
                "xyz": [
                    1.4895789860926822,
                    3.4998607616021724,
                    1.0001302858548407
                ],
                "label": "O",
                "properties": {}
            },
            {
                "species": [
                    {
                        "element": "O",
                        "occu": 1
                    }
                ],
                "abc": [
                    0.04731405,
                    0.90585274,
                    0.61012119
                ],
                "xyz": [
                    4.117296573907318,
                    -0.6964230316021724,
                    2.1859233891451604
                ],
                "label": "O",
                "properties": {}
            },
            {
                "species": [
                    {
                        "element": "O",
                        "occu": 1
                    }
                ],
                "abc": [
                    0.65585274,
                    0.54573154,
                    0.35853868
                ],
                "xyz": [
                    0.6964229555334169,
                    1.313858803907318,
                    5.3719770641451605
                ],
                "label": "O",
                "properties": {}
            },
            {
                "species": [
                    {
                        "element": "O",
                        "occu": 1
                    }
                ],
                "abc": [
                    0.45426846,
                    0.81280714,
                    0.11012119
                ],
                "xyz": [
                    1.31385877587294,
                    -0.6964229835677946,
                    7.372237699575914
                ],
                "label": "O",
                "properties": {}
            },
            {
                "species": [
                    {
                        "element": "O",
                        "occu": 1
                    }
                ],
                "abc": [
                    0.29573154,
                    0.43719286,
                    0.38987881
                ],
                "xyz": [
                    1.48957899412706,
                    0.6964229635677949,
                    2.1859233254240866
                ],
                "label": "O",
                "properties": {}
            },
            {
                "species": [
                    {
                        "element": "O",
                        "occu": 1
                    }
                ],
                "abc": [
                    0.18719286,
                    0.29731405,
                    0.64146132
                ],
                "xyz": [
                    2.107014806432205,
                    1.48957897412706,
                    -1.0001303495759135
                ],
                "label": "O",
                "properties": {}
            }
        ]
    },
    "spacegroup": {
        "source": "spglib",
        "symbol": "I4_1/a",
        "number": 88,
        "point_group": "4/m",
        "crystal_system": "tetragonal",
        "hall": "I 4bw -1bw"
    },