{
    "mp_id": "mp-1228067",
    "nelements": 4,
    "nsites": 10,
    "elements": [
        "Ba",
        "O",
        "Sn",
        "Zr"
    ],
    "structure": {
        "@module": "pymatgen.core.structure",
        "@class": "Structure",
        "charge": null,
        "lattice": {
            "matrix": [
                [
                    0.0,
                    4.173751,
                    4.173751
                ],
                [
                    4.173751,
                    0.0,
                    4.173751
                ],
                [
                    4.173751,
                    4.173751,
                    0.0
                ]
            ],
            "a": 5.902575270168268,
            "b": 5.902575270168268,
            "c": 5.902575270168268,
            "alpha": 60.00000000000001,
            "beta": 60.00000000000001,
            "gamma": 60.00000000000001,
            "volume": 145.41513272037818
        },
        "sites": [
            {
                "species": [
                    {
                        "element": "Ba",
                        "occu": 1
                    }
                ],
                "abc": [
                    0.75,
                    0.75,
                    0.75
                ],
                "xyz": [
                    6.260626500000001,
                    6.260626500000001,
                    6.260626500000001
                ],
                "label": "Ba",
                "properties": {}
            },
            {
                "species": [
                    {
                        "element": "Ba",
                        "occu": 1
                    }
                ],
                "abc": [
                    0.25,
                    0.25,
                    0.25
                ],
                "xyz": [
                    2.0868755,
                    2.0868755,
                    2.0868755
                ],
                "label": "Ba",
                "properties": {}
            },
            {
                "species": [
                    {
                        "element": "Zr",
                        "occu": 1
                    }
                ],
                "abc": [
                    0.0,
                    0.0,
                    0.0
                ],
                "xyz": [
                    0.0,
                    0.0,
                    0.0
                ],
                "label": "Zr",
                "properties": {}
            },
            {
                "species": [
                    {
                        "element": "Sn",
                        "occu": 1
                    }
                ],
                "abc": [
                    0.5,
                    0.5,
                    0.5
                ],
                "xyz": [
                    4.173751,
                    4.173751,
                    4.173751
                ],
                "label": "Sn",
                "properties": {}
            },
            {
                "species": [
                    {
                        "element": "O",
                        "occu": 1
                    }
                ],
                "abc": [
                    0.748461,
                    0.748461,
                    0.251539
                ],
                "xyz": [
                    4.173751,
                    4.173751,
                    6.247779694422
                ],
                "label": "O",
                "properties": {}
            },
            {
                "species": [
                    {
                        "element": "O",
                        "occu": 1
                    }
                ],
                "abc": [
                    0.251539,
                    0.251539,
                    0.748461
                ],
                "xyz": [
                    4.173751,
                    4.173751,
                    2.099722305578
                ],
                "label": "O",
                "properties": {}
            },
            {
                "species": [
                    {
                        "element": "O",
                        "occu": 1
                    }
                ],
                "abc": [
                    0.748461,
                    0.251539,
                    0.748461
                ],
                "xyz": [
                    4.173751,
                    6.247779694422,
                    4.173751
                ],
                "label": "O",
                "properties": {}
            },
            {
                "species": [
                    {
                        "element": "O",
                        "occu": 1
                    }
                ],
                "abc": [
                    0.251539,
                    0.748461,
                    0.251539
                ],
                "xyz": [
                    4.173751,
                    2.099722305578,
                    4.173751
                ],
                "label": "O",
                "properties": {}
            },
            {
                "species": [
                    {
                        "element": "O",
                        "occu": 1
                    }
                ],
                "abc": [
                    0.251539,
                    0.748461,
                    0.748461
                ],
                "xyz": [
                    6.247779694422,
                    4.173751,
                    4.173751
                ],
                "label": "O",
                "properties": {}
            },
            {
                "species": [
                    {
                        "element": "O",
                        "occu": 1
                    }
                ],
                "abc": [
                    0.748461,
                    0.251539,
                    0.251539
                ],
                "xyz": [
                    2.099722305578,
                    4.173751,
                    4.173751
                ],
                "label": "O",
                "properties": {}
            }
        ]
    },
    "spacegroup": {
        "source": "spglib",
        "symbol": "Fm-3m",
        "number": 225,
        "point_group": "m-3m",
        "crystal_system": "cubic",
        "hall": "-F 4 2 3"
    },
    "dielectric": {
        "epsilon_ionic": [
            [
                19.83385875,
                0.0,
                0.0
            ],
            [
                0.0,
                19.83387635,
                -0.0
            ],
            [
                0.0,
                -0.0,
                19.83352408
            ]
        ],
        "epsilon_ionic_avg": 19.833753060000003,
        "epsilon_ionic_eig": [
            19.83385875,
            19.83387635,
            19.83352408
        ],
        "epsilon_electronic": [
            [
                4.49133079,
                0.0,
                0.0
            ],
            [
                0.0,
                4.49133079,
                0.0
            ],
            [
                -0.0,
                -0.0,
                4.49133079
            ]
        ],
        "epsilon_electronic_avg": 4.49133079,
        "epsilon_electronic_eig": [
            4.49133079,
            4.49133079,
            4.49133079
        ]
    },
    "phonon": {
        "lowest_freq": -0.006784745615213952,