{
    "mp_id": "mp-1080625",
    "nelements": 4,
    "nsites": 10,
    "elements": [
        "Li",
        "O",
        "Re",
        "Sr"
    ],
    "structure": {
        "@module": "pymatgen.core.structure",
        "@class": "Structure",
        "charge": null,
        "lattice": {
            "matrix": [
                [
                    -2.75825909,
                    2.75825912,
                    3.9910518
                ],
                [
                    2.75825909,
                    -2.75825912,
                    3.9910518
                ],
                [
                    2.75825912,
                    2.75825909,
                    -3.9910518
                ]
            ],
            "a": 5.580724061527683,
            "b": 5.580724061527683,
            "c": 5.580724061527683,
            "alpha": 120.75971178621948,
            "beta": 120.75971178621948,
            "gamma": 88.68910139262637,
            "volume": 121.45558126280483
        },
        "sites": [
            {
                "species": [
                    {
                        "element": "Sr",
                        "occu": 1
                    }
                ],
                "abc": [
                    0.25,
                    0.75,
                    0.5
                ],
                "xyz": [
                    2.7582591050000005,
                    -1.4999999908837935e-08,
                    1.9955259
                ],
                "label": "Sr",
                "properties": {}
            },
            {
                "species": [
                    {
                        "element": "Sr",
                        "occu": 1
                    }
                ],
                "abc": [
                    0.75,
                    0.25,
                    0.5
                ],
                "xyz": [
                    1.499999968679333e-08,
                    2.758259105,
                    1.9955259
                ],
                "label": "Sr",
                "properties": {}
            },
            {
                "species": [
                    {
                        "element": "Li",
                        "occu": 1
                    }
                ],
                "abc": [
                    0.5,
                    0.5,
                    0.0
                ],
                "xyz": [
                    0.0,
                    0.0,
                    3.9910518
                ],
                "label": "Li",
                "properties": {}
            },
            {
                "species": [
                    {
                        "element": "Re",
                        "occu": 1
                    }
                ],
                "abc": [
                    0.0,
                    0.0,
                    0.0
                ],
                "xyz": [
                    0.0,
                    0.0,
                    0.0
                ],
                "label": "Re",
                "properties": {}
            },
            {
                "species": [
                    {
                        "element": "O",
                        "occu": 1
                    }
                ],
                "abc": [
                    0.71775329,
                    0.8068974,
                    0.5246507
                ],
                "xyz": [
                    1.6930051298168436,
                    1.20124000794808,
                    3.9910517600894817
                ],
                "label": "O",
                "properties": {}
            },
            {
                "species": [
                    {
                        "element": "O",
                        "occu": 1
                    }
                ],
                "abc": [
                    0.28224671,
                    0.1931026,
                    0.4753493
                ],
                "xyz": [
                    1.0652539901831561,
                    1.5570190820519203,
                    3.991051822360703e-08
                ],
                "label": "O",
                "properties": {}
            },
            {
                "species": [
                    {
                        "element": "O",
                        "occu": 1
                    }
                ],
                "abc": [
                    0.8068974,
                    0.28224671,
                    0.08914411
                ],
                "xyz": [
                    -1.201239980365489,
                    1.6930051022342523,
                    3.9910518
                ],
                "label": "O",
                "properties": {}
            },
            {
                "species": [
                    {
                        "element": "O",
                        "occu": 1
                    }
                ],
                "abc": [
                    0.1931026,
                    0.71775329,
                    0.91085589
                ],
                "xyz": [
                    3.959499100365489,
                    1.0652539877657474,
                    0.0
                ],
                "label": "O",
                "properties": {}
            },
            {
                "species": [
                    {
                        "element": "O",
                        "occu": 1
                    }
                ],
                "abc": [
                    0.23738975,
                    0.23738975,
                    0.0
                ],
                "xyz": [
                    0.0,
                    0.0,
                    1.8948695780781002
                ],
                "label": "O",
                "properties": {}
            },
            {
                "species": [
                    {
                        "element": "O",
                        "occu": 1
                    }
                ],
                "abc": [
                    0.76261025,
                    0.76261025,
                    0.0
                ],
                "xyz": [
                    0.0,
                    0.0,
                    6.0872340219219
                ],
                "label": "O",
                "properties": {}
            }
        ]
    },
    "spacegroup": {
        "source": "spglib",
        "symbol": "I4/m",
        "number": 87,
        "point_group": "4/m",
        "crystal_system": "tetragonal",
        "hall": "-I 4"
    },
    "dielectric": {
        "epsilon_ionic": [
            [
                16.89192017,
                -0.00146984,
                8e-08
            ],
            [
                -0.00146984,
                16.90341163,
                0.0
            ],
            [
                8e-08,
                0.0,
                14.48190069
            ]
        ],
        "epsilon_ionic_avg": 16.092410830000002,
        "epsilon_ionic_eig": [
            16.891735146012646,
            16.90359665398736,
            14.481900689999998
        ],
        "epsilon_electronic": [
            [
                4.77775244,
                0.00028157,
                0.0
            ],
            [
                -0.00028157,
                4.77775244,
                -0.0
            ],
            [
                0.0,
                0.0,
                4.810472
            ]
        ],
        "epsilon_electronic_avg": 4.78865896,
        "epsilon_electronic_eig": [
            4.77775244,
            4.77775244,
            4.810472
        ]
    },
    "phonon": {
        "lowest_freq": -0.2068367469933716,