{
    "mp_id": "mp-19162",
    "nelements": 3,
    "nsites": 12,
    "elements": [
        "La",
        "O",
        "V"
    ],
    "structure": {
        "@module": "pymatgen.core.structure",
        "@class": "Structure",
        "charge": null,
        "lattice": {
            "matrix": [
                [
                    -3.71981908,
                    3.71981908,
                    3.25575876
                ],
                [
                    3.71981908,
                    -3.71981908,
                    3.25575876
                ],
                [
                    3.71981908,
                    3.71981908,
                    -3.25575876
                ]
            ],
            "a": 6.186604325409928,
            "b": 6.186604325409928,
            "c": 6.186604325409928,
            "alpha": 106.078193760775,
            "beta": 106.078193760775,
            "gamma": 116.4938698723943,
            "volume": 180.2004389352108
        },
        "sites": [
            {
                "species": [
                    {
                        "element": "La",
                        "occu": 1
                    }
                ],
                "abc": [
                    0.0,
                    0.0,
                    0.0
                ],
                "xyz": [
                    0.0,
                    0.0,
                    0.0
                ],
                "label": "La",
                "properties": {}
            },
            {
                "species": [
                    {
                        "element": "La",
                        "occu": 1
                    }
                ],
                "abc": [
                    0.75,
                    0.25,
                    0.5
                ],
                "xyz": [
                    2.220446049250313e-16,
                    3.7198190799999997,
                    1.62787938
                ],
                "label": "La",
                "properties": {}
            },
            {
                "species": [
                    {
                        "element": "V",
                        "occu": 1
                    }
                ],
                "abc": [
                    0.25,
                    0.75,
                    0.5
                ],
                "xyz": [
                    3.7198190799999997,
                    2.220446049250313e-16,
                    1.62787938
                ],
                "label": "V",
                "properties": {}
            },
            {
                "species": [
                    {
                        "element": "V",
                        "occu": 1
                    }
                ],
                "abc": [
                    0.5,
                    0.5,
                    0.0
                ],
                "xyz": [
                    0.0,
                    0.0,
                    3.25575876
                ],
                "label": "V",
                "properties": {}
            },
            {
                "species": [
                    {
                        "element": "O",
                        "occu": 1
                    }
                ],
                "abc": [
                    0.50852093,
                    0.33024812,
                    0.17827281
                ],
                "xyz": [
                    0.0,
                    1.3262852001664296,
                    2.1504164193270623
                ],
                "label": "O",
                "properties": {}
            },
            {
                "species": [
                    {
                        "element": "O",
                        "occu": 1
                    }
                ],
                "abc": [
                    0.08024812,
                    0.40197532,
                    0.32172719
                ],
                "xyz": [
                    2.3935339170317613,
                    -3.71981907498764e-08,
                    0.52253707188465
                ],
                "label": "O",
                "properties": {}
            },
            {
                "species": [
                    {
                        "element": "O",
                        "occu": 1
                    }
                ],
                "abc": [
                    0.08024812,
                    0.75852093,
                    0.67827281
                ],
                "xyz": [
                    5.046104280166429,
                    0.0,
                    0.5225370393270623
                ],
                "label": "O",
                "properties": {}
            },
            {
                "species": [
                    {
                        "element": "O",
                        "occu": 1
                    }
                ],
                "abc": [
                    0.15197532,
                    0.33024812,
                    0.82172719
                ],
                "xyz": [
                    3.7198190428018094,
                    2.3935339170317613,
                    -1.1053423081153502
                ],
                "label": "O",
                "properties": {}
            },
            {
                "species": [
                    {
                        "element": "O",
                        "occu": 1
                    }
                ],
                "abc": [
                    0.66975188,
                    0.84802468,
                    0.17827281
                ],
                "xyz": [
                    1.3262851629682388,
                    3.71981907498764e-08,
                    4.3611010681153495
                ],
                "label": "O",
                "properties": {}
            },
            {
                "species": [
                    {
                        "element": "O",
                        "occu": 1
                    }
                ],
                "abc": [
                    0.24147907,
                    0.91975188,
                    0.32172719
                ],
                "xyz": [
                    3.7198190800000006,
                    -1.3262852001664298,
                    2.7332217206729377
                ],
                "label": "O",
                "properties": {}
            },
            {
                "species": [
                    {
                        "element": "O",
                        "occu": 1
                    }
                ],
                "abc": [
                    0.59802468,
                    0.91975188,
                    0.67827281
                ],
                "xyz": [
                    3.719819117198191,
                    1.3262851629682384,
                    2.7332216881153495
                ],
                "label": "O",
                "properties": {}
            },
            {
                "species": [
                    {
                        "element": "O",
                        "occu": 1
                    }
                ],
                "abc": [
                    0.66975188,
                    0.49147907,
                    0.82172719
                ],
                "xyz": [
                    2.393533879833571,
                    3.7198190799999997,
                    1.1053423406729372
                ],
                "label": "O",
                "properties": {}
            }
        ]
    },
    "spacegroup": {
        "source": "spglib",
        "symbol": "I4_1/amd",
        "number": 141,
        "point_group": "4/mmm",
        "crystal_system": "tetragonal",
        "hall": "I 4bw 2bw -1bw"
    },