{
    "mp_id": "mp-2133",
    "nelements": 2,
    "nsites": 4,
    "elements": [
        "O",
        "Zn"
    ],
    "structure": {
        "@module": "pymatgen.core.structure",
        "@class": "Structure",
        "charge": null,
        "lattice": {
            "matrix": [
                [
                    3.1752518,
                    0.0,
                    0.0
                ],
                [
                    -1.5876259,
                    2.74984895,
                    0.0
                ],
                [
                    0.0,
                    0.0,
                    5.11618942
                ]
            ],
            "a": 3.1752518,
            "b": 3.175251997269967,
            "c": 5.11618942,
            "alpha": 90.0,
            "beta": 90.0,
            "gamma": 119.9999979448441,
            "volume": 44.671817742839984
        },
        "sites": [
            {
                "species": [
                    {
                        "element": "Zn",
                        "occu": 1
                    }
                ],
                "abc": [
                    0.666667,
                    0.333333,
                    0.50036963
                ],
                "xyz": [
                    1.5876274876259,
                    0.91661540005035,
                    2.5599858070953148
                ],
                "label": "Zn",
                "properties": {}
            },
            {
                "species": [
                    {
                        "element": "Zn",
                        "occu": 1
                    }
                ],
                "abc": [
                    0.333333,
                    0.666667,
                    0.00036963
                ],
                "xyz": [
                    -1.5876259000791038e-06,
                    1.8332335499496502,
                    0.0018910970953146002
                ],
                "label": "Zn",
                "properties": {}
            },
            {
                "species": [
                    {
                        "element": "O",
                        "occu": 1
                    }
                ],
                "abc": [
                    0.666667,
                    0.333333,
                    0.87994037
                ],
                "xyz": [
                    1.5876274876259,
                    0.91661540005035,
                    4.501941611224886
                ],
                "label": "O",
                "properties": {}
            },
            {
                "species": [
                    {
                        "element": "O",
                        "occu": 1
                    }
                ],
                "abc": [
                    0.333333,
                    0.666667,
                    0.37994037
                ],
                "xyz": [
                    -1.5876259000791038e-06,
                    1.8332335499496502,
                    1.9438469012248858
                ],
                "label": "O",
                "properties": {}
            }
        ]
    },
    "spacegroup": {
        "source": "spglib",
        "symbol": "P6_3mc",
        "number": 186,
        "point_group": "6mm",
        "crystal_system": "hexagonal",
        "hall": "P 6c -2c"
    },
    "dielectric": {
        "epsilon_ionic": [
            [
                4.17915959,
                0.0,
                -0.00026728
            ],
            [
                0.0,
                4.17892956,
                -1.742e-05
            ],
            [
                -0.00026728,
                -1.742e-05,
                4.92028624
            ]
        ],
        "epsilon_ionic_avg": 4.426125130000001,
        "epsilon_ionic_eig": [
            4.920286336801204,
            4.179159493608297,
            4.178929559590502
        ],
        "epsilon_electronic": [
            [
                4.27056512,
                0.0,
                0.0
            ],
            [
                0.0,
                4.27056544,
                0.0
            ],
            [
                0.0,
                0.0,
                4.33338192
            ]
        ],
        "epsilon_electronic_avg": 4.29150416,
        "epsilon_electronic_eig": [
            4.27056512,
            4.27056544,
            4.33338192
        ]
    },
    "phonon": {
        "lowest_freq": -0.03814900003925077,
        "frequency": [
            -0.03814900003925077,
            -0.03814899859779672,
            -0.018030772266746736,
            2.6621261850075704,
            2.6621262905848893,
            7.831288216338721,
            11.532231143496244,
            12.162411889492843,
            12.162412351671147,
            12.961552737513944,
            12.96155323719199,
            16.294026333072857
        ]
    },
    "born_effective_charge": {
        "avg_abs_trace": 2.0186025,
        "tensors": [
            [
                [
                    1.99859,
                    0.0,
                    -0.00011
                ],
                [
                    0.0,
                    1.99854,
                    0.0
                ],
                [
                    0.0,
                    -0.0,
                    2.05868
                ]
            ],
            [
                [
                    1.99859,
                    -0.0,
                    -0.00011
                ],
                [
                    0.0,
                    1.99854,
                    -2e-05
                ],
                [
                    0.0,
                    0.0,
                    2.05868
                ]
            ],
            [
                [
                    -1.99859,
                    4e-05,
                    0.00011
                ],
                [
                    0.0,
                    -1.99853,
                    1e-05
                ],
                [
                    -0.0,
                    -0.0,
                    -2.05868
                ]
            ],
            [
                [
                    -1.99859,
                    -4e-05,
                    0.00011
                ],
                [
                    -0.0,
                    -1.99854,
                    -0.0
                ],
                [
                    -0.0,
                    0.0,
                    -2.05868
                ]
            ]
        ]
    },
    "band_gap": 1.4599000000000002,
    "is_direct": true,
    "formula": "ZnO"
}