{
    "mp_id": "mp-22450",
    "nelements": 3,
    "nsites": 12,
    "elements": [
        "Li",
        "O",
        "Pb"
    ],
    "structure": {
        "@module": "pymatgen.core.structure",
        "@class": "Structure",
        "charge": null,
        "lattice": {
            "matrix": [
                [
                    2.70302641,
                    -4.661205,
                    -0.00129591
                ],
                [
                    2.70302641,
                    4.661205,
                    -0.00129591
                ],
                [
                    -1.90966376,
                    0.0,
                    5.137133
                ]
            ],
            "a": 5.388245122910169,
            "b": 5.388245122910169,
            "c": 5.480597698786724,
            "alpha": 100.07991569830125,
            "beta": 100.07991569830125,
            "gamma": 119.78122018239046,
            "volume": 129.4261076474541
        },
        "sites": [
            {
                "species": [
                    {
                        "element": "Li",
                        "occu": 1
                    }
                ],
                "abc": [
                    0.25644884,
                    0.74355116,
                    0.75
                ],
                "xyz": [
                    1.2707785900000002,
                    2.2704837694956,
                    3.8515538400000002
                ],
                "label": "Li",
                "properties": {}
            },
            {
                "species": [
                    {
                        "element": "Li",
                        "occu": 1
                    }
                ],
                "abc": [
                    0.74355116,
                    0.25644884,
                    0.25
                ],
                "xyz": [
                    2.2256104700000003,
                    -2.2704837694956,
                    1.28298734
                ],
                "label": "Li",
                "properties": {}
            },
            {
                "species": [
                    {
                        "element": "Li",
                        "occu": 1
                    }
                ],
                "abc": [
                    0.58280526,
                    0.41719474,
                    0.75
                ],
                "xyz": [
                    1.2707785900000002,
                    -0.7719445838765999,
                    3.8515538400000002
                ],
                "label": "Li",
                "properties": {}
            },
            {
                "species": [
                    {
                        "element": "Li",
                        "occu": 1
                    }
                ],
                "abc": [
                    0.41719474,
                    0.58280526,
                    0.25
                ],
                "xyz": [
                    2.2256104700000003,
                    0.7719445838765999,
                    1.28298734
                ],
                "label": "Li",
                "properties": {}
            },
            {
                "species": [
                    {
                        "element": "Pb",
                        "occu": 1
                    }
                ],
                "abc": [
                    0.08808245,
                    0.91191755,
                    0.25
                ],
                "xyz": [
                    2.2256104700000003,
                    3.8400642872955,
                    1.28298734
                ],
                "label": "Pb",
                "properties": {}
            },
            {
                "species": [
                    {
                        "element": "Pb",
                        "occu": 1
                    }
                ],
                "abc": [
                    0.91191755,
                    0.08808245,
                    0.75
                ],
                "xyz": [
                    1.2707785900000002,
                    -3.8400642872955,
                    3.8515538400000002
                ],
                "label": "Pb",
                "properties": {}
            },
            {
                "species": [
                    {
                        "element": "O",
                        "occu": 1
                    }
                ],
                "abc": [
                    0.0,
                    0.5,
                    0.0
                ],
                "xyz": [
                    1.351513205,
                    2.3306025,
                    -0.000647955
                ],
                "label": "O",
                "properties": {}
            },
            {
                "species": [
                    {
                        "element": "O",
                        "occu": 1
                    }
                ],
                "abc": [
                    0.5,
                    0.0,
                    0.5
                ],
                "xyz": [
                    0.3966813250000001,
                    -2.3306025,
                    2.5679185450000004
                ],
                "label": "O",
                "properties": {}
            },
            {
                "species": [
                    {
                        "element": "O",
                        "occu": 1
                    }
                ],
                "abc": [
                    0.67427963,
                    0.83489902,
                    0.99190421
                ],
                "xyz": [
                    2.185146225129717,
                    0.7486799037649501,
                    5.093588090325609
                ],
                "label": "O",
                "properties": {}
            },
            {
                "species": [
                    {
                        "element": "O",
                        "occu": 1
                    }
                ],
                "abc": [
                    0.16510098,
                    0.32572037,
                    0.50809579
                ],
                "xyz": [
                    0.35641095487028307,
                    0.7486799037649499,
                    2.609519589674392
                ],
                "label": "O",
                "properties": {}
            },
            {
                "species": [
                    {
                        "element": "O",
                        "occu": 1
                    }
                ],
                "abc": [
                    0.32572037,
                    0.16510098,
                    0.00809579
                ],
                "xyz": [
                    1.3112428348702831,
                    -0.7486799037649499,
                    0.0409530896743915
                ],
                "label": "O",
                "properties": {}
            },
            {
                "species": [
                    {
                        "element": "O",
                        "occu": 1
                    }
                ],
                "abc": [
                    0.83489902,
                    0.67427963,
                    0.49190421
                ],
                "xyz": [
                    3.139978105129717,
                    -0.7486799037649501,
                    2.525021590325609
                ],
                "label": "O",
                "properties": {}
            }
        ]
    },
    "spacegroup": {
        "source": "spglib",
        "symbol": "C2/c",
        "number": 15,
        "point_group": "2/m",
        "crystal_system": "monoclinic",
        "hall": "-C 2yc"
    },