{
    "mp_id": "mp-28712",
    "nelements": 3,
    "nsites": 15,
    "elements": [
        "Hg",
        "O",
        "Si"
    ],
    "structure": {
        "@module": "pymatgen.core.structure",
        "@class": "Structure",
        "charge": null,
        "lattice": {
            "matrix": [
                [
                    5.92027476,
                    -3.79867784,
                    0.00214241
                ],
                [
                    5.92027476,
                    3.79867784,
                    0.00214241
                ],
                [
                    -2.18070821,
                    0.0,
                    5.61944943
                ]
            ],
            "a": 7.034174518443562,
            "b": 7.034174518443562,
            "c": 6.027744204384318,
            "alpha": 107.71033885440306,
            "beta": 107.71033885440306,
            "gamma": 65.37160559386243,
            "volume": 252.78952473185643
        },
        "sites": [
            {
                "species": [
                    {
                        "element": "Si",
                        "occu": 1
                    }
                ],
                "abc": [
                    0.35284385,
                    0.35284385,
                    0.89899059
                ],
                "xyz": [
                    2.217428918426708,
                    0.0,
                    5.053344030936221
                ],
                "label": "Si",
                "properties": {}
            },
            {
                "species": [
                    {
                        "element": "Si",
                        "occu": 1
                    }
                ],
                "abc": [
                    0.64715615,
                    0.64715615,
                    0.10100941
                ],
                "xyz": [
                    7.442412391573292,
                    0.0,
                    0.5703902190637793
                ],
                "label": "Si",
                "properties": {}
            },
            {
                "species": [
                    {
                        "element": "Hg",
                        "occu": 1
                    }
                ],
                "abc": [
                    0.35347917,
                    0.87831428,
                    0.5834805
                ],
                "xyz": [
                    6.020154954843417,
                    1.9936795020109621,
                    3.2814781697463293
                ],
                "label": "Hg",
                "properties": {}
            },
            {
                "species": [
                    {
                        "element": "Hg",
                        "occu": 1
                    }
                ],
                "abc": [
                    0.12168572,
                    0.64652083,
                    0.4165195
                ],
                "xyz": [
                    3.6396863551565835,
                    1.9936795020109623,
                    2.3422560802536707
                ],
                "label": "Hg",
                "properties": {}
            },
            {
                "species": [
                    {
                        "element": "Hg",
                        "occu": 1
                    }
                ],
                "abc": [
                    0.64652083,
                    0.12168572,
                    0.4165195
                ],
                "xyz": [
                    3.6396863551565835,
                    -1.9936795020109623,
                    2.3422560802536707
                ],
                "label": "Hg",
                "properties": {}
            },
            {
                "species": [
                    {
                        "element": "Hg",
                        "occu": 1
                    }
                ],
                "abc": [
                    0.87831428,
                    0.35347917,
                    0.5834805
                ],
                "xyz": [
                    6.020154954843417,
                    -1.9936795020109621,
                    3.2814781697463293
                ],
                "label": "Hg",
                "properties": {}
            },
            {
                "species": [
                    {
                        "element": "Hg",
                        "occu": 1
                    }
                ],
                "abc": [
                    0.8853126,
                    0.8853126,
                    0.95239345
                ],
                "xyz": [
                    8.405695465414727,
                    0.0,
                    5.355720234872965
                ],
                "label": "Hg",
                "properties": {}
            },
            {
                "species": [
                    {
                        "element": "Hg",
                        "occu": 1
                    }
                ],
                "abc": [
                    0.1146874,
                    0.1146874,
                    0.04760655
                ],
                "xyz": [
                    1.2541458445852725,
                    0.0,
                    0.2680140151270345
                ],
                "label": "Hg",
                "properties": {}
            },
            {
                "species": [
                    {
                        "element": "O",
                        "occu": 1
                    }
                ],
                "abc": [
                    0.5,
                    0.5,
                    0.0
                ],
                "xyz": [
                    5.92027476,
                    0.0,
                    0.00214241
                ],
                "label": "O",
                "properties": {}
            },
            {
                "species": [
                    {
                        "element": "O",
                        "occu": 1
                    }
                ],
                "abc": [
                    0.48598476,
                    0.12771805,
                    0.73843471
                ],
                "xyz": [
                    2.022978621538106,
                    -1.3609398120867064,
                    4.150911313238888
                ],
                "label": "O",
                "properties": {}
            },
            {
                "species": [
                    {
                        "element": "O",
                        "occu": 1
                    }
                ],
                "abc": [
                    0.87228195,
                    0.51401524,
                    0.26156529
                ],
                "xyz": [
                    7.636862688461894,
                    -1.360939812086706,
                    1.4728229367611128
                ],
                "label": "O",
                "properties": {}
            },
            {
                "species": [
                    {
                        "element": "O",
                        "occu": 1
                    }
                ],
                "abc": [
                    0.51401524,
                    0.87228195,
                    0.26156529
                ],
                "xyz": [
                    7.636862688461894,
                    1.360939812086706,
                    1.4728229367611128
                ],
                "label": "O",
                "properties": {}
            },
            {
                "species": [
                    {
                        "element": "O",
                        "occu": 1
                    }
                ],
                "abc": [
                    0.12771805,
                    0.48598476,
                    0.73843471
                ],