{
    "mp_id": "mp-29365",
    "nelements": 3,
    "nsites": 11,
    "elements": [
        "Bi",
        "Li",
        "O"
    ],
    "structure": {
        "@module": "pymatgen.core.structure",
        "@class": "Structure",
        "charge": null,
        "lattice": {
            "matrix": [
                [
                    4.92534484,
                    -2.11604903,
                    -0.00062613
                ],
                [
                    4.92534484,
                    2.11604903,
                    -0.00062613
                ],
                [
                    -1.99708453,
                    0.0,
                    5.62661105
                ]
            ],
            "a": 5.360660937078314,
            "b": 5.360660937078314,
            "c": 5.970519117124359,
            "alpha": 107.90492700924901,
            "beta": 107.90492700924901,
            "gamma": 46.49909400748578,
            "volume": 117.27884031321013
        },
        "sites": [
            {
                "species": [
                    {
                        "element": "Li",
                        "occu": 1
                    }
                ],
                "abc": [
                    0.28990083,
                    0.28990083,
                    0.158289
                ],
                "xyz": [
                    2.5396066011352647,
                    0.0,
                    0.8902676052800743
                ],
                "label": "Li",
                "properties": {}
            },
            {
                "species": [
                    {
                        "element": "Li",
                        "occu": 1
                    }
                ],
                "abc": [
                    0.0,
                    0.0,
                    0.0
                ],
                "xyz": [
                    0.0,
                    0.0,
                    0.0
                ],
                "label": "Li",
                "properties": {}
            },
            {
                "species": [
                    {
                        "element": "Li",
                        "occu": 1
                    }
                ],
                "abc": [
                    0.68830512,
                    0.68830512,
                    0.3601243
                ],
                "xyz": [
                    6.061081473868082,
                    0.0,
                    2.025417428783944
                ],
                "label": "Li",
                "properties": {}
            },
            {
                "species": [
                    {
                        "element": "Li",
                        "occu": 1
                    }
                ],
                "abc": [
                    0.31169488,
                    0.31169488,
                    0.6398757
                ],
                "xyz": [
                    1.7925236761319174,
                    0.0,
                    3.5999413612160565
                ],
                "label": "Li",
                "properties": {}
            },
            {
                "species": [
                    {
                        "element": "Li",
                        "occu": 1
                    }
                ],
                "abc": [
                    0.71009917,
                    0.71009917,
                    0.841711
                ],
                "xyz": [
                    5.313998548864736,
                    0.0,
                    4.735091184719926
                ],
                "label": "Li",
                "properties": {}
            },
            {
                "species": [
                    {
                        "element": "Bi",
                        "occu": 1
                    }
                ],
                "abc": [
                    0.0,
                    0.0,
                    0.5
                ],
                "xyz": [
                    -0.998542265,
                    0.0,
                    2.813305525
                ],
                "label": "Bi",
                "properties": {}
            },
            {
                "species": [
                    {
                        "element": "O",
                        "occu": 1
                    }
                ],
                "abc": [
                    0.14998548,
                    0.14998548,
                    0.32001302
                ],
                "xyz": [
                    0.838367368345266,
                    0.0,
                    1.8004009736586861
                ],
                "label": "O",
                "properties": {}
            },
            {
                "species": [
                    {
                        "element": "O",
                        "occu": 1
                    }
                ],
                "abc": [
                    0.5,
                    0.5,
                    0.5
                ],
                "xyz": [
                    3.926802575,
                    0.0,
                    2.812679395
                ],
                "label": "O",
                "properties": {}
            },
            {
                "species": [
                    {
                        "element": "O",
                        "occu": 1
                    }
                ],
                "abc": [
                    0.83409576,
                    0.83409576,
                    0.17206124
                ],
                "xyz": [
                    7.872797654547139,
                    0.0,
                    0.9670771695042845
                ],
                "label": "O",
                "properties": {}
            },
            {
                "species": [
                    {
                        "element": "O",
                        "occu": 1
                    }
                ],
                "abc": [
                    0.16590424,
                    0.16590424,
                    0.82793876
                ],
                "xyz": [
                    -0.0191925045471395,
                    0.0,
                    4.658281620495716
                ],
                "label": "O",
                "properties": {}
            },
            {
                "species": [
                    {
                        "element": "O",
                        "occu": 1
                    }
                ],
                "abc": [
                    0.85001452,
                    0.85001452,
                    0.67998698
                ],
                "xyz": [
                    7.015237781654735,
                    0.0,
                    3.8249578163413136
                ],
                "label": "O",
                "properties": {}
            }
        ]
    },
    "spacegroup": {
        "source": "spglib",
        "symbol": "C2/m",
        "number": 12,
        "point_group": "2/m",
        "crystal_system": "monoclinic",
        "hall": "-C 2y"
    },
    "dielectric": {
        "epsilon_ionic": [
            [
                24.84495369,
                1e-08,
                3.95427402
            ],
            [
                1e-08,
                15.9163783,
                -5e-08
            ],
            [
                3.95427402,
                -5e-08,
                11.66377158
            ]
        ],
        "epsilon_ionic_avg": 17.47503452333334,
        "epsilon_ionic_eig": [
            25.940205040325075,
            10.56852022967494,
            15.916378300000007
        ],
        "epsilon_electronic": [
            [
                3.79404206,
                0.0,
                0.01614232
            ],
            [
                0.0,
                4.17974082,
                0.0
            ],
            [
                0.01613856,
                0.0,
                3.8023713
            ]
        ],