{
    "mp_id": "mp-22373",
    "nelements": 3,
    "nsites": 16,
    "elements": [
        "Cr",
        "O",
        "Pb"
    ],
    "structure": {
        "@module": "pymatgen.core.structure",
        "@class": "Structure",
        "charge": null,
        "lattice": {
            "matrix": [
                [
                    6.91736025,
                    -2.81848404,
                    -0.00051293
                ],
                [
                    6.91736025,
                    2.81848404,
                    -0.00051293
                ],
                [
                    -2.87159741,
                    0.0,
                    6.48153866
                ]
            ],
            "a": 7.469519755319746,
            "b": 7.469519755319746,
            "c": 7.089175910230561,
            "alpha": 112.03589308009659,
            "beta": 112.03589308009659,
            "gamma": 44.33695708141322,
            "volume": 252.72593827237733
        },
        "sites": [
            {
                "species": [
                    {
                        "element": "Cr",
                        "occu": 1
                    }
                ],
                "abc": [
                    0.17046042,
                    0.17046042,
                    0.66166009
                ],
                "xyz": [
                    0.45825086626824274,
                    0.0,
                    4.2884005845876185
                ],
                "label": "Cr",
                "properties": {}
            },
            {
                "species": [
                    {
                        "element": "Cr",
                        "occu": 1
                    }
                ],
                "abc": [
                    0.82953958,
                    0.82953958,
                    0.33833991
                ],
                "xyz": [
                    10.504872223731757,
                    0.0,
                    2.192112215412382
                ],
                "label": "Cr",
                "properties": {}
            },
            {
                "species": [
                    {
                        "element": "Pb",
                        "occu": 1
                    }
                ],
                "abc": [
                    0.51772749,
                    0.51772749,
                    0.26711086
                ],
                "xyz": [
                    6.395580265557671,
                    0.0,
                    1.7307582496729563
                ],
                "label": "Pb",
                "properties": {}
            },
            {
                "species": [
                    {
                        "element": "Pb",
                        "occu": 1
                    }
                ],
                "abc": [
                    0.48227251,
                    0.48227251,
                    0.73288914
                ],
                "xyz": [
                    4.567542824442327,
                    0.0,
                    4.749754550327044
                ],
                "label": "Pb",
                "properties": {}
            },
            {
                "species": [
                    {
                        "element": "Pb",
                        "occu": 1
                    }
                ],
                "abc": [
                    0.14401614,
                    0.14401614,
                    0.109367
                ],
                "xyz": [
                    1.6783650504493997,
                    0.0,
                    0.7087186982308397
                ],
                "label": "Pb",
                "properties": {}
            },
            {
                "species": [
                    {
                        "element": "Pb",
                        "occu": 1
                    }
                ],
                "abc": [
                    0.85598386,
                    0.85598386,
                    0.890633
                ],
                "xyz": [
                    9.2847580395506,
                    0.0,
                    5.771794101769161
                ],
                "label": "Pb",
                "properties": {}
            },
            {
                "species": [
                    {
                        "element": "O",
                        "occu": 1
                    }
                ],
                "abc": [
                    0.25168012,
                    0.74831988,
                    0.0
                ],
                "xyz": [
                    6.917360250000001,
                    1.3997712371894306,
                    -0.00051293
                ],
                "label": "O",
                "properties": {}
            },
            {
                "species": [
                    {
                        "element": "O",
                        "occu": 1
                    }
                ],
                "abc": [
                    0.74831988,
                    0.25168012,
                    0.0
                ],
                "xyz": [
                    6.917360250000001,
                    -1.3997712371894306,
                    -0.00051293
                ],
                "label": "O",
                "properties": {}
            },
            {
                "species": [
                    {
                        "element": "O",
                        "occu": 1
                    }
                ],
                "abc": [
                    0.08945129,
                    0.61671669,
                    0.22417532
                ],
                "xyz": [
                    4.241077046376874,
                    1.486089114744216,
                    1.4526387884558898
                ],
                "label": "O",
                "properties": {}
            },
            {
                "species": [
                    {
                        "element": "O",
                        "occu": 1
                    }
                ],
                "abc": [
                    0.38328331,
                    0.91054871,
                    0.77582468
                ],
                "xyz": [
                    6.722046043623127,
                    1.486089114744216,
                    5.02787401154411
                ],
                "label": "O",
                "properties": {}
            },
            {
                "species": [
                    {
                        "element": "O",
                        "occu": 1
                    }
                ],
                "abc": [
                    0.91054871,
                    0.38328331,
                    0.77582468
                ],
                "xyz": [
                    6.722046043623127,
                    -1.486089114744216,
                    5.02787401154411
                ],
                "label": "O",
                "properties": {}
            },
            {
                "species": [
                    {
                        "element": "O",
                        "occu": 1
                    }
                ],
                "abc": [
                    0.61671669,
                    0.08945129,
                    0.22417532
                ],
                "xyz": [
                    4.241077046376874,
                    -1.486089114744216,
                    1.4526387884558898
                ],
                "label": "O",
                "properties": {}
            },
            {
                "species": [
                    {
                        "element": "O",
                        "occu": 1
                    }
                ],
                "abc": [
                    0.90451258,
                    0.90451258,
                    0.59047641
                ],