{
    "mp_id": "mp-2908",
    "nelements": 3,
    "nsites": 14,
    "elements": [
        "Al",
        "O",
        "Zn"
    ],
    "structure": {
        "@module": "pymatgen.core.structure",
        "@class": "Structure",
        "charge": null,
        "lattice": {
            "matrix": [
                [
                    0.0,
                    4.02395924,
                    4.02395924
                ],
                [
                    4.02395924,
                    0.0,
                    4.02395924
                ],
                [
                    4.02395924,
                    4.02395924,
                    0.0
                ]
            ],
            "a": 5.690737731644532,
            "b": 5.690737731644532,
            "c": 5.690737731644532,
            "alpha": 60.00000000000001,
            "beta": 60.00000000000001,
            "gamma": 60.00000000000001,
            "volume": 130.3138916317256
        },
        "sites": [
            {
                "species": [
                    {
                        "element": "Al",
                        "occu": 1
                    }
                ],
                "abc": [
                    0.625,
                    0.625,
                    0.125
                ],
                "xyz": [
                    3.01796943,
                    3.01796943,
                    5.02994905
                ],
                "label": "Al",
                "properties": {}
            },
            {
                "species": [
                    {
                        "element": "Al",
                        "occu": 1
                    }
                ],
                "abc": [
                    0.625,
                    0.125,
                    0.625
                ],
                "xyz": [
                    3.01796943,
                    5.02994905,
                    3.01796943
                ],
                "label": "Al",
                "properties": {}
            },
            {
                "species": [
                    {
                        "element": "Al",
                        "occu": 1
                    }
                ],
                "abc": [
                    0.125,
                    0.625,
                    0.625
                ],
                "xyz": [
                    5.02994905,
                    3.01796943,
                    3.01796943
                ],
                "label": "Al",
                "properties": {}
            },
            {
                "species": [
                    {
                        "element": "Al",
                        "occu": 1
                    }
                ],
                "abc": [
                    0.625,
                    0.625,
                    0.625
                ],
                "xyz": [
                    5.02994905,
                    5.02994905,
                    5.02994905
                ],
                "label": "Al",
                "properties": {}
            },
            {
                "species": [
                    {
                        "element": "Zn",
                        "occu": 1
                    }
                ],
                "abc": [
                    0.0,
                    0.0,
                    0.0
                ],
                "xyz": [
                    0.0,
                    0.0,
                    0.0
                ],
                "label": "Zn",
                "properties": {}
            },
            {
                "species": [
                    {
                        "element": "Zn",
                        "occu": 1
                    }
                ],
                "abc": [
                    0.25,
                    0.25,
                    0.25
                ],
                "xyz": [
                    2.01197962,
                    2.01197962,
                    2.01197962
                ],
                "label": "Zn",
                "properties": {}
            },
            {
                "species": [
                    {
                        "element": "O",
                        "occu": 1
                    }
                ],
                "abc": [
                    0.86218021,
                    0.86218021,
                    0.86218021
                ],
                "xyz": [
                    6.9387560451492805,
                    6.9387560451492805,
                    6.9387560451492805
                ],
                "label": "O",
                "properties": {}
            },
            {
                "species": [
                    {
                        "element": "O",
                        "occu": 1
                    }
                ],
                "abc": [
                    0.83654064,
                    0.38781979,
                    0.38781979
                ],
                "xyz": [
                    3.121142054850719,
                    4.926776465388873,
                    4.926776465388873
                ],
                "label": "O",
                "properties": {}
            },
            {
                "species": [
                    {
                        "element": "O",
                        "occu": 1
                    }
                ],
                "abc": [
                    0.38781979,
                    0.38781979,
                    0.83654064
                ],
                "xyz": [
                    4.926776465388873,
                    4.926776465388873,
                    3.121142054850719
                ],
                "label": "O",
                "properties": {}
            },
            {
                "species": [
                    {
                        "element": "O",
                        "occu": 1
                    }
                ],
                "abc": [
                    0.38781979,
                    0.83654064,
                    0.38781979
                ],
                "xyz": [
                    4.926776465388873,
                    3.121142054850719,
                    4.926776465388873
                ],
                "label": "O",
                "properties": {}
            },
            {
                "species": [
                    {
                        "element": "O",
                        "occu": 1
                    }
                ],
                "abc": [
                    0.86218021,
                    0.86218021,
                    0.41345936
                ],
                "xyz": [
                    5.133121634611126,
                    5.133121634611126,
                    6.9387560451492805
                ],
                "label": "O",
                "properties": {}
            },
            {
                "species": [
                    {
                        "element": "O",
                        "occu": 1
                    }
                ],
                "abc": [
                    0.86218021,
                    0.41345936,
                    0.86218021
                ],
                "xyz": [
                    5.133121634611126,
                    6.9387560451492805,
                    5.133121634611126
                ],
                "label": "O",
                "properties": {}
            },
            {
                "species": [
                    {
                        "element": "O",
                        "occu": 1
                    }
                ],
                "abc": [
                    0.38781979,
                    0.38781979,
                    0.38781979
                ],
                "xyz": [
                    3.121142054850719,
                    3.121142054850719,
                    3.121142054850719
                ],
                "label": "O",