{
    "mp_id": "mp-29396",
    "nelements": 3,
    "nsites": 10,
    "elements": [
        "Cu",
        "O",
        "Pb"
    ],
    "structure": {
        "@module": "pymatgen.core.structure",
        "@class": "Structure",
        "charge": null,
        "lattice": {
            "matrix": [
                [
                    4.0754501,
                    -4.05391163,
                    0.00016315
                ],
                [
                    4.0754501,
                    4.05391163,
                    0.00016315
                ],
                [
                    -4.03316277,
                    0.0,
                    4.38082994
                ]
            ],
            "a": 5.748346983964798,
            "b": 5.748346983964798,
            "c": 5.954668159731025,
            "alpha": 118.69700260124743,
            "beta": 118.69700260124743,
            "gamma": 89.69639418980107,
            "volume": 144.76122629145164
        },
        "sites": [
            {
                "species": [
                    {
                        "element": "Cu",
                        "occu": 1
                    }
                ],
                "abc": [
                    0.5,
                    0.5,
                    0.0
                ],
                "xyz": [
                    4.0754501,
                    0.0,
                    0.00016315
                ],
                "label": "Cu",
                "properties": {}
            },
            {
                "species": [
                    {
                        "element": "Cu",
                        "occu": 1
                    }
                ],
                "abc": [
                    0.5,
                    0.5,
                    0.5
                ],
                "xyz": [
                    2.0588687150000005,
                    0.0,
                    2.19057812
                ],
                "label": "Cu",
                "properties": {}
            },
            {
                "species": [
                    {
                        "element": "Cu",
                        "occu": 1
                    }
                ],
                "abc": [
                    0.0,
                    0.5,
                    0.5
                ],
                "xyz": [
                    0.02114366500000031,
                    2.026955815,
                    2.190496545
                ],
                "label": "Cu",
                "properties": {}
            },
            {
                "species": [
                    {
                        "element": "Cu",
                        "occu": 1
                    }
                ],
                "abc": [
                    0.5,
                    0.0,
                    0.0
                ],
                "xyz": [
                    2.03772505,
                    -2.026955815,
                    8.1575e-05
                ],
                "label": "Cu",
                "properties": {}
            },
            {
                "species": [
                    {
                        "element": "Pb",
                        "occu": 1
                    }
                ],
                "abc": [
                    0.86792936,
                    0.13207064,
                    0.75
                ],
                "xyz": [
                    1.0505780225000008,
                    -2.9831062230449135,
                    3.285785605
                ],
                "label": "Pb",
                "properties": {}
            },
            {
                "species": [
                    {
                        "element": "Pb",
                        "occu": 1
                    }
                ],
                "abc": [
                    0.13207064,
                    0.86792936,
                    0.25
                ],
                "xyz": [
                    3.0671594075,
                    2.9831062230449135,
                    1.0953706349999999
                ],
                "label": "Pb",
                "properties": {}
            },
            {
                "species": [
                    {
                        "element": "O",
                        "occu": 1
                    }
                ],
                "abc": [
                    0.85409529,
                    0.7181857,
                    0.71195472
                ],
                "xyz": [
                    3.536323447293826,
                    -0.5509654675295312,
                    3.1192090709438354
                ],
                "label": "O",
                "properties": {}
            },
            {
                "species": [
                    {
                        "element": "O",
                        "occu": 1
                    }
                ],
                "abc": [
                    0.2818143,
                    0.14590471,
                    0.78804528
                ],
                "xyz": [
                    -1.4351674022938243,
                    -0.5509654675295318,
                    3.4523621390561647
                ],
                "label": "O",
                "properties": {}
            },
            {
                "species": [
                    {
                        "element": "O",
                        "occu": 1
                    }
                ],
                "abc": [
                    0.14590471,
                    0.2818143,
                    0.28804528
                ],
                "xyz": [
                    0.5814139827061755,
                    0.5509654675295318,
                    1.2619471690561648
                ],
                "label": "O",
                "properties": {}
            },
            {
                "species": [
                    {
                        "element": "O",
                        "occu": 1
                    }
                ],
                "abc": [
                    0.7181857,
                    0.85409529,
                    0.21195472
                ],
                "xyz": [
                    5.552904832293826,
                    0.5509654675295312,
                    0.9287941009438354
                ],
                "label": "O",
                "properties": {}
            }
        ]
    },
    "spacegroup": {
        "source": "spglib",
        "symbol": "C2/c",
        "number": 15,
        "point_group": "2/m",
        "crystal_system": "monoclinic",
        "hall": "-C 2yc"
    },
    "dielectric": {
        "epsilon_ionic": [
            [
                6.52978848,
                -1.9e-07,
                -4.25264134
            ],
            [
                -1.9e-07,
                3.67164393,
                2.1e-07
            ],
            [
                -4.25264134,
                2.1e-07,
                9.48042075
            ]
        ],
        "epsilon_ionic_avg": 6.560617720000003,
        "epsilon_ionic_eig": [
            12.506383995894776,
            3.5038252341052347,
            3.6716439299999992
        ],
        "epsilon_electronic": [
            [
                7.88272577,
                0.0,
                -0.05758683
            ],
            [
                0.0,
                8.40197614,
                0.0
            ],
            [
                -0.05759097,
                0.0,
                7.72796128
            ]
        ],
        "epsilon_electronic_avg": 8.004221063333333,
        "epsilon_electronic_eig": [
            7.901803326161755,
            7.7088837238382455,
            8.40197614
        ]
    },
    "phonon": {
        "lowest_freq": -0.07737665530090784,