{
    "mp_id": "mp-20727",
    "nelements": 3,
    "nsites": 9,
    "elements": [
        "O",
        "Pb",
        "Sb"
    ],
    "structure": {
        "@module": "pymatgen.core.structure",
        "@class": "Structure",
        "charge": null,
        "lattice": {
            "matrix": [
                [
                    5.33134296,
                    0.0,
                    0.0
                ],
                [
                    -2.66567098,
                    4.61707854,
                    0.0
                ],
                [
                    0.0,
                    0.0,
                    5.33358494
                ]
            ],
            "a": 5.33134296,
            "b": 5.331342796907988,
            "c": 5.33358494,
            "alpha": 90.0,
            "beta": 90.0,
            "gamma": 119.99999480718202,
            "volume": 131.28741559573976
        },
        "sites": [
            {
                "species": [
                    {
                        "element": "Sb",
                        "occu": 1
                    }
                ],
                "abc": [
                    0.666667,
                    0.333333,
                    0.5
                ],
                "xyz": [
                    2.66567431233798,
                    1.5390246409738197,
                    2.66679247
                ],
                "label": "Sb",
                "properties": {}
            },
            {
                "species": [
                    {
                        "element": "Sb",
                        "occu": 1
                    }
                ],
                "abc": [
                    0.333333,
                    0.666667,
                    0.5
                ],
                "xyz": [
                    -2.3323379800821442e-06,
                    3.07805389902618,
                    2.66679247
                ],
                "label": "Sb",
                "properties": {}
            },
            {
                "species": [
                    {
                        "element": "Pb",
                        "occu": 1
                    }
                ],
                "abc": [
                    0.0,
                    0.0,
                    0.0
                ],
                "xyz": [
                    0.0,
                    0.0,
                    0.0
                ],
                "label": "Pb",
                "properties": {}
            },
            {
                "species": [
                    {
                        "element": "O",
                        "occu": 1
                    }
                ],
                "abc": [
                    0.37759636,
                    0.37759636,
                    0.70911987
                ],
                "xyz": [
                    1.0065480366019928,
                    1.7433920505381144,
                    3.7821510592867575
                ],
                "label": "O",
                "properties": {}
            },
            {
                "species": [
                    {
                        "element": "O",
                        "occu": 1
                    }
                ],
                "abc": [
                    0.62240364,
                    0.0,
                    0.70911987
                ],
                "xyz": [
                    3.3182472643923746,
                    0.0,
                    3.7821510592867575
                ],
                "label": "O",
                "properties": {}
            },
            {
                "species": [
                    {
                        "element": "O",
                        "occu": 1
                    }
                ],
                "abc": [
                    0.0,
                    0.62240364,
                    0.70911987
                ],
                "xyz": [
                    -1.6591233209943672,
                    2.8736864894618854,
                    3.7821510592867575
                ],
                "label": "O",
                "properties": {}
            },
            {
                "species": [
                    {
                        "element": "O",
                        "occu": 1
                    }
                ],
                "abc": [
                    0.37759636,
                    0.0,
                    0.29088013
                ],
                "xyz": [
                    2.0130956956076256,
                    0.0,
                    1.5514338807132422
                ],
                "label": "O",
                "properties": {}
            },
            {
                "species": [
                    {
                        "element": "O",
                        "occu": 1
                    }
                ],
                "abc": [
                    0.0,
                    0.37759636,
                    0.29088013
                ],
                "xyz": [
                    -1.0065476590056328,
                    1.7433920505381144,
                    1.5514338807132422
                ],
                "label": "O",
                "properties": {}
            },
            {
                "species": [
                    {
                        "element": "O",
                        "occu": 1
                    }
                ],
                "abc": [
                    0.62240364,
                    0.62240364,
                    0.29088013
                ],
                "xyz": [
                    1.6591239433980074,
                    2.8736864894618854,
                    1.5514338807132422
                ],
                "label": "O",
                "properties": {}
            }
        ]
    },
    "spacegroup": {
        "source": "spglib",
        "symbol": "P-31m",
        "number": 162,
        "point_group": "-3m",
        "crystal_system": "trigonal",
        "hall": "-P 3 2"
    },
    "dielectric": {
        "epsilon_ionic": [
            [
                10.04995623,
                1e-08,
                -8.766e-05
            ],
            [
                1e-08,
                10.05013567,
                1.4e-07
            ],
            [
                -8.766e-05,
                1.4e-07,
                12.0925554
            ]
        ],
        "epsilon_ionic_avg": 10.730882433333337,
        "epsilon_ionic_eig": [
            12.092555403762024,
            10.04995622623744,
            10.05013567000055
        ],
        "epsilon_electronic": [
            [
                4.56660073,
                4.9e-07,
                0.0
            ],
            [
                4.9e-07,
                4.56659979,
                -0.0
            ],
            [
                0.0,
                0.0,
                4.37047219
            ]
        ],
        "epsilon_electronic_avg": 4.501224236666666,
        "epsilon_electronic_eig": [
            4.566600938969808,
            4.566599581030192,
            4.37047219
        ]
    },
    "phonon": {
        "lowest_freq": -0.022129498426356975,