{
    "mp_id": "mp-30284",
    "nelements": 3,
    "nsites": 10,
    "elements": [
        "As",
        "Hg",
        "O"
    ],
    "structure": {
        "@module": "pymatgen.core.structure",
        "@class": "Structure",
        "charge": null,
        "lattice": {
            "matrix": [
                [
                    4.90551221,
                    -0.0,
                    0.0
                ],
                [
                    -2.45275561,
                    4.24829848,
                    0.0
                ],
                [
                    0.0,
                    0.0,
                    7.62663224
                ]
            ],
            "a": 4.90551221,
            "b": 4.90551221153885,
            "c": 7.62663224,
            "alpha": 90.0,
            "beta": 90.0,
            "gamma": 119.99999331367682,
            "volume": 158.93962651068978
        },
        "sites": [
            {
                "species": [
                    {
                        "element": "Hg",
                        "occu": 1
                    }
                ],
                "abc": [
                    0.0,
                    0.0,
                    0.83200464
                ],
                "xyz": [
                    0.0,
                    0.0,
                    6.3453934112535935
                ],
                "label": "Hg",
                "properties": {}
            },
            {
                "species": [
                    {
                        "element": "Hg",
                        "occu": 1
                    }
                ],
                "abc": [
                    0.0,
                    0.0,
                    0.16799536
                ],
                "xyz": [
                    0.0,
                    0.0,
                    1.2812388287464065
                ],
                "label": "Hg",
                "properties": {}
            },
            {
                "species": [
                    {
                        "element": "As",
                        "occu": 1
                    }
                ],
                "abc": [
                    0.333333,
                    0.666667,
                    0.5
                ],
                "xyz": [
                    -2.122755940137111e-06,
                    2.83220040276616,
                    3.81331612
                ],
                "label": "As",
                "properties": {}
            },
            {
                "species": [
                    {
                        "element": "As",
                        "occu": 1
                    }
                ],
                "abc": [
                    0.666667,
                    0.333333,
                    0.5
                ],
                "xyz": [
                    2.45275872275594,
                    1.4160980772338398,
                    3.81331612
                ],
                "label": "As",
                "properties": {}
            },
            {
                "species": [
                    {
                        "element": "O",
                        "occu": 1
                    }
                ],
                "abc": [
                    0.3791729,
                    0.0,
                    0.63635552
                ],
                "xyz": [
                    1.8600372906511091,
                    0.0,
                    4.853249524933965
                ],
                "label": "O",
                "properties": {}
            },
            {
                "species": [
                    {
                        "element": "O",
                        "occu": 1
                    }
                ],
                "abc": [
                    0.0,
                    0.3791729,
                    0.63635552
                ],
                "xyz": [
                    -0.9300184576349689,
                    1.610839654727192,
                    4.853249524933965
                ],
                "label": "O",
                "properties": {}
            },
            {
                "species": [
                    {
                        "element": "O",
                        "occu": 1
                    }
                ],
                "abc": [
                    0.6208271,
                    0.6208271,
                    0.63635552
                ],
                "xyz": [
                    1.5227377669838602,
                    2.637458825272808,
                    4.853249524933965
                ],
                "label": "O",
                "properties": {}
            },
            {
                "species": [
                    {
                        "element": "O",
                        "occu": 1
                    }
                ],
                "abc": [
                    0.0,
                    0.6208271,
                    0.36364448
                ],
                "xyz": [
                    -1.522737152365031,
                    2.637458825272808,
                    2.773382715066035
                ],
                "label": "O",
                "properties": {}
            },
            {
                "species": [
                    {
                        "element": "O",
                        "occu": 1
                    }
                ],
                "abc": [
                    0.3791729,
                    0.3791729,
                    0.36364448
                ],
                "xyz": [
                    0.9300188330161402,
                    1.610839654727192,
                    2.773382715066035
                ],
                "label": "O",
                "properties": {}
            },
            {
                "species": [
                    {
                        "element": "O",
                        "occu": 1
                    }
                ],
                "abc": [
                    0.6208271,
                    0.0,
                    0.36364448
                ],
                "xyz": [
                    3.0454749193488913,
                    0.0,
                    2.773382715066035
                ],
                "label": "O",
                "properties": {}
            }
        ]
    },
    "spacegroup": {
        "source": "spglib",
        "symbol": "P-31m",
        "number": 162,
        "point_group": "-3m",
        "crystal_system": "trigonal",
        "hall": "-P 3 2"
    },
    "dielectric": {
        "epsilon_ionic": [
            [
                7.64518306,
                0.0,
                0.00010832
            ],
            [
                0.0,
                7.64522127,
                3e-08
            ],
            [
                0.00010832,
                3e-08,
                7.02768913
            ]
        ],
        "epsilon_ionic_avg": 7.439364486666663,
        "epsilon_ionic_eig": [
            7.02768911099864,
            7.64518307900135,
            7.645221270000001
        ],
        "epsilon_electronic": [
            [
                4.11625173,
                0.0,
                0.0
            ],
            [
                0.0,
                4.11625171,
                -0.0
            ],
            [
                0.0,
                -0.0,
                5.83724996
            ]
        ],
        "epsilon_electronic_avg": 4.6899178,
        "epsilon_electronic_eig": [
            4.11625173,
            4.11625171,
            5.83724996
        ]
    },
    "phonon": {
        "lowest_freq": -0.036501341346886436,