{
    "mp_id": "mp-30299",
    "nelements": 3,
    "nsites": 16,
    "elements": [
        "As",
        "O",
        "Rb"
    ],
    "structure": {
        "@module": "pymatgen.core.structure",
        "@class": "Structure",
        "charge": null,
        "lattice": {
            "matrix": [
                [
                    7.37988988,
                    0.0,
                    0.0
                ],
                [
                    0.0,
                    7.74472782,
                    0.0
                ],
                [
                    0.0,
                    0.0,
                    5.50880353
                ]
            ],
            "a": 7.37988988,
            "b": 7.74472782,
            "c": 5.50880353,
            "alpha": 90.0,
            "beta": 90.0,
            "gamma": 90.0,
            "volume": 314.8569793984074
        },
        "sites": [
            {
                "species": [
                    {
                        "element": "Rb",
                        "occu": 1
                    }
                ],
                "abc": [
                    0.36131424,
                    0.40204242,
                    0.25
                ],
                "xyz": [
                    2.666459303275891,
                    3.1137091149941245,
                    1.3772008825
                ],
                "label": "Rb",
                "properties": {}
            },
            {
                "species": [
                    {
                        "element": "Rb",
                        "occu": 1
                    }
                ],
                "abc": [
                    0.63868576,
                    0.59795758,
                    0.75
                ],
                "xyz": [
                    4.713430576724109,
                    4.631018705005875,
                    4.131602647499999
                ],
                "label": "Rb",
                "properties": {}
            },
            {
                "species": [
                    {
                        "element": "Rb",
                        "occu": 1
                    }
                ],
                "abc": [
                    0.36131424,
                    0.09795758,
                    0.75
                ],
                "xyz": [
                    2.666459303275891,
                    0.7586547950058756,
                    4.131602647499999
                ],
                "label": "Rb",
                "properties": {}
            },
            {
                "species": [
                    {
                        "element": "Rb",
                        "occu": 1
                    }
                ],
                "abc": [
                    0.63868576,
                    0.90204242,
                    0.25
                ],
                "xyz": [
                    4.713430576724109,
                    6.986073024994124,
                    1.3772008825
                ],
                "label": "Rb",
                "properties": {}
            },
            {
                "species": [
                    {
                        "element": "As",
                        "occu": 1
                    }
                ],
                "abc": [
                    0.85448679,
                    0.36704628,
                    0.25
                ],
                "xyz": [
                    6.3060184141146856,
                    2.8426735359435096,
                    1.3772008825
                ],
                "label": "As",
                "properties": {}
            },
            {
                "species": [
                    {
                        "element": "As",
                        "occu": 1
                    }
                ],
                "abc": [
                    0.85448679,
                    0.13295372,
                    0.75
                ],
                "xyz": [
                    6.3060184141146856,
                    1.0296903740564902,
                    4.131602647499999
                ],
                "label": "As",
                "properties": {}
            },
            {
                "species": [
                    {
                        "element": "As",
                        "occu": 1
                    }
                ],
                "abc": [
                    0.14551321,
                    0.63295372,
                    0.75
                ],
                "xyz": [
                    1.0738714658853148,
                    4.902054284056491,
                    4.131602647499999
                ],
                "label": "As",
                "properties": {}
            },
            {
                "species": [
                    {
                        "element": "As",
                        "occu": 1
                    }
                ],
                "abc": [
                    0.14551321,
                    0.86704628,
                    0.25
                ],
                "xyz": [
                    1.0738714658853148,
                    6.7150374459435085,
                    1.3772008825
                ],
                "label": "As",
                "properties": {}
            },
            {
                "species": [
                    {
                        "element": "O",
                        "occu": 1
                    }
                ],
                "abc": [
                    0.26584201,
                    0.75,
                    0.5
                ],
                "xyz": [
                    1.961884759277859,
                    5.808545864999999,
                    2.754401765
                ],
                "label": "O",
                "properties": {}
            },
            {
                "species": [
                    {
                        "element": "O",
                        "occu": 1
                    }
                ],
                "abc": [
                    0.73415799,
                    0.25,
                    0.0
                ],
                "xyz": [
                    5.418005120722142,
                    1.936181955,
                    0.0
                ],
                "label": "O",
                "properties": {}
            },
            {
                "species": [
                    {
                        "element": "O",
                        "occu": 1
                    }
                ],
                "abc": [
                    0.73415799,
                    0.25,
                    0.5
                ],
                "xyz": [
                    5.418005120722142,
                    1.936181955,
                    2.754401765
                ],
                "label": "O",
                "properties": {}
            },
            {
                "species": [
                    {
                        "element": "O",
                        "occu": 1
                    }
                ],
                "abc": [
                    0.26584201,
                    0.75,
                    0.0
                ],
                "xyz": [
                    1.961884759277859,
                    5.808545864999999,
                    0.0
                ],
                "label": "O",
                "properties": {}
            },
            {
                "species": [
                    {
                        "element": "O",
                        "occu": 1
                    }
                ],
                "abc": [
                    0.72388041,
                    0.54948044,
                    0.25
                ],
                "xyz": [
                    5.342157712089251,
                    4.25557645021384,
                    1.3772008825
                ],
                "label": "O",