{
    "mp_id": "mp-3915",
    "nelements": 3,
    "nsites": 4,
    "elements": [
        "Ba",
        "Hg",
        "O"
    ],
    "structure": {
        "@module": "pymatgen.core.structure",
        "@class": "Structure",
        "charge": null,
        "lattice": {
            "matrix": [
                [
                    2.06371267,
                    1.19148492,
                    6.46095355
                ],
                [
                    -2.06371267,
                    1.19148492,
                    6.46095355
                ],
                [
                    0.0,
                    -2.38296984,
                    6.46095355
                ]
            ],
            "a": 6.886397249227171,
            "b": 6.886397249227171,
            "c": 6.886397173675595,
            "alpha": 34.87671546078442,
            "beta": 34.87671546078442,
            "gamma": 34.876718561262706,
            "volume": 95.32035469366846
        },
        "sites": [
            {
                "species": [
                    {
                        "element": "Ba",
                        "occu": 1
                    }
                ],
                "abc": [
                    0.5,
                    0.5,
                    0.5
                ],
                "xyz": [
                    0.0,
                    0.0,
                    9.691430325
                ],
                "label": "Ba",
                "properties": {}
            },
            {
                "species": [
                    {
                        "element": "Hg",
                        "occu": 1
                    }
                ],
                "abc": [
                    0.0,
                    0.0,
                    0.0
                ],
                "xyz": [
                    0.0,
                    0.0,
                    0.0
                ],
                "label": "Hg",
                "properties": {}
            },
            {
                "species": [
                    {
                        "element": "O",
                        "occu": 1
                    }
                ],
                "abc": [
                    0.89809746,
                    0.89809746,
                    0.89809746
                ],
                "xyz": [
                    0.0,
                    0.0,
                    17.40769791729895
                ],
                "label": "O",
                "properties": {}
            },
            {
                "species": [
                    {
                        "element": "O",
                        "occu": 1
                    }
                ],
                "abc": [
                    0.10190254,
                    0.10190254,
                    0.10190254
                ],
                "xyz": [
                    0.0,
                    0.0,
                    1.975162732701051
                ],
                "label": "O",
                "properties": {}
            }
        ]
    },
    "spacegroup": {
        "source": "spglib",
        "symbol": "R-3m",
        "number": 166,
        "point_group": "-3m",
        "crystal_system": "trigonal",
        "hall": "-R 3 2\""
    },
    "dielectric": {
        "epsilon_ionic": [
            [
                4.36749072,
                1e-08,
                0.0
            ],
            [
                1e-08,
                4.36747395,
                -1.419e-05
            ],
            [
                0.0,
                -1.419e-05,
                4.28576042
            ]
        ],
        "epsilon_ionic_avg": 4.3402416966666655,
        "epsilon_ionic_eig": [
            4.3674907200059625,
            4.367473952458205,
            4.285760417535829
        ],
        "epsilon_electronic": [
            [
                3.30271498,
                -0.0,
                0.0
            ],
            [
                0.0,
                3.30271356,
                0.0
            ],
            [
                0.0,
                -0.0,
                4.44267931
            ]
        ],
        "epsilon_electronic_avg": 3.682702616666667,
        "epsilon_electronic_eig": [
            3.30271498,
            3.30271356,
            4.44267931
        ]
    },
    "phonon": {
        "lowest_freq": -0.0019423240591317631,
        "frequency": [
            -0.0019423240591317631,
            -0.0019423236438969747,
            -0.0012134214992098923,
            2.3022487750541996,
            2.3022492686848195,
            3.8171930140979535,
            6.208803333927179,
            6.208804672285495,
            7.0130274528566785,
            7.013028968807478,
            18.12434716072731,
            19.18705534261262
        ]
    },
    "born_effective_charge": {
        "avg_abs_trace": 1.9049533333333333,
        "tensors": [
            [
                [
                    2.75619,
                    -0.0,
                    -0.0
                ],
                [
                    0.0,
                    2.75617,
                    -1e-05
                ],
                [
                    0.0,
                    0.0,
                    2.79668
                ]
            ],
            [
                [
                    0.10128,
                    0.0,
                    -0.0
                ],
                [
                    0.0,
                    0.10138,
                    2e-05
                ],
                [
                    0.0,
                    0.0,
                    2.91803
                ]
            ],
            [
                [
                    -1.42873,
                    -0.00012,
                    0.00021
                ],
                [
                    0.0,
                    -1.42884,
                    2e-05
                ],
                [
                    0.0,
                    0.0,
                    -2.85729
                ]
            ],
            [
                [
                    -1.42873,
                    0.00012,
                    -0.00021
                ],
                [
                    0.0,
                    -1.4287,
                    -2e-05
                ],
                [
                    0.0,
                    -0.0,
                    -2.85742
                ]
            ]
        ]
    },
    "band_gap": 2.323,
    "is_direct": false,
    "formula": "BaHgO2"
}