{
    "mp_id": "mp-34022",
    "nelements": 3,
    "nsites": 14,
    "elements": [
        "Mg",
        "O",
        "Sn"
    ],
    "structure": {
        "@module": "pymatgen.core.structure",
        "@class": "Structure",
        "charge": null,
        "lattice": {
            "matrix": [
                [
                    -3.0268467,
                    3.11560158,
                    4.31005623
                ],
                [
                    3.0268467,
                    -3.11560158,
                    4.31005623
                ],
                [
                    3.0268467,
                    3.11560158,
                    -4.31005623
                ]
            ],
            "a": 6.119261299892431,
            "b": 6.119261299892431,
            "c": 6.119261299892431,
            "alpha": 120.70764186830004,
            "beta": 118.78598543348464,
            "gamma": 90.4470885688874,
            "volume": 162.58305083901274
        },
        "sites": [
            {
                "species": [
                    {
                        "element": "Mg",
                        "occu": 1
                    }
                ],
                "abc": [
                    0.1121149,
                    0.8621149,
                    0.25
                ],
                "xyz": [
                    3.0268467,
                    -1.55780079,
                    3.1214711614416544
                ],
                "label": "Mg",
                "properties": {}
            },
            {
                "species": [
                    {
                        "element": "Mg",
                        "occu": 1
                    }
                ],
                "abc": [
                    0.8878851,
                    0.1378851,
                    0.75
                ],
                "xyz": [
                    0.0,
                    4.67340237,
                    1.1885850685583463
                ],
                "label": "Mg",
                "properties": {}
            },
            {
                "species": [
                    {
                        "element": "Mg",
                        "occu": 1
                    }
                ],
                "abc": [
                    0.5,
                    0.0,
                    0.0
                ],
                "xyz": [
                    -1.51342335,
                    1.55780079,
                    2.155028115
                ],
                "label": "Mg",
                "properties": {}
            },
            {
                "species": [
                    {
                        "element": "Mg",
                        "occu": 1
                    }
                ],
                "abc": [
                    0.5,
                    0.5,
                    0.5
                ],
                "xyz": [
                    1.51342335,
                    1.55780079,
                    2.155028115
                ],
                "label": "Mg",
                "properties": {}
            },
            {
                "species": [
                    {
                        "element": "Sn",
                        "occu": 1
                    }
                ],
                "abc": [
                    0.0,
                    0.5,
                    0.5
                ],
                "xyz": [
                    3.0268467,
                    0.0,
                    0.0
                ],
                "label": "Sn",
                "properties": {}
            },
            {
                "species": [
                    {
                        "element": "Sn",
                        "occu": 1
                    }
                ],
                "abc": [
                    0.5,
                    0.5,
                    0.0
                ],
                "xyz": [
                    0.0,
                    0.0,
                    4.31005623
                ],
                "label": "Sn",
                "properties": {}
            },
            {
                "species": [
                    {
                        "element": "O",
                        "occu": 1
                    }
                ],
                "abc": [
                    0.74598924,
                    0.26115327,
                    0.01516403
                ],
                "xyz": [
                    -1.421624961671598,
                    1.55780079,
                    4.27548302774993
                ],
                "label": "O",
                "properties": {}
            },
            {
                "species": [
                    {
                        "element": "O",
                        "occu": 1
                    }
                ],
                "abc": [
                    0.74493864,
                    0.26354582,
                    0.48139281
                ],
                "xyz": [
                    -3.0268467066107974e-08,
                    2.9996564300292956,
                    2.271794649863479
                ],
                "label": "O",
                "properties": {}
            },
            {
                "species": [
                    {
                        "element": "O",
                        "occu": 1
                    }
                ],
                "abc": [
                    0.74598924,
                    0.73082521,
                    0.48483597
                ],
                "xyz": [
                    1.421624961671598,
                    1.55780079,
                    4.27548302774993
                ],
                "label": "O",
                "properties": {}
            },
            {
                "species": [
                    {
                        "element": "O",
                        "occu": 1
                    }
                ],
                "abc": [
                    0.28215301,
                    0.26354582,
                    0.01860719
                ],
                "xyz": [
                    2.0816681711721685e-17,
                    0.11594518112672032,
                    2.271794606762917
                ],
                "label": "O",
                "properties": {}
            },
            {
                "species": [
                    {
                        "element": "O",
                        "occu": 1
                    }
                ],
                "abc": [
                    0.71784699,
                    0.73645418,
                    0.98139281
                ],
                "xyz": [
                    3.0268467,
                    2.999656398873279,
                    2.0382616232370827
                ],
                "label": "O",
                "properties": {}
            },
            {
                "species": [
                    {
                        "element": "O",
                        "occu": 1
                    }
                ],
                "abc": [
                    0.25506136,
                    0.73645418,
                    0.51860719
                ],
                "xyz": [
                    3.026846730268467,
                    0.11594514997070449,
                    2.038261580136521
                ],
                "label": "O",
                "properties": {}
            },
            {
                "species": [
                    {
                        "element": "O",
                        "occu": 1
                    }
                ],
                "abc": [
                    0.25401076,
                    0.26917479,
                    0.51516403
                ],
                "xyz": [
                    1.6052217383284022,
                    1.55780079,
                    0.03457320225006999
                ],
                "label": "O",