{
    "mp_id": "mp-30298",
    "nelements": 3,
    "nsites": 16,
    "elements": [
        "As",
        "K",
        "O"
    ],
    "structure": {
        "@module": "pymatgen.core.structure",
        "@class": "Structure",
        "charge": null,
        "lattice": {
            "matrix": [
                [
                    7.19570796,
                    0.0,
                    0.0
                ],
                [
                    0.0,
                    7.45488314,
                    0.0
                ],
                [
                    0.0,
                    0.0,
                    5.43395297
                ]
            ],
            "a": 7.19570796,
            "b": 7.45488314,
            "c": 5.43395297,
            "alpha": 90.0,
            "beta": 90.0,
            "gamma": 90.0,
            "volume": 291.49441920582603
        },
        "sites": [
            {
                "species": [
                    {
                        "element": "K",
                        "occu": 1
                    }
                ],
                "abc": [
                    0.36376543,
                    0.40840489,
                    0.25
                ],
                "xyz": [
                    2.6175498002238227,
                    3.0446107287545545,
                    1.3584882425
                ],
                "label": "K",
                "properties": {}
            },
            {
                "species": [
                    {
                        "element": "K",
                        "occu": 1
                    }
                ],
                "abc": [
                    0.36376543,
                    0.09159511,
                    0.75
                ],
                "xyz": [
                    2.6175498002238227,
                    0.6828308412454454,
                    4.0754647275
                ],
                "label": "K",
                "properties": {}
            },
            {
                "species": [
                    {
                        "element": "K",
                        "occu": 1
                    }
                ],
                "abc": [
                    0.63623457,
                    0.59159511,
                    0.75
                ],
                "xyz": [
                    4.578158159776177,
                    4.410272411245445,
                    4.0754647275
                ],
                "label": "K",
                "properties": {}
            },
            {
                "species": [
                    {
                        "element": "K",
                        "occu": 1
                    }
                ],
                "abc": [
                    0.63623457,
                    0.90840489,
                    0.25
                ],
                "xyz": [
                    4.578158159776177,
                    6.772052298754555,
                    1.3584882425
                ],
                "label": "K",
                "properties": {}
            },
            {
                "species": [
                    {
                        "element": "As",
                        "occu": 1
                    }
                ],
                "abc": [
                    0.85954512,
                    0.37675311,
                    0.25
                ],
                "xyz": [
                    6.1850356619631555,
                    2.8086504076815655,
                    1.3584882425
                ],
                "label": "As",
                "properties": {}
            },
            {
                "species": [
                    {
                        "element": "As",
                        "occu": 1
                    }
                ],
                "abc": [
                    0.14045488,
                    0.62324689,
                    0.75
                ],
                "xyz": [
                    1.0106722980368448,
                    4.646232732318435,
                    4.0754647275
                ],
                "label": "As",
                "properties": {}
            },
            {
                "species": [
                    {
                        "element": "As",
                        "occu": 1
                    }
                ],
                "abc": [
                    0.85954512,
                    0.12324689,
                    0.75
                ],
                "xyz": [
                    6.1850356619631555,
                    0.9187911623184346,
                    4.0754647275
                ],
                "label": "As",
                "properties": {}
            },
            {
                "species": [
                    {
                        "element": "As",
                        "occu": 1
                    }
                ],
                "abc": [
                    0.14045488,
                    0.87675311,
                    0.25
                ],
                "xyz": [
                    1.0106722980368448,
                    6.536091977681565,
                    1.3584882425
                ],
                "label": "As",
                "properties": {}
            },
            {
                "species": [
                    {
                        "element": "O",
                        "occu": 1
                    }
                ],
                "abc": [
                    0.2597747,
                    0.75,
                    0.5
                ],
                "xyz": [
                    1.8692628765966122,
                    5.591162355,
                    2.716976485
                ],
                "label": "O",
                "properties": {}
            },
            {
                "species": [
                    {
                        "element": "O",
                        "occu": 1
                    }
                ],
                "abc": [
                    0.7402253,
                    0.25,
                    0.0
                ],
                "xyz": [
                    5.326445083403388,
                    1.863720785,
                    0.0
                ],
                "label": "O",
                "properties": {}
            },
            {
                "species": [
                    {
                        "element": "O",
                        "occu": 1
                    }
                ],
                "abc": [
                    0.7402253,
                    0.25,
                    0.5
                ],
                "xyz": [
                    5.326445083403388,
                    1.863720785,
                    2.716976485
                ],
                "label": "O",
                "properties": {}
            },
            {
                "species": [
                    {
                        "element": "O",
                        "occu": 1
                    }
                ],
                "abc": [
                    0.2597747,
                    0.75,
                    0.0
                ],
                "xyz": [
                    1.8692628765966122,
                    5.591162355,
                    0.0
                ],
                "label": "O",
                "properties": {}
            },
            {
                "species": [
                    {
                        "element": "O",
                        "occu": 1
                    }
                ],
                "abc": [
                    0.71553615,
                    0.55938386,
                    0.25
                ],
                "xyz": [
                    5.148789170222754,
                    4.17014130670212,
                    1.3584882425
                ],
                "label": "O",