{
    "mp_id": "mp-3349",
    "nelements": 3,
    "nsites": 12,
    "elements": [
        "O",
        "Sr",
        "Ti"
    ],
    "structure": {
        "@module": "pymatgen.core.structure",
        "@class": "Structure",
        "charge": null,
        "lattice": {
            "matrix": [
                [
                    -1.96463031,
                    1.96463031,
                    10.16419527
                ],
                [
                    1.96463031,
                    -1.96463031,
                    10.16419527
                ],
                [
                    1.96463031,
                    1.96463031,
                    -10.16419527
                ]
            ],
            "a": 10.537096848593153,
            "b": 10.537096848593153,
            "c": 10.537096848593153,
            "alpha": 158.50876154851596,
            "beta": 158.50876154851596,
            "gamma": 30.576898246138867,
            "volume": 156.92591558900153
        },
        "sites": [
            {
                "species": [
                    {
                        "element": "Sr",
                        "occu": 1
                    }
                ],
                "abc": [
                    0.31555176,
                    0.31555176,
                    0.0
                ],
                "xyz": [
                    0.0,
                    0.0,
                    6.414659412864351
                ],
                "label": "Sr",
                "properties": {}
            },
            {
                "species": [
                    {
                        "element": "Sr",
                        "occu": 1
                    }
                ],
                "abc": [
                    0.5,
                    0.5,
                    0.0
                ],
                "xyz": [
                    0.0,
                    0.0,
                    10.16419527
                ],
                "label": "Sr",
                "properties": {}
            },
            {
                "species": [
                    {
                        "element": "Sr",
                        "occu": 1
                    }
                ],
                "abc": [
                    0.68444824,
                    0.68444824,
                    0.0
                ],
                "xyz": [
                    0.0,
                    0.0,
                    13.913731127135652
                ],
                "label": "Sr",
                "properties": {}
            },
            {
                "species": [
                    {
                        "element": "Ti",
                        "occu": 1
                    }
                ],
                "abc": [
                    0.09813264,
                    0.09813264,
                    0.0
                ],
                "xyz": [
                    0.0,
                    0.0,
                    1.9948786306412256
                ],
                "label": "Ti",
                "properties": {}
            },
            {
                "species": [
                    {
                        "element": "Ti",
                        "occu": 1
                    }
                ],
                "abc": [
                    0.90186736,
                    0.90186736,
                    0.0
                ],
                "xyz": [
                    0.0,
                    0.0,
                    18.333511909358776
                ],
                "label": "Ti",
                "properties": {}
            },
            {
                "species": [
                    {
                        "element": "O",
                        "occu": 1
                    }
                ],
                "abc": [
                    0.40336674,
                    0.90336674,
                    0.5
                ],
                "xyz": [
                    1.96463031,
                    1.1102230246251565e-16,
                    8.199796621566637
                ],
                "label": "O",
                "properties": {}
            },
            {
                "species": [
                    {
                        "element": "O",
                        "occu": 1
                    }
                ],
                "abc": [
                    0.80482023,
                    0.80482023,
                    0.0
                ],
                "xyz": [
                    0.0,
                    0.0,
                    16.360699949932627
                ],
                "label": "O",
                "properties": {}
            },
            {
                "species": [
                    {
                        "element": "O",
                        "occu": 1
                    }
                ],
                "abc": [
                    0.0,
                    0.0,
                    0.0
                ],
                "xyz": [
                    0.0,
                    0.0,
                    0.0
                ],
                "label": "O",
                "properties": {}
            },
            {
                "species": [
                    {
                        "element": "O",
                        "occu": 1
                    }
                ],
                "abc": [
                    0.09663326,
                    0.59663326,
                    0.5
                ],
                "xyz": [
                    1.96463031,
                    -1.1102230246251565e-16,
                    1.9643986484333613
                ],
                "label": "O",
                "properties": {}
            },
            {
                "species": [
                    {
                        "element": "O",
                        "occu": 1
                    }
                ],
                "abc": [
                    0.59663326,
                    0.09663326,
                    0.5
                ],
                "xyz": [
                    -1.1102230246251565e-16,
                    1.96463031,
                    1.9643986484333613
                ],
                "label": "O",
                "properties": {}
            },
            {
                "species": [
                    {
                        "element": "O",
                        "occu": 1
                    }
                ],
                "abc": [
                    0.90336674,
                    0.40336674,
                    0.5
                ],
                "xyz": [
                    1.1102230246251565e-16,
                    1.96463031,
                    8.199796621566637
                ],
                "label": "O",
                "properties": {}
            },
            {
                "species": [
                    {
                        "element": "O",
                        "occu": 1
                    }
                ],
                "abc": [
                    0.19517977,
                    0.19517977,
                    0.0
                ],
                "xyz": [
                    0.0,
                    0.0,
                    3.967690590067376
                ],
                "label": "O",
                "properties": {}
            }
        ]
    },
    "spacegroup": {
        "source": "spglib",
        "symbol": "I4/mmm",
        "number": 139,
        "point_group": "4/mmm",
        "crystal_system": "tetragonal",
        "hall": "-I 4 2"
    },
    "dielectric": {
        "epsilon_ionic": [
            [
                38.14193912,
                0.0,
                0.0
            ],
            [
                0.0,
                38.14202057,
                0.0
            ],
            [
                0.0,
                0.0,
                16.06728833
            ]
        ],
        "epsilon_ionic_avg": 30.78374934,