{
    "mp_id": "mp-352",
    "nelements": 2,
    "nsites": 12,
    "elements": [
        "Hf",
        "O"
    ],
    "structure": {
        "@module": "pymatgen.core.structure",
        "@class": "Structure",
        "charge": null,
        "lattice": {
            "matrix": [
                [
                    5.18347558,
                    0.0,
                    -0.00020636
                ],
                [
                    0.0,
                    5.21010936,
                    0.0
                ],
                [
                    -0.87805106,
                    0.0,
                    5.25436324
                ]
            ],
            "a": 5.183475584107711,
            "b": 5.21010936,
            "c": 5.327223171768799,
            "alpha": 90.0,
            "beta": 99.48925684662578,
            "gamma": 90.0,
            "volume": 141.9008835292446
        },
        "sites": [
            {
                "species": [
                    {
                        "element": "Hf",
                        "occu": 1
                    }
                ],
                "abc": [
                    0.27584775,
                    0.46205271,
                    0.70420059
                ],
                "xyz": [
                    0.8115260014208194,
                    2.407345149184365,
                    3.7000687697406214
                ],
                "label": "Hf",
                "properties": {}
            },
            {
                "species": [
                    {
                        "element": "Hf",
                        "occu": 1
                    }
                ],
                "abc": [
                    0.72415225,
                    0.96205271,
                    0.79579941
                ],
                "xyz": [
                    3.0548729885791808,
                    5.012399829184366,
                    4.181269730259379
                ],
                "label": "Hf",
                "properties": {}
            },
            {
                "species": [
                    {
                        "element": "Hf",
                        "occu": 1
                    }
                ],
                "abc": [
                    0.72415225,
                    0.53794729,
                    0.29579941
                ],
                "xyz": [
                    3.4938985185791807,
                    2.802764210815634,
                    1.5540881102593782
                ],
                "label": "Hf",
                "properties": {}
            },
            {
                "species": [
                    {
                        "element": "Hf",
                        "occu": 1
                    }
                ],
                "abc": [
                    0.27584775,
                    0.03794729,
                    0.20420059
                ],
                "xyz": [
                    1.2505515314208195,
                    0.1977095308156344,
                    1.0728871497406214
                ],
                "label": "Hf",
                "properties": {}
            },
            {
                "species": [
                    {
                        "element": "O",
                        "occu": 1
                    }
                ],
                "abc": [
                    0.44772006,
                    0.74234406,
                    0.98409691
                ],
                "xyz": [
                    1.4566586627179101,
                    3.867693735346401,
                    5.170710236990007
                ],
                "label": "O",
                "properties": {}
            },
            {
                "species": [
                    {
                        "element": "O",
                        "occu": 1
                    }
                ],
                "abc": [
                    0.55227994,
                    0.24234406,
                    0.51590309
                ],
                "xyz": [
                    2.4097403272820896,
                    1.2626390553464015,
                    2.710628263009993
                ],
                "label": "O",
                "properties": {}
            },
            {
                "species": [
                    {
                        "element": "O",
                        "occu": 1
                    }
                ],
                "abc": [
                    0.55227994,
                    0.25765594,
                    0.01590309
                ],
                "xyz": [
                    2.8487658572820895,
                    1.3424156246535985,
                    0.08344664300999322
                ],
                "label": "O",
                "properties": {}
            },
            {
                "species": [
                    {
                        "element": "O",
                        "occu": 1
                    }
                ],
                "abc": [
                    0.44772006,
                    0.75765594,
                    0.48409691
                ],
                "xyz": [
                    1.89568419271791,
                    3.9474703046535984,
                    2.5435286169900064
                ],
                "label": "O",
                "properties": {}
            },
            {
                "species": [
                    {
                        "element": "O",
                        "occu": 1
                    }
                ],
                "abc": [
                    0.07116325,
                    0.33173997,
                    0.34585957
                ],
                "xyz": [
                    0.06519060651879072,
                    1.728401522783119,
                    1.8172571255619367
                ],
                "label": "O",
                "properties": {}
            },
            {
                "species": [
                    {
                        "element": "O",
                        "occu": 1
                    }
                ],
                "abc": [
                    0.92883675,
                    0.83173997,
                    0.15414043
                ],
                "xyz": [
                    4.679259443481209,
                    4.333456202783119,
                    0.8097181344380632
                ],
                "label": "O",
                "properties": {}
            },
            {
                "species": [
                    {
                        "element": "O",
                        "occu": 1
                    }
                ],
                "abc": [
                    0.92883675,
                    0.66826003,
                    0.65414043
                ],
                "xyz": [
                    4.240233913481209,
                    3.481707837216881,
                    3.436899754438063
                ],
                "label": "O",
                "properties": {}
            },
            {
                "species": [
                    {
                        "element": "O",
                        "occu": 1
                    }
                ],
                "abc": [
                    0.07116325,
                    0.16826003,
                    0.84585957
                ],
                "xyz": [
                    -0.3738349234812092,
                    0.8766531572168808,
                    4.4444387455619365
                ],
                "label": "O",
                "properties": {}
            }
        ]
    },
    "spacegroup": {
        "source": "spglib",
        "symbol": "P2_1/c",
        "number": 14,
        "point_group": "2/m",
        "crystal_system": "monoclinic",
        "hall": "-P 2ybc"
    },