{
    "mp_id": "mp-3810",
    "nelements": 3,
    "nsites": 9,
    "elements": [
        "As",
        "Hg",
        "O"
    ],
    "structure": {
        "@module": "pymatgen.core.structure",
        "@class": "Structure",
        "charge": null,
        "lattice": {
            "matrix": [
                [
                    4.9071322,
                    0.0,
                    0.0
                ],
                [
                    -2.4535666,
                    4.24970109,
                    0.0
                ],
                [
                    0.0,
                    0.0,
                    5.0077686
                ]
            ],
            "a": 4.9071322,
            "b": 4.907132402430441,
            "c": 5.0077686,
            "alpha": 90.0,
            "beta": 90.0,
            "gamma": 120.00000537653914,
            "volume": 104.43123047629675
        },
        "sites": [
            {
                "species": [
                    {
                        "element": "Hg",
                        "occu": 1
                    }
                ],
                "abc": [
                    0.0,
                    0.0,
                    0.0
                ],
                "xyz": [
                    0.0,
                    0.0,
                    0.0
                ],
                "label": "Hg",
                "properties": {}
            },
            {
                "species": [
                    {
                        "element": "As",
                        "occu": 1
                    }
                ],
                "abc": [
                    0.666667,
                    0.333333,
                    0.5
                ],
                "xyz": [
                    2.4535683868996006,
                    1.41656561343297,
                    2.5038843
                ],
                "label": "As",
                "properties": {}
            },
            {
                "species": [
                    {
                        "element": "As",
                        "occu": 1
                    }
                ],
                "abc": [
                    0.333333,
                    0.666667,
                    0.5
                ],
                "xyz": [
                    -2.7868995997604173e-06,
                    2.8331354765670302,
                    2.5038843
                ],
                "label": "As",
                "properties": {}
            },
            {
                "species": [
                    {
                        "element": "O",
                        "occu": 1
                    }
                ],
                "abc": [
                    0.37904016,
                    0.37904016,
                    0.70712467
                ],
                "xyz": [
                    0.9299998975944963,
                    1.6108073811057746,
                    3.541116718711362
                ],
                "label": "O",
                "properties": {}
            },
            {
                "species": [
                    {
                        "element": "O",
                        "occu": 1
                    }
                ],
                "abc": [
                    0.62095984,
                    0.0,
                    0.70712467
                ],
                "xyz": [
                    3.0471320257708485,
                    0.0,
                    3.541116718711362
                ],
                "label": "O",
                "properties": {}
            },
            {
                "species": [
                    {
                        "element": "O",
                        "occu": 1
                    }
                ],
                "abc": [
                    0.0,
                    0.62095984,
                    0.70712467
                ],
                "xyz": [
                    -1.523566323365344,
                    2.638893708894226,
                    3.541116718711362
                ],
                "label": "O",
                "properties": {}
            },
            {
                "species": [
                    {
                        "element": "O",
                        "occu": 1
                    }
                ],
                "abc": [
                    0.37904016,
                    0.0,
                    0.29287533
                ],
                "xyz": [
                    1.8600001742291523,
                    0.0,
                    1.466651881288638
                ],
                "label": "O",
                "properties": {}
            },
            {
                "species": [
                    {
                        "element": "O",
                        "occu": 1
                    }
                ],
                "abc": [
                    0.0,
                    0.37904016,
                    0.29287533
                ],
                "xyz": [
                    -0.930000276634656,
                    1.6108073811057746,
                    1.466651881288638
                ],
                "label": "O",
                "properties": {}
            },
            {
                "species": [
                    {
                        "element": "O",
                        "occu": 1
                    }
                ],
                "abc": [
                    0.62095984,
                    0.62095984,
                    0.29287533
                ],
                "xyz": [
                    1.5235657024055045,
                    2.638893708894226,
                    1.466651881288638
                ],
                "label": "O",
                "properties": {}
            }
        ]
    },
    "spacegroup": {
        "source": "spglib",
        "symbol": "P-31m",
        "number": 162,
        "point_group": "-3m",
        "crystal_system": "trigonal",
        "hall": "-P 3 2"
    },
    "dielectric": {
        "epsilon_ionic": [
            [
                9.06908925,
                0.0,
                -0.00031414
            ],
            [
                0.0,
                9.06835546,
                1e-08
            ],
            [
                -0.00031414,
                1e-08,
                7.12912068
            ]
        ],
        "epsilon_ionic_avg": 8.422188463333335,
        "epsilon_ionic_eig": [
            7.129120629131169,
            9.069089300868834,
            9.06835546
        ],
        "epsilon_electronic": [
            [
                5.08088617,
                -0.0,
                -0.0
            ],
            [
                0.0,
                5.08088624,
                -0.0
            ],
            [
                -0.0,
                0.0,
                4.76103025
            ]
        ],
        "epsilon_electronic_avg": 4.974267553333334,
        "epsilon_electronic_eig": [
            5.08088617,
            5.08088624,
            4.76103025
        ]
    },
    "phonon": {
        "lowest_freq": -0.02987876877772144,