{
    "mp_id": "mp-3427",
    "nelements": 3,
    "nsites": 16,
    "elements": [
        "Al",
        "Li",
        "O"
    ],
    "structure": {
        "@module": "pymatgen.core.structure",
        "@class": "Structure",
        "charge": null,
        "lattice": {
            "matrix": [
                [
                    5.17586554,
                    0.0,
                    0.0
                ],
                [
                    0.0,
                    5.17586554,
                    0.0
                ],
                [
                    0.0,
                    0.0,
                    6.26821135
                ]
            ],
            "a": 5.17586554,
            "b": 5.17586554,
            "c": 6.26821135,
            "alpha": 90.0,
            "beta": 90.0,
            "gamma": 90.0,
            "volume": 167.92277504318074
        },
        "sites": [
            {
                "species": [
                    {
                        "element": "Li",
                        "occu": 1
                    }
                ],
                "abc": [
                    0.6866609,
                    0.3133391,
                    0.25
                ],
                "xyz": [
                    3.5540644899753864,
                    1.621801050024614,
                    1.5670528375
                ],
                "label": "Li",
                "properties": {}
            },
            {
                "species": [
                    {
                        "element": "Li",
                        "occu": 1
                    }
                ],
                "abc": [
                    0.1866609,
                    0.1866609,
                    0.5
                ],
                "xyz": [
                    0.9661317199753859,
                    0.9661317199753859,
                    3.134105675
                ],
                "label": "Li",
                "properties": {}
            },
            {
                "species": [
                    {
                        "element": "Li",
                        "occu": 1
                    }
                ],
                "abc": [
                    0.3133391,
                    0.6866609,
                    0.75
                ],
                "xyz": [
                    1.621801050024614,
                    3.5540644899753864,
                    4.701158512499999
                ],
                "label": "Li",
                "properties": {}
            },
            {
                "species": [
                    {
                        "element": "Li",
                        "occu": 1
                    }
                ],
                "abc": [
                    0.8133391,
                    0.8133391,
                    0.0
                ],
                "xyz": [
                    4.209733820024614,
                    4.209733820024614,
                    0.0
                ],
                "label": "Li",
                "properties": {}
            },
            {
                "species": [
                    {
                        "element": "Al",
                        "occu": 1
                    }
                ],
                "abc": [
                    0.82422476,
                    0.82422476,
                    0.5
                ],
                "xyz": [
                    4.26607653249877,
                    4.26607653249877,
                    3.134105675
                ],
                "label": "Al",
                "properties": {}
            },
            {
                "species": [
                    {
                        "element": "Al",
                        "occu": 1
                    }
                ],
                "abc": [
                    0.67577524,
                    0.32422476,
                    0.75
                ],
                "xyz": [
                    3.49772177750123,
                    1.6781437624987705,
                    4.701158512499999
                ],
                "label": "Al",
                "properties": {}
            },
            {
                "species": [
                    {
                        "element": "Al",
                        "occu": 1
                    }
                ],
                "abc": [
                    0.32422476,
                    0.67577524,
                    0.25
                ],
                "xyz": [
                    1.6781437624987705,
                    3.49772177750123,
                    1.5670528375
                ],
                "label": "Al",
                "properties": {}
            },
            {
                "species": [
                    {
                        "element": "Al",
                        "occu": 1
                    }
                ],
                "abc": [
                    0.17577524,
                    0.17577524,
                    0.0
                ],
                "xyz": [
                    0.9097890075012296,
                    0.9097890075012296,
                    0.0
                ],
                "label": "Al",
                "properties": {}
            },
            {
                "species": [
                    {
                        "element": "O",
                        "occu": 1
                    }
                ],
                "abc": [
                    0.29242317,
                    0.33516787,
                    0.22903673
                ],
                "xyz": [
                    1.513543008700562,
                    1.7347838284481998,
                    1.4356506305528853
                ],
                "label": "O",
                "properties": {}
            },
            {
                "species": [
                    {
                        "element": "O",
                        "occu": 1
                    }
                ],
                "abc": [
                    0.16483213,
                    0.79242317,
                    0.47903673
                ],
                "xyz": [
                    0.8531489415518002,
                    4.101475778700562,
                    3.0027034680528852
                ],
                "label": "O",
                "properties": {}
            },
            {
                "species": [
                    {
                        "element": "O",
                        "occu": 1
                    }
                ],
                "abc": [
                    0.79242317,
                    0.16483213,
                    0.52096327
                ],
                "xyz": [
                    4.101475778700562,
                    0.8531489415518002,
                    3.2655078819471144
                ],
                "label": "O",
                "properties": {}
            },
            {
                "species": [
                    {
                        "element": "O",
                        "occu": 1
                    }
                ],
                "abc": [
                    0.83516787,
                    0.20757683,
                    0.97903673
                ],
                "xyz": [
                    4.3227165984482,
                    1.0743897612994382,
                    6.1368091430528855
                ],
                "label": "O",
                "properties": {}
            },
            {
                "species": [
                    {
                        "element": "O",
                        "occu": 1
                    }
                ],
                "abc": [
                    0.20757683,
                    0.83516787,
                    0.02096327
                ],
                "xyz": [
                    1.0743897612994382,
                    4.3227165984482,
                    0.1314022069471145
                ],