{
    "mp_id": "mp-4961",
    "nelements": 3,
    "nsites": 5,
    "elements": [
        "Hg",
        "Na",
        "O"
    ],
    "structure": {
        "@module": "pymatgen.core.structure",
        "@class": "Structure",
        "charge": null,
        "lattice": {
            "matrix": [
                [
                    -1.68074838,
                    1.68074838,
                    6.63628812
                ],
                [
                    1.68074838,
                    -1.68074838,
                    6.63628812
                ],
                [
                    1.68074838,
                    1.68074838,
                    -6.63628812
                ]
            ],
            "a": 7.049124076464989,
            "b": 7.049124076464989,
            "c": 7.049124076464989,
            "alpha": 152.4117769584861,
            "beta": 152.4117769584861,
            "gamma": 39.41227433815488,
            "volume": 74.98780252044084
        },
        "sites": [
            {
                "species": [
                    {
                        "element": "Na",
                        "occu": 1
                    }
                ],
                "abc": [
                    0.67681586,
                    0.67681586,
                    0.0
                ],
                "xyz": [
                    0.0,
                    0.0,
                    8.983090102291166
                ],
                "label": "Na",
                "properties": {}
            },
            {
                "species": [
                    {
                        "element": "Na",
                        "occu": 1
                    }
                ],
                "abc": [
                    0.32318414,
                    0.32318414,
                    0.0
                ],
                "xyz": [
                    0.0,
                    0.0,
                    4.289486137708834
                ],
                "label": "Na",
                "properties": {}
            },
            {
                "species": [
                    {
                        "element": "Hg",
                        "occu": 1
                    }
                ],
                "abc": [
                    0.0,
                    0.0,
                    0.0
                ],
                "xyz": [
                    0.0,
                    0.0,
                    0.0
                ],
                "label": "Hg",
                "properties": {}
            },
            {
                "species": [
                    {
                        "element": "O",
                        "occu": 1
                    }
                ],
                "abc": [
                    0.85008514,
                    0.85008514,
                    0.0
                ],
                "xyz": [
                    0.0,
                    0.0,
                    11.282819831141074
                ],
                "label": "O",
                "properties": {}
            },
            {
                "species": [
                    {
                        "element": "O",
                        "occu": 1
                    }
                ],
                "abc": [
                    0.14991486,
                    0.14991486,
                    0.0
                ],
                "xyz": [
                    0.0,
                    0.0,
                    1.9897564088589264
                ],
                "label": "O",
                "properties": {}
            }
        ]
    },
    "spacegroup": {
        "source": "spglib",
        "symbol": "I4/mmm",
        "number": 139,
        "point_group": "4/mmm",
        "crystal_system": "tetragonal",
        "hall": "-I 4 2"
    },
    "dielectric": {
        "epsilon_ionic": [
            [
                2.62205985,
                0.0,
                -0.0
            ],
            [
                0.0,
                2.62199352,
                -0.0
            ],
            [
                -0.0,
                -0.0,
                3.61258846
            ]
        ],
        "epsilon_ionic_avg": 2.952213943333333,
        "epsilon_ionic_eig": [
            2.62205985,
            2.62199352,
            3.61258846
        ],
        "epsilon_electronic": [
            [
                3.43830576,
                0.0,
                0.0
            ],
            [
                0.0,
                3.43830576,
                0.0
            ],
            [
                0.0,
                0.0,
                4.17926953
            ]
        ],
        "epsilon_electronic_avg": 3.685293683333333,
        "epsilon_electronic_eig": [
            3.43830576,
            3.43830576,
            4.17926953
        ]
    },
    "phonon": {
        "lowest_freq": -0.019947543360933132,
        "frequency": [
            -0.019947543360933132,
            -0.006194773649537894,
            -0.006194773649537894,
            3.3007880255179067,
            3.3007880255179067,
            3.483881522571613,
            3.483881522571613,
            6.275191980319009,
            7.01729923426032,
            7.01729923426032,
            7.051488928432524,
            7.695940212194148,
            7.695940212194148,
            18.334464387103644,
            18.807033517817384
        ]
    },
    "born_effective_charge": {
        "avg_abs_trace": 1.2142760000000001,
        "tensors": [
            [
                [
                    0.99791,
                    0.0,
                    1e-05
                ],
                [
                    -0.0,
                    0.9979,
                    -0.0
                ],
                [
                    -0.0,
                    -0.0,
                    1.3267
                ]
            ],
            [
                [
                    0.99791,
                    0.0,
                    -1e-05
                ],
                [
                    -0.0,
                    0.9979,
                    0.0
                ],
                [
                    0.0,
                    0.0,
                    1.32669
                ]
            ],
            [
                [
                    0.24575,
                    0.0,
                    0.0
                ],
                [
                    -0.0,
                    0.24576,
                    -0.0
                ],
                [
                    -0.0,
                    -0.0,
                    1.97055
                ]
            ],
            [
                [
                    -1.12079,
                    -0.0,
                    -4e-05
                ],
                [
                    0.0,
                    -1.12078,
                    -2e-05
                ],
                [
                    -0.0,
                    -0.0,
                    -2.31192
                ]
            ],
            [
                [
                    -1.12079,
                    -0.0,
                    4e-05
                ],
                [
                    0.0,
                    -1.12078,
                    2e-05
                ],
                [
                    0.0,
                    0.0,
                    -2.31201
                ]
            ]
        ]
    },
    "band_gap": 1.6632,
    "is_direct": false,
    "formula": "Na2HgO2"
}