{
    "mp_id": "mp-4651",
    "nelements": 3,
    "nsites": 10,
    "elements": [
        "O",
        "Sr",
        "Ti"
    ],
    "structure": {
        "@module": "pymatgen.core.structure",
        "@class": "Structure",
        "charge": null,
        "lattice": {
            "matrix": [
                [
                    -2.76644526,
                    2.76644526,
                    3.95821843
                ],
                [
                    2.76644526,
                    -2.76644526,
                    3.95821843
                ],
                [
                    2.76644526,
                    2.76644526,
                    -3.95821843
                ]
            ],
            "a": 5.565422885347043,
            "b": 5.565422885347043,
            "c": 5.565422885347043,
            "alpha": 120.38635612655337,
            "beta": 120.38635612655337,
            "gamma": 89.3321041350556,
            "volume": 121.17245594079232
        },
        "sites": [
            {
                "species": [
                    {
                        "element": "Sr",
                        "occu": 1
                    }
                ],
                "abc": [
                    0.75,
                    0.25,
                    0.5
                ],
                "xyz": [
                    -2.220446049250313e-16,
                    2.7664452600000002,
                    1.979109215
                ],
                "label": "Sr",
                "properties": {}
            },
            {
                "species": [
                    {
                        "element": "Sr",
                        "occu": 1
                    }
                ],
                "abc": [
                    0.25,
                    0.75,
                    0.5
                ],
                "xyz": [
                    2.7664452600000002,
                    -2.220446049250313e-16,
                    1.979109215
                ],
                "label": "Sr",
                "properties": {}
            },
            {
                "species": [
                    {
                        "element": "Ti",
                        "occu": 1
                    }
                ],
                "abc": [
                    0.0,
                    0.0,
                    0.0
                ],
                "xyz": [
                    0.0,
                    0.0,
                    0.0
                ],
                "label": "Ti",
                "properties": {}
            },
            {
                "species": [
                    {
                        "element": "Ti",
                        "occu": 1
                    }
                ],
                "abc": [
                    0.5,
                    0.5,
                    0.0
                ],
                "xyz": [
                    0.0,
                    0.0,
                    3.95821843
                ],
                "label": "Ti",
                "properties": {}
            },
            {
                "species": [
                    {
                        "element": "O",
                        "occu": 1
                    }
                ],
                "abc": [
                    0.7844985,
                    0.2844985,
                    0.06899601
                ],
                "xyz": [
                    -1.1923489451765872,
                    1.5740963148234122,
                    3.958222348636246
                ],
                "label": "O",
                "properties": {}
            },
            {
                "species": [
                    {
                        "element": "O",
                        "occu": 1
                    }
                ],
                "abc": [
                    0.2844985,
                    0.2155015,
                    0.5
                ],
                "xyz": [
                    1.19234620639578,
                    1.5740990536042199,
                    0.0
                ],
                "label": "O",
                "properties": {}
            },
            {
                "species": [
                    {
                        "element": "O",
                        "occu": 1
                    }
                ],
                "abc": [
                    0.7155015,
                    0.7844985,
                    0.5
                ],
                "xyz": [
                    1.5740990536042196,
                    1.1923462063957802,
                    3.9582184299999996
                ],
                "label": "O",
                "properties": {}
            },
            {
                "species": [
                    {
                        "element": "O",
                        "occu": 1
                    }
                ],
                "abc": [
                    0.2155015,
                    0.7155015,
                    0.93100399
                ],
                "xyz": [
                    3.9587942051765874,
                    1.1923489451765872,
                    -3.918636245714424e-06
                ],
                "label": "O",
                "properties": {}
            },
            {
                "species": [
                    {
                        "element": "O",
                        "occu": 1
                    }
                ],
                "abc": [
                    0.75,
                    0.75,
                    0.0
                ],
                "xyz": [
                    0.0,
                    0.0,
                    5.937327645
                ],
                "label": "O",
                "properties": {}
            },
            {
                "species": [
                    {
                        "element": "O",
                        "occu": 1
                    }
                ],
                "abc": [
                    0.25,
                    0.25,
                    0.0
                ],
                "xyz": [
                    0.0,
                    0.0,
                    1.979109215
                ],
                "label": "O",
                "properties": {}
            }
        ]
    },
    "spacegroup": {
        "source": "spglib",
        "symbol": "I4/mcm",
        "number": 140,
        "point_group": "4/mmm",
        "crystal_system": "tetragonal",
        "hall": "-I 4 2c"
    },
    "dielectric": {
        "epsilon_ionic": [
            [
                45.89754746,
                2e-08,
                -2e-08
            ],
            [
                2e-08,
                45.89768284,
                -0.0
            ],
            [
                -2e-08,
                -0.0,
                40.42102734
            ]
        ],
        "epsilon_ionic_avg": 44.07208588000001,
        "epsilon_ionic_eig": [
            45.89754745999704,
            45.897682840002986,
            40.42102734000001
        ],
        "epsilon_electronic": [
            [
                6.08713584,
                0.0,
                0.0
            ],
            [
                0.0,
                6.08713584,
                0.0
            ],
            [
                0.0,
                0.0,
                6.13460194
            ]
        ],
        "epsilon_electronic_avg": 6.102957873333334,
        "epsilon_electronic_eig": [
            6.08713584,
            6.08713584,
            6.13460194
        ]
    },
    "phonon": {
        "lowest_freq": -0.029009912077128743,