{
    "mp_id": "mp-4482",
    "nelements": 3,
    "nsites": 10,
    "elements": [
        "Na",
        "O",
        "Sb"
    ],
    "structure": {
        "@module": "pymatgen.core.structure",
        "@class": "Structure",
        "charge": null,
        "lattice": {
            "matrix": [
                [
                    2.66219179,
                    1.53701709,
                    5.26740869
                ],
                [
                    -2.6621918,
                    1.53701708,
                    5.26740869
                ],
                [
                    1e-08,
                    -3.07403517,
                    5.26740869
                ]
            ],
            "a": 6.098793402730001,
            "b": 6.098793404574915,
            "c": 6.098793858943295,
            "alpha": 51.76299460559479,
            "beta": 51.76299454780468,
            "gamma": 51.76298935814838,
            "volume": 129.32020847453563
        },
        "sites": [
            {
                "species": [
                    {
                        "element": "Na",
                        "occu": 1
                    }
                ],
                "abc": [
                    0.36122672,
                    0.36122672,
                    0.36122672
                ],
                "xyz": [
                    4.79355809593619e-17,
                    -3.612267200914232e-07,
                    5.70818629196459
                ],
                "label": "Na",
                "properties": {}
            },
            {
                "species": [
                    {
                        "element": "Na",
                        "occu": 1
                    }
                ],
                "abc": [
                    0.63877328,
                    0.63877328,
                    0.63877328
                ],
                "xyz": [
                    1.2839128545494897e-17,
                    -6.387732800483548e-07,
                    10.094039778035409
                ],
                "label": "Na",
                "properties": {}
            },
            {
                "species": [
                    {
                        "element": "Sb",
                        "occu": 1
                    }
                ],
                "abc": [
                    0.16040841,
                    0.16040841,
                    0.16040841
                ],
                "xyz": [
                    1.2219322732894373e-17,
                    -1.6040840999931305e-07,
                    2.534809958349249
                ],
                "label": "Sb",
                "properties": {}
            },
            {
                "species": [
                    {
                        "element": "Sb",
                        "occu": 1
                    }
                ],
                "abc": [
                    0.83959159,
                    0.83959159,
                    0.83959159
                ],
                "xyz": [
                    -6.246691465657746e-17,
                    -8.395915900294426e-07,
                    13.267416111650753
                ],
                "label": "Sb",
                "properties": {}
            },
            {
                "species": [
                    {
                        "element": "O",
                        "occu": 1
                    }
                ],
                "abc": [
                    0.04041171,
                    0.43960997,
                    0.80480933
                ],
                "xyz": [
                    -1.0627423267022917,
                    -1.7362106642297246,
                    6.767730027255477
                ],
                "label": "O",
                "properties": {}
            },
            {
                "species": [
                    {
                        "element": "O",
                        "occu": 1
                    }
                ],
                "abc": [
                    0.80480933,
                    0.04041171,
                    0.43960997
                ],
                "xyz": [
                    2.034973072251522,
                    -0.05225732595918875,
                    6.767730027255476
                ],
                "label": "O",
                "properties": {}
            },
            {
                "species": [
                    {
                        "element": "O",
                        "occu": 1
                    }
                ],
                "abc": [
                    0.43960997,
                    0.80480933,
                    0.04041171
                ],
                "xyz": [
                    -0.9722307455492306,
                    1.788466705357903,
                    6.767730027255476
                ],
                "label": "O",
                "properties": {}
            },
            {
                "species": [
                    {
                        "element": "O",
                        "occu": 1
                    }
                ],
                "abc": [
                    0.95958829,
                    0.56039003,
                    0.19519067
                ],
                "xyz": [
                    1.0627423267022917,
                    1.7362096642297247,
                    9.034496042744523
                ],
                "label": "O",
                "properties": {}
            },
            {
                "species": [
                    {
                        "element": "O",
                        "occu": 1
                    }
                ],
                "abc": [
                    0.56039003,
                    0.19519067,
                    0.95958829
                ],
                "xyz": [
                    0.9722307455492306,
                    -1.7884677053579032,
                    9.034496042744523
                ],
                "label": "O",
                "properties": {}
            },
            {
                "species": [
                    {
                        "element": "O",
                        "occu": 1
                    }
                ],
                "abc": [
                    0.19519067,
                    0.95958829,
                    0.56039003
                ],
                "xyz": [
                    -2.034973072251522,
                    0.05225632595918861,
                    9.034496042744523
                ],
                "label": "O",
                "properties": {}
            }
        ]
    },
    "spacegroup": {
        "source": "spglib",
        "symbol": "R-3",
        "number": 148,
        "point_group": "-3",
        "crystal_system": "trigonal",
        "hall": "-R 3"
    },
    "dielectric": {
        "epsilon_ionic": [
            [
                4.90541231,
                3.3e-07,
                -2.46e-06
            ],
            [
                3.3e-07,
                4.90543487,
                -4.25e-06
            ],
            [
                -2.46e-06,
                -4.25e-06,
                3.37591187
            ]
        ],
        "epsilon_ionic_avg": 4.395586350000001,
        "epsilon_ionic_eig": [
            3.3759118699842348,
            4.9054123051776655,
            4.905434874838102
        ],
        "epsilon_electronic": [
            [
                3.55169617,
                5.1e-07,
                -0.0
            ],
            [
                -5.1e-07,
                3.55169493,
                0.0
            ],
            [
                0.0,
                0.0,
                2.72354574
            ]
        ],
        "epsilon_electronic_avg": 3.2756456133333334,
        "epsilon_electronic_eig": [
            3.5516959025620514,
            3.5516951974379487,
            2.72354574
        ]
    },