{
    "mp_id": "mp-4584",
    "nelements": 3,
    "nsites": 14,
    "elements": [
        "B",
        "O",
        "Tl"
    ],
    "structure": {
        "@module": "pymatgen.core.structure",
        "@class": "Structure",
        "charge": null,
        "lattice": {
            "matrix": [
                [
                    9.22194458,
                    -4.3e-07,
                    0.0
                ],
                [
                    -4.61097242,
                    7.98643817,
                    0.0
                ],
                [
                    0.0,
                    0.0,
                    3.68775452
                ]
            ],
            "a": 9.221944580000011,
            "b": 9.221944550973705,
            "c": 3.68775452,
            "alpha": 90.0,
            "beta": 90.0,
            "gamma": 120.00000370833915,
            "volume": 271.60492080629047
        },
        "sites": [
            {
                "species": [
                    {
                        "element": "Tl",
                        "occu": 1
                    }
                ],
                "abc": [
                    0.70341852,
                    0.64990032,
                    0.75
                ],
                "xyz": [
                    3.490214156716448,
                    5.19038841987325,
                    2.76581589
                ],
                "label": "Tl",
                "properties": {}
            },
            {
                "species": [
                    {
                        "element": "Tl",
                        "occu": 1
                    }
                ],
                "abc": [
                    0.0535182,
                    0.70341852,
                    0.25
                ],
                "xyz": [
                    -2.749901521015863,
                    5.617808494600082,
                    0.92193863
                ],
                "label": "Tl",
                "properties": {}
            },
            {
                "species": [
                    {
                        "element": "Tl",
                        "occu": 1
                    }
                ],
                "abc": [
                    0.64990032,
                    0.9464818,
                    0.25
                ],
                "xyz": [
                    1.6291432577323093,
                    7.559018095273168,
                    0.92193863
                ],
                "label": "Tl",
                "properties": {}
            },
            {
                "species": [
                    {
                        "element": "Tl",
                        "occu": 1
                    }
                ],
                "abc": [
                    0.35009968,
                    0.0535182,
                    0.75
                ],
                "xyz": [
                    2.981828902267691,
                    0.4274196447268316,
                    2.76581589
                ],
                "label": "Tl",
                "properties": {}
            },
            {
                "species": [
                    {
                        "element": "Tl",
                        "occu": 1
                    }
                ],
                "abc": [
                    0.9464818,
                    0.29658148,
                    0.75
                ],
                "xyz": [
                    7.360873681015864,
                    2.368629245399917,
                    2.76581589
                ],
                "label": "Tl",
                "properties": {}
            },
            {
                "species": [
                    {
                        "element": "Tl",
                        "occu": 1
                    }
                ],
                "abc": [
                    0.29658148,
                    0.35009968,
                    0.25
                ],
                "xyz": [
                    1.1207580032835527,
                    2.796049320126749,
                    0.92193863
                ],
                "label": "Tl",
                "properties": {}
            },
            {
                "species": [
                    {
                        "element": "B",
                        "occu": 1
                    }
                ],
                "abc": [
                    0.333333,
                    0.666667,
                    0.75
                ],
                "xyz": [
                    -4.6976390004616064e-06,
                    5.3242946321462,
                    2.76581589
                ],
                "label": "B",
                "properties": {}
            },
            {
                "species": [
                    {
                        "element": "B",
                        "occu": 1
                    }
                ],
                "abc": [
                    0.666667,
                    0.333333,
                    0.25
                ],
                "xyz": [
                    4.610976857639001,
                    2.6621431078538,
                    0.92193863
                ],
                "label": "B",
                "properties": {}
            },
            {
                "species": [
                    {
                        "element": "O",
                        "occu": 1
                    }
                ],
                "abc": [
                    0.4327114,
                    0.84010299,
                    0.75
                ],
                "xyz": [
                    0.1167488330846762,
                    6.709430400001225,
                    2.76581589
                ],
                "label": "O",
                "properties": {}
            },
            {
                "species": [
                    {
                        "element": "O",
                        "occu": 1
                    }
                ],
                "abc": [
                    0.59260742,
                    0.4327114,
                    0.25
                ],
                "xyz": [
                    3.4697724537171952,
                    3.455822586732947,
                    0.92193863
                ],
                "label": "O",
                "properties": {}
            },
            {
                "species": [
                    {
                        "element": "O",
                        "occu": 1
                    }
                ],
                "abc": [
                    0.84010299,
                    0.40739258,
                    0.25
                ],
                "xyz": [
                    5.868907264779651,
                    3.253615289842493,
                    0.92193863
                ],
                "label": "O",
                "properties": {}
            },
            {
                "species": [
                    {
                        "element": "O",
                        "occu": 1
                    }
                ],
                "abc": [
                    0.15989701,
                    0.59260742,
                    0.75
                ],
                "xyz": [
                    -1.2579351047796508,
                    4.732822450157507,
                    2.76581589
                ],
                "label": "O",
                "properties": {}
            },
            {
                "species": [
                    {
                        "element": "O",
                        "occu": 1
                    }
                ],
                "abc": [
                    0.5672886,
                    0.15989701,
                    0.25
                ],
                "xyz": [
                    4.494223326915324,
                    1.2770073399987736,
                    0.92193863
                ],
                "label": "O",