{
    "mp_id": "mp-5274",
    "nelements": 3,
    "nsites": 9,
    "elements": [
        "O",
        "Th",
        "Ti"
    ],
    "structure": {
        "@module": "pymatgen.core.structure",
        "@class": "Structure",
        "charge": null,
        "lattice": {
            "matrix": [
                [
                    5.00976249,
                    -1.96285095,
                    -0.00016944
                ],
                [
                    5.00976249,
                    1.96285095,
                    -0.00016944
                ],
                [
                    -3.57485213,
                    0.0,
                    6.29989115
                ]
            ],
            "a": 5.380567264409657,
            "b": 5.380567264409657,
            "c": 7.243493373588041,
            "alpha": 117.35754127986004,
            "beta": 117.35754127986004,
            "gamma": 42.79100751243462,
            "volume": 123.89653636830263
        },
        "sites": [
            {
                "species": [
                    {
                        "element": "Th",
                        "occu": 1
                    }
                ],
                "abc": [
                    0.0,
                    0.0,
                    0.0
                ],
                "xyz": [
                    0.0,
                    0.0,
                    0.0
                ],
                "label": "Th",
                "properties": {}
            },
            {
                "species": [
                    {
                        "element": "Ti",
                        "occu": 1
                    }
                ],
                "abc": [
                    0.82542229,
                    0.82542229,
                    0.40448171
                ],
                "xyz": [
                    6.824376951164262,
                    0.0,
                    2.547911026060231
                ],
                "label": "Ti",
                "properties": {}
            },
            {
                "species": [
                    {
                        "element": "Ti",
                        "occu": 1
                    }
                ],
                "abc": [
                    0.17457771,
                    0.17457771,
                    0.59551829
                ],
                "xyz": [
                    -0.3797041011642617,
                    0.0,
                    3.7516412439397686
                ],
                "label": "Ti",
                "properties": {}
            },
            {
                "species": [
                    {
                        "element": "O",
                        "occu": 1
                    }
                ],
                "abc": [
                    0.27979481,
                    0.27979481,
                    0.41012291
                ],
                "xyz": [
                    1.3372823296940552,
                    0.0,
                    2.5836348742560338
                ],
                "label": "O",
                "properties": {}
            },
            {
                "species": [
                    {
                        "element": "O",
                        "occu": 1
                    }
                ],
                "abc": [
                    0.72020519,
                    0.72020519,
                    0.58987709
                ],
                "xyz": [
                    5.107390520305945,
                    0.0,
                    3.715917395743966
                ],
                "label": "O",
                "properties": {}
            },
            {
                "species": [
                    {
                        "element": "O",
                        "occu": 1
                    }
                ],
                "abc": [
                    0.66090592,
                    0.66090592,
                    0.11670571
                ],
                "xyz": [
                    6.2047577188932195,
                    0.0,
                    0.7350093017852969
                ],
                "label": "O",
                "properties": {}
            },
            {
                "species": [
                    {
                        "element": "O",
                        "occu": 1
                    }
                ],
                "abc": [
                    0.02235856,
                    0.02235856,
                    0.68355135
                ],
                "xyz": [
                    -2.2195728490750466,
                    0.0,
                    4.30629152356674
                ],
                "label": "O",
                "properties": {}
            },
            {
                "species": [
                    {
                        "element": "O",
                        "occu": 1
                    }
                ],
                "abc": [
                    0.97764144,
                    0.97764144,
                    0.31644865
                ],
                "xyz": [
                    8.664245699075046,
                    0.0,
                    1.9932607464332603
                ],
                "label": "O",
                "properties": {}
            },
            {
                "species": [
                    {
                        "element": "O",
                        "occu": 1
                    }
                ],
                "abc": [
                    0.33909408,
                    0.33909408,
                    0.88329429
                ],
                "xyz": [
                    0.23991513110678087,
                    0.0,
                    5.564542968214703
                ],
                "label": "O",
                "properties": {}
            }
        ]
    },
    "spacegroup": {
        "source": "spglib",
        "symbol": "C2/m",
        "number": 12,
        "point_group": "2/m",
        "crystal_system": "monoclinic",
        "hall": "-C 2y"
    },
    "dielectric": {
        "epsilon_ionic": [
            [
                13.74325952,
                3e-08,
                4.15212467
            ],
            [
                3e-08,
                18.20997455,
                3e-08
            ],
            [
                4.15212467,
                3e-08,
                20.24803361
            ]
        ],
        "epsilon_ionic_avg": 17.40042256,
        "epsilon_ionic_eig": [
            11.721354122813423,
            22.269939007186576,
            18.20997455
        ],
        "epsilon_electronic": [
            [
                5.38268065,
                0.0,
                0.29974184
            ],
            [
                0.0,
                5.46196297,
                0.0
            ],
            [
                0.29974116,
                0.0,
                5.4291428
            ]
        ],
        "epsilon_electronic_avg": 5.4245954733333335,
        "epsilon_electronic_eig": [
            5.105271325739039,
            5.706552124260961,
            5.46196297
        ]
    },
    "phonon": {
        "lowest_freq": -0.05169628734704001,