{
    "mp_id": "mp-5794",
    "nelements": 3,
    "nsites": 14,
    "elements": [
        "Ga",
        "O",
        "Zn"
    ],
    "structure": {
        "@module": "pymatgen.core.structure",
        "@class": "Structure",
        "charge": null,
        "lattice": {
            "matrix": [
                [
                    0.0,
                    4.15193695,
                    4.15193695
                ],
                [
                    4.15193695,
                    0.0,
                    4.15193695
                ],
                [
                    4.15193695,
                    4.15193695,
                    0.0
                ]
            ],
            "a": 5.871725544807982,
            "b": 5.871725544807982,
            "c": 5.871725544807982,
            "alpha": 59.99999999999999,
            "beta": 59.99999999999999,
            "gamma": 59.99999999999999,
            "volume": 143.14699816198902
        },
        "sites": [
            {
                "species": [
                    {
                        "element": "Zn",
                        "occu": 1
                    }
                ],
                "abc": [
                    0.0,
                    0.0,
                    0.0
                ],
                "xyz": [
                    0.0,
                    0.0,
                    0.0
                ],
                "label": "Zn",
                "properties": {}
            },
            {
                "species": [
                    {
                        "element": "Zn",
                        "occu": 1
                    }
                ],
                "abc": [
                    0.25,
                    0.25,
                    0.25
                ],
                "xyz": [
                    2.075968475,
                    2.075968475,
                    2.075968475
                ],
                "label": "Zn",
                "properties": {}
            },
            {
                "species": [
                    {
                        "element": "Ga",
                        "occu": 1
                    }
                ],
                "abc": [
                    0.625,
                    0.625,
                    0.125
                ],
                "xyz": [
                    3.1139527124999997,
                    3.1139527124999997,
                    5.1899211874999995
                ],
                "label": "Ga",
                "properties": {}
            },
            {
                "species": [
                    {
                        "element": "Ga",
                        "occu": 1
                    }
                ],
                "abc": [
                    0.625,
                    0.125,
                    0.625
                ],
                "xyz": [
                    3.1139527124999997,
                    5.1899211874999995,
                    3.1139527124999997
                ],
                "label": "Ga",
                "properties": {}
            },
            {
                "species": [
                    {
                        "element": "Ga",
                        "occu": 1
                    }
                ],
                "abc": [
                    0.125,
                    0.625,
                    0.625
                ],
                "xyz": [
                    5.1899211874999995,
                    3.1139527124999997,
                    3.1139527124999997
                ],
                "label": "Ga",
                "properties": {}
            },
            {
                "species": [
                    {
                        "element": "Ga",
                        "occu": 1
                    }
                ],
                "abc": [
                    0.625,
                    0.625,
                    0.625
                ],
                "xyz": [
                    5.1899211874999995,
                    5.1899211874999995,
                    5.1899211874999995
                ],
                "label": "Ga",
                "properties": {}
            },
            {
                "species": [
                    {
                        "element": "O",
                        "occu": 1
                    }
                ],
                "abc": [
                    0.38512729,
                    0.84461812,
                    0.38512729
                ],
                "xyz": [
                    5.105825406871899,
                    3.198048451608731,
                    5.105825406871899
                ],
                "label": "O",
                "properties": {}
            },
            {
                "species": [
                    {
                        "element": "O",
                        "occu": 1
                    }
                ],
                "abc": [
                    0.86487271,
                    0.86487271,
                    0.40538188
                ],
                "xyz": [
                    5.2740169681281,
                    5.2740169681281,
                    7.181793923391268
                ],
                "label": "O",
                "properties": {}
            },
            {
                "species": [
                    {
                        "element": "O",
                        "occu": 1
                    }
                ],
                "abc": [
                    0.86487271,
                    0.86487271,
                    0.86487271
                ],
                "xyz": [
                    7.181793923391268,
                    7.181793923391268,
                    7.181793923391268
                ],
                "label": "O",
                "properties": {}
            },
            {
                "species": [
                    {
                        "element": "O",
                        "occu": 1
                    }
                ],
                "abc": [
                    0.40538188,
                    0.86487271,
                    0.86487271
                ],
                "xyz": [
                    7.181793923391268,
                    5.2740169681281,
                    5.2740169681281
                ],
                "label": "O",
                "properties": {}
            },
            {
                "species": [
                    {
                        "element": "O",
                        "occu": 1
                    }
                ],
                "abc": [
                    0.38512729,
                    0.38512729,
                    0.38512729
                ],
                "xyz": [
                    3.198048451608731,
                    3.198048451608731,
                    3.198048451608731
                ],
                "label": "O",
                "properties": {}
            },
            {
                "species": [
                    {
                        "element": "O",
                        "occu": 1
                    }
                ],
                "abc": [
                    0.84461812,
                    0.38512729,
                    0.38512729
                ],
                "xyz": [
                    3.198048451608731,
                    5.105825406871899,
                    5.105825406871899
                ],
                "label": "O",
                "properties": {}
            },
            {
                "species": [
                    {
                        "element": "O",
                        "occu": 1
                    }
                ],
                "abc": [
                    0.86487271,
                    0.40538188,
                    0.86487271
                ],
                "xyz": [
                    5.2740169681281,
                    7.181793923391268,
                    5.2740169681281
                ],