{
    "mp_id": "mp-551092",
    "nelements": 4,
    "nsites": 10,
    "elements": [
        "K",
        "Li",
        "O",
        "Zn"
    ],
    "structure": {
        "@module": "pymatgen.core.structure",
        "@class": "Structure",
        "charge": null,
        "lattice": {
            "matrix": [
                [
                    5.35726288,
                    -1.65569334,
                    -0.00040063
                ],
                [
                    5.35726288,
                    1.65569334,
                    -0.00040063
                ],
                [
                    -4.03933208,
                    0.0,
                    7.09023749
                ]
            ],
            "a": 5.607279747083308,
            "b": 5.607279747083308,
            "c": 8.160126917954072,
            "alpha": 118.22915627843308,
            "beta": 118.22915627843308,
            "gamma": 34.34813815927647,
            "volume": 125.77523412171897
        },
        "sites": [
            {
                "species": [
                    {
                        "element": "K",
                        "occu": 1
                    }
                ],
                "abc": [
                    0.1648712,
                    0.1648712,
                    0.12965822
                ],
                "xyz": [
                    1.2427841120004146,
                    0.0,
                    0.9191754676329558
                ],
                "label": "K",
                "properties": {}
            },
            {
                "species": [
                    {
                        "element": "K",
                        "occu": 1
                    }
                ],
                "abc": [
                    0.8351288,
                    0.8351288,
                    0.87034178
                ],
                "xyz": [
                    5.432409567999586,
                    0.0,
                    6.170260762367044
                ],
                "label": "K",
                "properties": {}
            },
            {
                "species": [
                    {
                        "element": "Li",
                        "occu": 1
                    }
                ],
                "abc": [
                    0.65844297,
                    0.65844297,
                    0.44463528
                ],
                "xyz": [
                    5.258874613152124,
                    0.0,
                    3.1520421476185048
                ],
                "label": "Li",
                "properties": {}
            },
            {
                "species": [
                    {
                        "element": "Li",
                        "occu": 1
                    }
                ],
                "abc": [
                    0.34155703,
                    0.34155703,
                    0.55536472
                ],
                "xyz": [
                    1.416319066847875,
                    0.0,
                    3.937394082381495
                ],
                "label": "Li",
                "properties": {}
            },
            {
                "species": [
                    {
                        "element": "Zn",
                        "occu": 1
                    }
                ],
                "abc": [
                    0.9586424,
                    0.9586424,
                    0.32145023
                ],
                "xyz": [
                    8.972954463265847,
                    0.0,
                    2.2783903501056986
                ],
                "label": "Zn",
                "properties": {}
            },
            {
                "species": [
                    {
                        "element": "Zn",
                        "occu": 1
                    }
                ],
                "abc": [
                    0.0413576,
                    0.0413576,
                    0.67854977
                ],
                "xyz": [
                    -2.297760783265846,
                    0.0,
                    4.811045879894302
                ],
                "label": "Zn",
                "properties": {}
            },
            {
                "species": [
                    {
                        "element": "O",
                        "occu": 1
                    }
                ],
                "abc": [
                    0.53805831,
                    0.53805831,
                    0.80084963
                ],
                "xyz": [
                    2.5301420211619354,
                    0.0,
                    5.6777829458771585
                ],
                "label": "O",
                "properties": {}
            },
            {
                "species": [
                    {
                        "element": "O",
                        "occu": 1
                    }
                ],
                "abc": [
                    0.46194169,
                    0.46194169,
                    0.19915037
                ],
                "xyz": [
                    4.145051658838065,
                    0.0,
                    1.4116532841228417
                ],
                "label": "O",
                "properties": {}
            },
            {
                "species": [
                    {
                        "element": "O",
                        "occu": 1
                    }
                ],
                "abc": [
                    0.15927605,
                    0.15927605,
                    0.56079508
                ],
                "xyz": [
                    -0.5586702162741182,
                    0.0,
                    3.976042678895726
                ],
                "label": "O",
                "properties": {}
            },
            {
                "species": [
                    {
                        "element": "O",
                        "occu": 1
                    }
                ],
                "abc": [
                    0.84072395,
                    0.84072395,
                    0.43920492
                ],
                "xyz": [
                    7.233863896274118,
                    0.0,
                    3.113393551104274
                ],
                "label": "O",
                "properties": {}
            }
        ]
    },
    "spacegroup": {
        "source": "spglib",
        "symbol": "C2/m",
        "number": 12,
        "point_group": "2/m",
        "crystal_system": "monoclinic",
        "hall": "-C 2y"
    },
    "dielectric": {
        "epsilon_ionic": [
            [
                7.42074865,
                1e-08,
                1.07726955
            ],
            [
                1e-08,
                5.45474177,
                -2e-08
            ],
            [
                1.07726955,
                -2e-08,
                5.84243001
            ]
        ],
        "epsilon_ionic_avg": 6.239306809999999,
        "epsilon_ionic_eig": [
            7.966985194790684,
            5.29619346520931,
            5.454741770000003
        ],
        "epsilon_electronic": [
            [
                3.24009456,
                0.0,
                -0.01122756
            ],
            [
                0.0,
                3.45774207,
                0.0
            ],
            [
                -0.01122759,
                0.0,
                3.307012
            ]
        ],
        "epsilon_electronic_avg": 3.3349495433333334,
        "epsilon_electronic_eig": [
            3.2382610091121866,
            3.3088455508878134,
            3.45774207
        ]
    },
    "phonon": {
        "lowest_freq": -0.06351464105616504,