{
    "mp_id": "mp-5854",
    "nelements": 3,
    "nsites": 16,
    "elements": [
        "Ga",
        "Li",
        "O"
    ],
    "structure": {
        "@module": "pymatgen.core.structure",
        "@class": "Structure",
        "charge": null,
        "lattice": {
            "matrix": [
                [
                    5.40240746,
                    0.0,
                    0.0
                ],
                [
                    0.0,
                    6.37472139,
                    0.0
                ],
                [
                    0.0,
                    0.0,
                    5.01951979
                ]
            ],
            "a": 5.40240746,
            "b": 6.37472139,
            "c": 5.01951979,
            "alpha": 90.0,
            "beta": 90.0,
            "gamma": 90.0,
            "volume": 172.8664509351376
        },
        "sites": [
            {
                "species": [
                    {
                        "element": "Li",
                        "occu": 1
                    }
                ],
                "abc": [
                    0.58197019,
                    0.87569462,
                    2.02e-05
                ],
                "xyz": [
                    3.144040095953618,
                    5.582309225221922,
                    0.00010139429975800001
                ],
                "label": "Li",
                "properties": {}
            },
            {
                "species": [
                    {
                        "element": "Li",
                        "occu": 1
                    }
                ],
                "abc": [
                    0.91802981,
                    0.37569462,
                    0.5000202
                ],
                "xyz": [
                    4.959571094046383,
                    2.394948530221922,
                    2.5098612892997583
                ],
                "label": "Li",
                "properties": {}
            },
            {
                "species": [
                    {
                        "element": "Li",
                        "occu": 1
                    }
                ],
                "abc": [
                    0.08197019,
                    0.62430538,
                    2.02e-05
                ],
                "xyz": [
                    0.4428363659536174,
                    3.9797728597780786,
                    0.00010139429975800001
                ],
                "label": "Li",
                "properties": {}
            },
            {
                "species": [
                    {
                        "element": "Li",
                        "occu": 1
                    }
                ],
                "abc": [
                    0.41802981,
                    0.12430538,
                    0.5000202
                ],
                "xyz": [
                    2.2583673640463826,
                    0.7924121647780782,
                    2.5098612892997583
                ],
                "label": "Li",
                "properties": {}
            },
            {
                "species": [
                    {
                        "element": "Ga",
                        "occu": 1
                    }
                ],
                "abc": [
                    0.58218833,
                    0.37387631,
                    0.00422999
                ],
                "xyz": [
                    3.145218577116942,
                    2.383357310571271,
                    0.021232518516502104
                ],
                "label": "Ga",
                "properties": {}
            },
            {
                "species": [
                    {
                        "element": "Ga",
                        "occu": 1
                    }
                ],
                "abc": [
                    0.41781167,
                    0.62612369,
                    0.50422999
                ],
                "xyz": [
                    2.2571888828830584,
                    3.9913640794287293,
                    2.5309924135165023
                ],
                "label": "Ga",
                "properties": {}
            },
            {
                "species": [
                    {
                        "element": "Ga",
                        "occu": 1
                    }
                ],
                "abc": [
                    0.91781167,
                    0.87387631,
                    0.50422999
                ],
                "xyz": [
                    4.958392612883058,
                    5.570718005571271,
                    2.5309924135165023
                ],
                "label": "Ga",
                "properties": {}
            },
            {
                "species": [
                    {
                        "element": "Ga",
                        "occu": 1
                    }
                ],
                "abc": [
                    0.08218833,
                    0.12612369,
                    0.00422999
                ],
                "xyz": [
                    0.44401484711694184,
                    0.8040033844287292,
                    0.021232518516502104
                ],
                "label": "Ga",
                "properties": {}
            },
            {
                "species": [
                    {
                        "element": "O",
                        "occu": 1
                    }
                ],
                "abc": [
                    0.06991131,
                    0.1136182,
                    0.37453132
                ],
                "xyz": [
                    0.3776893826823726,
                    0.724284369833298,
                    1.879967372714823
                ],
                "label": "O",
                "properties": {}
            },
            {
                "species": [
                    {
                        "element": "O",
                        "occu": 1
                    }
                ],
                "abc": [
                    0.56991131,
                    0.3863818,
                    0.37453132
                ],
                "xyz": [
                    3.078893112682372,
                    2.463076325166702,
                    1.879967372714823
                ],
                "label": "O",
                "properties": {}
            },
            {
                "species": [
                    {
                        "element": "O",
                        "occu": 1
                    }
                ],
                "abc": [
                    0.93008869,
                    0.8863818,
                    0.87453132
                ],
                "xyz": [
                    5.024718077317628,
                    5.650437020166702,
                    4.389727267714823
                ],
                "label": "O",
                "properties": {}
            },
            {
                "species": [
                    {
                        "element": "O",
                        "occu": 1
                    }
                ],
                "abc": [
                    0.43008869,
                    0.6136182,
                    0.87453132
                ],
                "xyz": [
                    2.3235143473176274,
                    3.9116450648332983,
                    4.389727267714823
                ],
                "label": "O",
                "properties": {}
            },
            {
                "species": [
                    {
                        "element": "O",
                        "occu": 1
                    }
                ],
                "abc": [
                    0.40891479,
                    0.13710913,
                    0.8944185
                ],