{
    "mp_id": "mp-559957",
    "nelements": 4,
    "nsites": 16,
    "elements": [
        "Ge",
        "O",
        "Sr",
        "Ti"
    ],
    "structure": {
        "@module": "pymatgen.core.structure",
        "@class": "Structure",
        "charge": null,
        "lattice": {
            "matrix": [
                [
                    3.41814264,
                    -4.56811687,
                    5.773e-05
                ],
                [
                    3.41814264,
                    4.56811687,
                    5.773e-05
                ],
                [
                    -2.89292364,
                    0.0,
                    6.66515785
                ]
            ],
            "a": 5.705382620709808,
            "b": 5.705382620709808,
            "c": 7.265902308198719,
            "alpha": 103.79956643560303,
            "beta": 103.79956643560303,
            "gamma": 106.38786401698064,
            "volume": 208.14740783944646
        },
        "sites": [
            {
                "species": [
                    {
                        "element": "Sr",
                        "occu": 1
                    }
                ],
                "abc": [
                    0.1707404,
                    0.8292596,
                    0.25
                ],
                "xyz": [
                    2.6949117300000003,
                    3.008192666738904,
                    1.6663471925
                ],
                "label": "Sr",
                "properties": {}
            },
            {
                "species": [
                    {
                        "element": "Sr",
                        "occu": 1
                    }
                ],
                "abc": [
                    0.8292596,
                    0.1707404,
                    0.75
                ],
                "xyz": [
                    1.2484499100000002,
                    -3.008192666738904,
                    4.9989261175
                ],
                "label": "Sr",
                "properties": {}
            },
            {
                "species": [
                    {
                        "element": "Ti",
                        "occu": 1
                    }
                ],
                "abc": [
                    0.5,
                    0.5,
                    0.0
                ],
                "xyz": [
                    3.41814264,
                    0.0,
                    5.773e-05
                ],
                "label": "Ti",
                "properties": {}
            },
            {
                "species": [
                    {
                        "element": "Ti",
                        "occu": 1
                    }
                ],
                "abc": [
                    0.5,
                    0.5,
                    0.5
                ],
                "xyz": [
                    1.9716808200000002,
                    0.0,
                    3.332636655
                ],
                "label": "Ti",
                "properties": {}
            },
            {
                "species": [
                    {
                        "element": "Ge",
                        "occu": 1
                    }
                ],
                "abc": [
                    0.8137942,
                    0.1862058,
                    0.25
                ],
                "xyz": [
                    2.6949117300000003,
                    -2.8668971574563082,
                    1.6663471925
                ],
                "label": "Ge",
                "properties": {}
            },
            {
                "species": [
                    {
                        "element": "Ge",
                        "occu": 1
                    }
                ],
                "abc": [
                    0.1862058,
                    0.8137942,
                    0.75
                ],
                "xyz": [
                    1.2484499100000002,
                    2.8668971574563082,
                    4.9989261175
                ],
                "label": "Ge",
                "properties": {}
            },
            {
                "species": [
                    {
                        "element": "O",
                        "occu": 1
                    }
                ],
                "abc": [
                    0.87164136,
                    0.74233829,
                    0.57950053
                ],
                "xyz": [
                    3.840361879127747,
                    -0.5906715354097911,
                    3.862555681653855
                ],
                "label": "O",
                "properties": {}
            },
            {
                "species": [
                    {
                        "element": "O",
                        "occu": 1
                    }
                ],
                "abc": [
                    0.39565961,
                    0.80706423,
                    0.60255653
                ],
                "xyz": [
                    2.367931611575169,
                    1.8793443850179394,
                    4.016203819245543
                ],
                "label": "O",
                "properties": {}
            },
            {
                "species": [
                    {
                        "element": "O",
                        "occu": 1
                    }
                ],
                "abc": [
                    0.25766171,
                    0.12835864,
                    0.92049947
                ],
                "xyz": [
                    -1.3434620591277469,
                    -0.5906715354097908,
                    6.135296553346145
                ],
                "label": "O",
                "properties": {}
            },
            {
                "species": [
                    {
                        "element": "O",
                        "occu": 1
                    }
                ],
                "abc": [
                    0.12835864,
                    0.25766171,
                    0.42049947
                ],
                "xyz": [
                    0.10299976087225327,
                    0.5906715354097908,
                    2.802717628346145
                ],
                "label": "O",
                "properties": {}
            },
            {
                "species": [
                    {
                        "element": "O",
                        "occu": 1
                    }
                ],
                "abc": [
                    0.74233829,
                    0.87164136,
                    0.07950053
                ],
                "xyz": [
                    5.286823699127747,
                    0.5906715354097911,
                    0.5299767566538549
                ],
                "label": "O",
                "properties": {}
            },
            {
                "species": [
                    {
                        "element": "O",
                        "occu": 1
                    }
                ],
                "abc": [
                    0.56136076,
                    0.43863924,
                    0.75
                ],
                "xyz": [
                    1.2484499100000002,
                    -0.5606062458240428,
                    4.9989261175
                ],
                "label": "O",
                "properties": {}
            },
            {
                "species": [
                    {
                        "element": "O",
                        "occu": 1
                    }
                ],
                "abc": [
                    0.19293577,
                    0.60434039,
                    0.89744347
                ],