{
    "mp_id": "mp-551269",
    "nelements": 4,
    "nsites": 10,
    "elements": [
        "Ba",
        "La",
        "O",
        "Sb"
    ],
    "structure": {
        "@module": "pymatgen.core.structure",
        "@class": "Structure",
        "charge": null,
        "lattice": {
            "matrix": [
                [
                    3.06215354,
                    1.76793523,
                    4.92984471
                ],
                [
                    -3.06215352,
                    1.76793526,
                    4.92984471
                ],
                [
                    -2e-08,
                    -3.53586949,
                    4.92984471
                ]
            ],
            "a": 6.066774113540463,
            "b": 6.066774112188012,
            "c": 6.066773600112983,
            "alpha": 60.628402647634594,
            "beta": 60.62840268413709,
            "gamma": 60.62840703063377,
            "volume": 160.13185075249135
        },
        "sites": [
            {
                "species": [
                    {
                        "element": "Ba",
                        "occu": 1
                    }
                ],
                "abc": [
                    0.74811102,
                    0.74811102,
                    0.74811102
                ],
                "xyz": [
                    -4.8422428448637644e-17,
                    7.481110197993246e-07,
                    11.064213463319112
                ],
                "label": "Ba",
                "properties": {}
            },
            {
                "species": [
                    {
                        "element": "Ba",
                        "occu": 1
                    }
                ],
                "abc": [
                    0.25188898,
                    0.25188898,
                    0.25188898
                ],
                "xyz": [
                    1.4891761519113597e-16,
                    2.5188897989636416e-07,
                    3.7253206666808873
                ],
                "label": "Ba",
                "properties": {}
            },
            {
                "species": [
                    {
                        "element": "La",
                        "occu": 1
                    }
                ],
                "abc": [
                    0.0,
                    0.0,
                    0.0
                ],
                "xyz": [
                    0.0,
                    0.0,
                    0.0
                ],
                "label": "La",
                "properties": {}
            },
            {
                "species": [
                    {
                        "element": "Sb",
                        "occu": 1
                    }
                ],
                "abc": [
                    0.5,
                    0.5,
                    0.5
                ],
                "xyz": [
                    1.612698950065842e-16,
                    4.999999998478444e-07,
                    7.394767065
                ],
                "label": "Sb",
                "properties": {}
            },
            {
                "species": [
                    {
                        "element": "O",
                        "occu": 1
                    }
                ],
                "abc": [
                    0.31832763,
                    0.72656515,
                    0.22082031
                ],
                "xyz": [
                    -1.2500859569139238,
                    1.0665109822302519,
                    6.239768981114254
                ],
                "label": "O",
                "properties": {}
            },
            {
                "species": [
                    {
                        "element": "O",
                        "occu": 1
                    }
                ],
                "abc": [
                    0.27343485,
                    0.77917969,
                    0.68167237
                ],
                "xyz": [
                    -1.5486683501925873,
                    -0.5493501830073566,
                    8.549765148885747
                ],
                "label": "O",
                "properties": {}
            },
            {
                "species": [
                    {
                        "element": "O",
                        "occu": 1
                    }
                ],
                "abc": [
                    0.22082031,
                    0.31832763,
                    0.72656515
                ],
                "xyz": [
                    -0.29858239327866304,
                    -1.6158608995245187,
                    6.2397689811142545
                ],
                "label": "O",
                "properties": {}
            },
            {
                "species": [
                    {
                        "element": "O",
                        "occu": 1
                    }
                ],
                "abc": [
                    0.77917969,
                    0.68167237,
                    0.27343485
                ],
                "xyz": [
                    0.2985823932786636,
                    1.615861899524518,
                    8.549765148885747
                ],
                "label": "O",
                "properties": {}
            },
            {
                "species": [
                    {
                        "element": "O",
                        "occu": 1
                    }
                ],
                "abc": [
                    0.72656515,
                    0.22082031,
                    0.31832763
                ],
                "xyz": [
                    1.5486683501925875,
                    0.5493511830073565,
                    6.2397689811142545
                ],
                "label": "O",
                "properties": {}
            },
            {
                "species": [
                    {
                        "element": "O",
                        "occu": 1
                    }
                ],
                "abc": [
                    0.68167237,
                    0.27343485,
                    0.77917969
                ],
                "xyz": [
                    1.2500859569139242,
                    -1.066509982230252,
                    8.549765148885747
                ],
                "label": "O",
                "properties": {}
            }
        ]
    },
    "spacegroup": {
        "source": "spglib",
        "symbol": "R-3",
        "number": 148,
        "point_group": "-3",
        "crystal_system": "trigonal",
        "hall": "-R 3"
    },
    "dielectric": {
        "epsilon_ionic": [
            [
                15.67067107,
                4.101e-05,
                -4.065e-05
            ],
            [
                4.101e-05,
                15.67215374,
                -2.32e-06
            ],
            [
                -4.065e-05,
                -2.32e-06,
                23.59344163
            ]
        ],
        "epsilon_ionic_avg": 18.312088813333336,
        "epsilon_ionic_eig": [
            15.67066993634018,
            15.672154873450577,
            23.59344163020925
        ],
        "epsilon_electronic": [
            [
                4.39816379,
                -1.38e-06,
                -0.0
            ],
            [
                1.38e-06,
                4.39816449,
                0.0
            ],
            [
                -0.0,
                0.0,
                4.29469522
            ]
        ],
        "epsilon_electronic_avg": 4.363674500000001,
        "epsilon_electronic_eig": [
            4.39816414,
            4.39816414,
            4.29469522
        ]
    },
    "phonon": {
        "lowest_freq": -0.02792822724792853,