{
    "mp_id": "mp-559067",
    "nelements": 4,
    "nsites": 12,
    "elements": [
        "Au",
        "K",
        "Na",
        "O"
    ],
    "structure": {
        "@module": "pymatgen.core.structure",
        "@class": "Structure",
        "charge": null,
        "lattice": {
            "matrix": [
                [
                    5.45188647,
                    0.0,
                    0.0
                ],
                [
                    0.0,
                    9.99383005,
                    0.0
                ],
                [
                    0.0,
                    0.0,
                    3.90613733
                ]
            ],
            "a": 5.45188647,
            "b": 9.99383005,
            "c": 3.90613733,
            "alpha": 90.0,
            "beta": 90.0,
            "gamma": 90.0,
            "volume": 212.82677846618967
        },
        "sites": [
            {
                "species": [
                    {
                        "element": "K",
                        "occu": 1
                    }
                ],
                "abc": [
                    0.0,
                    0.5,
                    0.0
                ],
                "xyz": [
                    0.0,
                    4.996915025,
                    0.0
                ],
                "label": "K",
                "properties": {}
            },
            {
                "species": [
                    {
                        "element": "K",
                        "occu": 1
                    }
                ],
                "abc": [
                    0.5,
                    0.0,
                    0.5
                ],
                "xyz": [
                    2.725943235,
                    0.0,
                    1.953068665
                ],
                "label": "K",
                "properties": {}
            },
            {
                "species": [
                    {
                        "element": "Na",
                        "occu": 1
                    }
                ],
                "abc": [
                    0.91832089,
                    0.22866214,
                    0.5
                ],
                "xyz": [
                    5.0065812353093575,
                    2.285210566029307,
                    1.953068665
                ],
                "label": "Na",
                "properties": {}
            },
            {
                "species": [
                    {
                        "element": "Na",
                        "occu": 1
                    }
                ],
                "abc": [
                    0.08167911,
                    0.77133786,
                    0.5
                ],
                "xyz": [
                    0.4453052346906417,
                    7.708619483970693,
                    1.953068665
                ],
                "label": "Na",
                "properties": {}
            },
            {
                "species": [
                    {
                        "element": "Na",
                        "occu": 1
                    }
                ],
                "abc": [
                    0.41832089,
                    0.27133786,
                    0.0
                ],
                "xyz": [
                    2.280638000309358,
                    2.7117044589706927,
                    0.0
                ],
                "label": "Na",
                "properties": {}
            },
            {
                "species": [
                    {
                        "element": "Na",
                        "occu": 1
                    }
                ],
                "abc": [
                    0.58167911,
                    0.72866214,
                    0.0
                ],
                "xyz": [
                    3.171248469690642,
                    7.282125591029306,
                    0.0
                ],
                "label": "Na",
                "properties": {}
            },
            {
                "species": [
                    {
                        "element": "Au",
                        "occu": 1
                    }
                ],
                "abc": [
                    0.0,
                    0.0,
                    0.0
                ],
                "xyz": [
                    0.0,
                    0.0,
                    0.0
                ],
                "label": "Au",
                "properties": {}
            },
            {
                "species": [
                    {
                        "element": "Au",
                        "occu": 1
                    }
                ],
                "abc": [
                    0.5,
                    0.5,
                    0.5
                ],
                "xyz": [
                    2.725943235,
                    4.996915025,
                    1.953068665
                ],
                "label": "Au",
                "properties": {}
            },
            {
                "species": [
                    {
                        "element": "O",
                        "occu": 1
                    }
                ],
                "abc": [
                    0.74247694,
                    0.64972097,
                    0.5
                ],
                "xyz": [
                    4.047899983473002,
                    6.493200954101148,
                    1.953068665
                ],
                "label": "O",
                "properties": {}
            },
            {
                "species": [
                    {
                        "element": "O",
                        "occu": 1
                    }
                ],
                "abc": [
                    0.24247694,
                    0.85027903,
                    0.0
                ],
                "xyz": [
                    1.3219567484730017,
                    8.497544120898851,
                    0.0
                ],
                "label": "O",
                "properties": {}
            },
            {
                "species": [
                    {
                        "element": "O",
                        "occu": 1
                    }
                ],
                "abc": [
                    0.75752306,
                    0.14972097,
                    0.0
                ],
                "xyz": [
                    4.129929721526998,
                    1.4962859291011485,
                    0.0
                ],
                "label": "O",
                "properties": {}
            },
            {
                "species": [
                    {
                        "element": "O",
                        "occu": 1
                    }
                ],
                "abc": [
                    0.25752306,
                    0.35027903,
                    0.5
                ],
                "xyz": [
                    1.4039864865269982,
                    3.5006290958988515,
                    1.953068665
                ],
                "label": "O",
                "properties": {}
            }
        ]
    },
    "spacegroup": {
        "source": "spglib",
        "symbol": "Pnnm",
        "number": 58,
        "point_group": "mmm",
        "crystal_system": "orthorhombic",
        "hall": "-P 2 2n"
    },
    "dielectric": {
        "epsilon_ionic": [
            [
                4.98446633,
                0.0,
                0.0
            ],
            [
                0.0,
                7.81002163,
                -0.0
            ],
            [
                0.0,
                -0.0,
                2.29837985
            ]
        ],
        "epsilon_ionic_avg": 5.0309559366666665,