{
    "mp_id": "mp-546125",
    "nelements": 3,
    "nsites": 12,
    "elements": [
        "As",
        "O",
        "Sc"
    ],
    "structure": {
        "@module": "pymatgen.core.structure",
        "@class": "Structure",
        "charge": null,
        "lattice": {
            "matrix": [
                [
                    -3.35741612,
                    3.35741612,
                    3.05104848
                ],
                [
                    3.35741612,
                    -3.35741612,
                    3.05104848
                ],
                [
                    3.35741612,
                    3.35741612,
                    -3.05104848
                ]
            ],
            "a": 5.643880122130698,
            "b": 5.643880122130698,
            "c": 5.643880122130698,
            "alpha": 106.99223004882502,
            "beta": 106.99223004882502,
            "gamma": 114.55181360007212,
            "volume": 137.56863951997187
        },
        "sites": [
            {
                "species": [
                    {
                        "element": "Sc",
                        "occu": 1
                    }
                ],
                "abc": [
                    0.5,
                    0.5,
                    0.0
                ],
                "xyz": [
                    0.0,
                    0.0,
                    3.05104848
                ],
                "label": "Sc",
                "properties": {}
            },
            {
                "species": [
                    {
                        "element": "Sc",
                        "occu": 1
                    }
                ],
                "abc": [
                    0.25,
                    0.75,
                    0.5
                ],
                "xyz": [
                    3.35741612,
                    0.0,
                    1.52552424
                ],
                "label": "Sc",
                "properties": {}
            },
            {
                "species": [
                    {
                        "element": "As",
                        "occu": 1
                    }
                ],
                "abc": [
                    0.75,
                    0.25,
                    0.5
                ],
                "xyz": [
                    0.0,
                    3.35741612,
                    1.52552424
                ],
                "label": "As",
                "properties": {}
            },
            {
                "species": [
                    {
                        "element": "As",
                        "occu": 1
                    }
                ],
                "abc": [
                    0.0,
                    0.0,
                    0.0
                ],
                "xyz": [
                    0.0,
                    0.0,
                    0.0
                ],
                "label": "As",
                "properties": {}
            },
            {
                "species": [
                    {
                        "element": "O",
                        "occu": 1
                    }
                ],
                "abc": [
                    0.1262775,
                    0.43897291,
                    0.68730459
                ],
                "xyz": [
                    3.35741612,
                    1.2577188996319817,
                    -0.37239322036664646
                ],
                "label": "O",
                "properties": {}
            },
            {
                "species": [
                    {
                        "element": "O",
                        "occu": 1
                    }
                ],
                "abc": [
                    0.75166732,
                    0.43897291,
                    0.31269541
                ],
                "xyz": [
                    3.357416120008949e-06,
                    2.0996938629518986,
                    2.678652208584874
                ],
                "label": "O",
                "properties": {}
            },
            {
                "species": [
                    {
                        "element": "O",
                        "occu": 1
                    }
                ],
                "abc": [
                    0.18897291,
                    0.00166732,
                    0.81269541
                ],
                "xyz": [
                    2.099693862951898,
                    3.3574194774161197,
                    -1.8979205114151265
                ],
                "label": "O",
                "properties": {}
            },
            {
                "species": [
                    {
                        "element": "O",
                        "occu": 1
                    }
                ],
                "abc": [
                    0.6237225,
                    0.81102709,
                    0.81269541
                ],
                "xyz": [
                    3.35741612,
                    2.099697220368018,
                    1.8979174603666462
                ],
                "label": "O",
                "properties": {}
            },
            {
                "species": [
                    {
                        "element": "O",
                        "occu": 1
                    }
                ],
                "abc": [
                    0.18897291,
                    0.3762775,
                    0.18730459
                ],
                "xyz": [
                    1.2577188996319815,
                    -1.1102230246251565e-16,
                    1.1531310196333537
                ],
                "label": "O",
                "properties": {}
            },
            {
                "species": [
                    {
                        "element": "O",
                        "occu": 1
                    }
                ],
                "abc": [
                    0.56102709,
                    0.24833268,
                    0.68730459
                ],
                "xyz": [
                    1.2577222570481021,
                    3.3574127625838797,
                    0.3723962714151261
                ],
                "label": "O",
                "properties": {}
            },
            {
                "species": [
                    {
                        "element": "O",
                        "occu": 1
                    }
                ],
                "abc": [
                    0.99833268,
                    0.81102709,
                    0.18730459
                ],
                "xyz": [
                    -3.357416120008949e-06,
                    1.2577222570481015,
                    4.948968991415127
                ],
                "label": "O",
                "properties": {}
            },
            {
                "species": [
                    {
                        "element": "O",
                        "occu": 1
                    }
                ],
                "abc": [
                    0.56102709,
                    0.8737225,
                    0.31269541
                ],
                "xyz": [
                    2.0996972203680184,
                    0.0,
                    3.4234417003666464
                ],
                "label": "O",
                "properties": {}
            }
        ]
    },
    "spacegroup": {
        "source": "spglib",
        "symbol": "I4_1/amd",
        "number": 141,
        "point_group": "4/mmm",
        "crystal_system": "tetragonal",
        "hall": "I 4bw 2bw -1bw"
    },