{
    "mp_id": "mp-5558",
    "nelements": 3,
    "nsites": 12,
    "elements": [
        "Na",
        "O",
        "Re"
    ],
    "structure": {
        "@module": "pymatgen.core.structure",
        "@class": "Structure",
        "charge": null,
        "lattice": {
            "matrix": [
                [
                    -2.67230263,
                    2.67230264,
                    5.72942634
                ],
                [
                    2.67230263,
                    -2.67230264,
                    5.72942634
                ],
                [
                    2.67230264,
                    2.67230263,
                    -5.72942634
                ]
            ],
            "a": 6.863579891830624,
            "b": 6.863579891830624,
            "c": 6.863579891830624,
            "alpha": 134.17246247717384,
            "beta": 134.17246247717384,
            "gamma": 66.81876129740124,
            "volume": 163.65994898348185
        },
        "sites": [
            {
                "species": [
                    {
                        "element": "Na",
                        "occu": 1
                    }
                ],
                "abc": [
                    0.25,
                    0.75,
                    0.5
                ],
                "xyz": [
                    2.6723026349999994,
                    -4.999999969612645e-09,
                    2.86471317
                ],
                "label": "Na",
                "properties": {}
            },
            {
                "species": [
                    {
                        "element": "Na",
                        "occu": 1
                    }
                ],
                "abc": [
                    0.5,
                    0.5,
                    0.0
                ],
                "xyz": [
                    0.0,
                    0.0,
                    5.72942634
                ],
                "label": "Na",
                "properties": {}
            },
            {
                "species": [
                    {
                        "element": "Re",
                        "occu": 1
                    }
                ],
                "abc": [
                    0.75,
                    0.25,
                    0.5
                ],
                "xyz": [
                    5.00000019165725e-09,
                    2.672302635,
                    2.86471317
                ],
                "label": "Re",
                "properties": {}
            },
            {
                "species": [
                    {
                        "element": "Re",
                        "occu": 1
                    }
                ],
                "abc": [
                    0.0,
                    0.0,
                    0.0
                ],
                "xyz": [
                    0.0,
                    0.0,
                    0.0
                ],
                "label": "Re",
                "properties": {}
            },
            {
                "species": [
                    {
                        "element": "O",
                        "occu": 1
                    }
                ],
                "abc": [
                    0.94898188,
                    0.31940147,
                    0.095794
                ],
                "xyz": [
                    -1.4264388263433185,
                    1.9384199498735024,
                    6.718264307893479
                ],
                "label": "O",
                "properties": {}
            },
            {
                "species": [
                    {
                        "element": "O",
                        "occu": 1
                    }
                ],
                "abc": [
                    0.60318788,
                    0.19898188,
                    0.1295804
                ],
                "xyz": [
                    -0.7338827118495239,
                    1.4264388046202918,
                    3.8535511951877424
                ],
                "label": "O",
                "properties": {}
            },
            {
                "species": [
                    {
                        "element": "O",
                        "occu": 1
                    }
                ],
                "abc": [
                    0.06940147,
                    0.47360747,
                    0.8704196
                ],
                "xyz": [
                    3.4061853518495235,
                    1.245863825379708,
                    -1.8758752594007841
                ],
                "label": "O",
                "properties": {}
            },
            {
                "species": [
                    {
                        "element": "O",
                        "occu": 1
                    }
                ],
                "abc": [
                    0.22360747,
                    0.85318788,
                    0.904206
                ],
                "xyz": [
                    4.098741466343318,
                    0.7338826801264973,
                    0.9888379678934802
                ],
                "label": "O",
                "properties": {}
            },
            {
                "species": [
                    {
                        "element": "O",
                        "occu": 1
                    }
                ],
                "abc": [
                    0.52639253,
                    0.39681212,
                    0.595794
                ],
                "xyz": [
                    1.245863808656682,
                    1.9384199448735022,
                    1.8758752021065206
                ],
                "label": "O",
                "properties": {}
            },
            {
                "species": [
                    {
                        "element": "O",
                        "occu": 1
                    }
                ],
                "abc": [
                    0.68059853,
                    0.77639253,
                    0.6295804
                ],
                "xyz": [
                    1.9384199231504757,
                    1.4264387996202925,
                    4.740588429400784
                ],
                "label": "O",
                "properties": {}
            },
            {
                "species": [
                    {
                        "element": "O",
                        "occu": 1
                    }
                ],
                "abc": [
                    0.14681212,
                    0.05101812,
                    0.3704196
                ],
                "xyz": [
                    0.7338827168495241,
                    1.2458638303797078,
                    -0.9888380251877424
                ],
                "label": "O",
                "properties": {}
            },
            {
                "species": [
                    {
                        "element": "O",
                        "occu": 1
                    }
                ],
                "abc": [
                    0.80101812,
                    0.93059853,
                    0.404206
                ],
                "xyz": [
                    1.4264388313433185,
                    0.7338826851264975,
                    7.605301542106519
                ],
                "label": "O",
                "properties": {}
            }
        ]
    },
    "spacegroup": {
        "source": "spglib",
        "symbol": "I4_1/a",
        "number": 88,
        "point_group": "4/m",
        "crystal_system": "tetragonal",
        "hall": "I 4bw -1bw"
    },