{
    "mp_id": "mp-5377",
    "nelements": 3,
    "nsites": 12,
    "elements": [
        "O",
        "Ta",
        "Y"
    ],
    "structure": {
        "@module": "pymatgen.core.structure",
        "@class": "Structure",
        "charge": null,
        "lattice": {
            "matrix": [
                [
                    5.12262296,
                    0.0,
                    0.00083869
                ],
                [
                    0.0,
                    5.4520849,
                    0.0
                ],
                [
                    -0.66438866,
                    0.0,
                    5.26611035
                ]
            ],
            "a": 5.122623028656323,
            "b": 5.4520849,
            "c": 5.307855547197353,
            "alpha": 90.0,
            "beta": 97.18124021345712,
            "gamma": 90.0,
            "volume": 147.08010382186225
        },
        "sites": [
            {
                "species": [
                    {
                        "element": "Y",
                        "occu": 1
                    }
                ],
                "abc": [
                    0.0,
                    0.77114602,
                    0.75
                ],
                "xyz": [
                    -0.498291495,
                    4.204353571337098,
                    3.9495827625
                ],
                "label": "Y",
                "properties": {}
            },
            {
                "species": [
                    {
                        "element": "Y",
                        "occu": 1
                    }
                ],
                "abc": [
                    0.0,
                    0.22885398,
                    0.25
                ],
                "xyz": [
                    -0.166097165,
                    1.2477313286629022,
                    1.3165275875
                ],
                "label": "Y",
                "properties": {}
            },
            {
                "species": [
                    {
                        "element": "Ta",
                        "occu": 1
                    }
                ],
                "abc": [
                    0.5,
                    0.31086201,
                    0.75
                ],
                "xyz": [
                    2.063019985,
                    1.694846070704649,
                    3.9500021075
                ],
                "label": "Ta",
                "properties": {}
            },
            {
                "species": [
                    {
                        "element": "Ta",
                        "occu": 1
                    }
                ],
                "abc": [
                    0.5,
                    0.68913799,
                    0.25
                ],
                "xyz": [
                    2.395214315,
                    3.7572388292953507,
                    1.3169469325
                ],
                "label": "Ta",
                "properties": {}
            },
            {
                "species": [
                    {
                        "element": "O",
                        "occu": 1
                    }
                ],
                "abc": [
                    0.24825599,
                    0.08342329,
                    0.59964889
                ],
                "xyz": [
                    0.873321911833943,
                    0.454830859717321,
                    3.1580254358112643
                ],
                "label": "O",
                "properties": {}
            },
            {
                "species": [
                    {
                        "element": "O",
                        "occu": 1
                    }
                ],
                "abc": [
                    0.75174401,
                    0.08342329,
                    0.90035111
                ],
                "xyz": [
                    3.252718058166057,
                    0.454830859717321,
                    4.741978779188735
                ],
                "label": "O",
                "properties": {}
            },
            {
                "species": [
                    {
                        "element": "O",
                        "occu": 1
                    }
                ],
                "abc": [
                    0.75174401,
                    0.91657671,
                    0.40035111
                ],
                "xyz": [
                    3.584912388166057,
                    4.997254040282678,
                    2.108923604188736
                ],
                "label": "O",
                "properties": {}
            },
            {
                "species": [
                    {
                        "element": "O",
                        "occu": 1
                    }
                ],
                "abc": [
                    0.24825599,
                    0.91657671,
                    0.09964889
                ],
                "xyz": [
                    1.205516241833943,
                    4.997254040282678,
                    0.5249702608112646
                ],
                "label": "O",
                "properties": {}
            },
            {
                "species": [
                    {
                        "element": "O",
                        "occu": 1
                    }
                ],
                "abc": [
                    0.26897243,
                    0.56555906,
                    0.5030019
                ],
                "xyz": [
                    1.0436555872065387,
                    3.083476011084194,
                    2.6490890961469815
                ],
                "label": "O",
                "properties": {}
            },
            {
                "species": [
                    {
                        "element": "O",
                        "occu": 1
                    }
                ],
                "abc": [
                    0.73102757,
                    0.56555906,
                    0.9969981
                ],
                "xyz": [
                    3.082384382793461,
                    3.083476011084194,
                    5.250915118853018
                ],
                "label": "O",
                "properties": {}
            },
            {
                "species": [
                    {
                        "element": "O",
                        "occu": 1
                    }
                ],
                "abc": [
                    0.73102757,
                    0.43444094,
                    0.4969981
                ],
                "xyz": [
                    3.4145787127934613,
                    2.368608888915806,
                    2.6178599438530186
                ],
                "label": "O",
                "properties": {}
            },
            {
                "species": [
                    {
                        "element": "O",
                        "occu": 1
                    }
                ],
                "abc": [
                    0.26897243,
                    0.43444094,
                    0.0030019
                ],
                "xyz": [
                    1.3758499172065386,
                    2.368608888915806,
                    0.016033921146981697
                ],
                "label": "O",
                "properties": {}
            }
        ]
    },
    "spacegroup": {
        "source": "spglib",
        "symbol": "P2/c",
        "number": 13,
        "point_group": "2/m",
        "crystal_system": "monoclinic",
        "hall": "-P 2yc"
    },