{
    "mp_id": "mp-510456",
    "nelements": 3,
    "nsites": 11,
    "elements": [
        "Mo",
        "O",
        "Zr"
    ],
    "structure": {
        "@module": "pymatgen.core.structure",
        "@class": "Structure",
        "charge": null,
        "lattice": {
            "matrix": [
                [
                    5.92137644,
                    0.0,
                    0.0
                ],
                [
                    -2.96068772,
                    5.12806197,
                    0.0
                ],
                [
                    0.0,
                    0.0,
                    6.29966782
                ]
            ],
            "a": 5.92137644,
            "b": 5.921375798200877,
            "c": 6.29966782,
            "alpha": 90.0,
            "beta": 90.0,
            "gamma": 119.99999799891276,
            "volume": 191.29058088444975
        },
        "sites": [
            {
                "species": [
                    {
                        "element": "Zr",
                        "occu": 1
                    }
                ],
                "abc": [
                    0.0,
                    0.0,
                    0.0
                ],
                "xyz": [
                    0.0,
                    0.0,
                    0.0
                ],
                "label": "Zr",
                "properties": {}
            },
            {
                "species": [
                    {
                        "element": "Mo",
                        "occu": 1
                    }
                ],
                "abc": [
                    0.333333,
                    0.666667,
                    0.28508908
                ],
                "xyz": [
                    -2.6273547200084124e-06,
                    3.41870968935399,
                    1.7959665031094054
                ],
                "label": "Mo",
                "properties": {}
            },
            {
                "species": [
                    {
                        "element": "Mo",
                        "occu": 1
                    }
                ],
                "abc": [
                    0.666667,
                    0.333333,
                    0.71491092
                ],
                "xyz": [
                    2.9606913473547203,
                    1.70935228064601,
                    4.503701316890594
                ],
                "label": "Mo",
                "properties": {}
            },
            {
                "species": [
                    {
                        "element": "O",
                        "occu": 1
                    }
                ],
                "abc": [
                    0.666667,
                    0.333333,
                    0.44213341
                ],
                "xyz": [
                    2.9606913473547203,
                    1.70935228064601,
                    2.7852936151238663
                ],
                "label": "O",
                "properties": {}
            },
            {
                "species": [
                    {
                        "element": "O",
                        "occu": 1
                    }
                ],
                "abc": [
                    0.333333,
                    0.666667,
                    0.55786659
                ],
                "xyz": [
                    -2.6273547200084124e-06,
                    3.41870968935399,
                    3.514374204876134
                ],
                "label": "O",
                "properties": {}
            },
            {
                "species": [
                    {
                        "element": "O",
                        "occu": 1
                    }
                ],
                "abc": [
                    0.83287902,
                    0.16712098,
                    0.80998515
                ],
                "xyz": [
                    4.436997173157923,
                    0.8570067419271307,
                    5.102637384132873
                ],
                "label": "O",
                "properties": {}
            },
            {
                "species": [
                    {
                        "element": "O",
                        "occu": 1
                    }
                ],
                "abc": [
                    0.16712098,
                    0.83287902,
                    0.19001485
                ],
                "xyz": [
                    -1.4763084531579231,
                    4.2710552280728695,
                    1.197030435867127
                ],
                "label": "O",
                "properties": {}
            },
            {
                "species": [
                    {
                        "element": "O",
                        "occu": 1
                    }
                ],
                "abc": [
                    0.16712098,
                    0.33424296,
                    0.19001485
                ],
                "xyz": [
                    -2.793566739933695e-06,
                    1.714018611916231,
                    1.197030435867127
                ],
                "label": "O",
                "properties": {}
            },
            {
                "species": [
                    {
                        "element": "O",
                        "occu": 1
                    }
                ],
                "abc": [
                    0.66575704,
                    0.83287902,
                    0.19001485
                ],
                "xyz": [
                    1.4763033646605033,
                    4.2710552280728695,
                    1.197030435867127
                ],
                "label": "O",
                "properties": {}
            },
            {
                "species": [
                    {
                        "element": "O",
                        "occu": 1
                    }
                ],
                "abc": [
                    0.33424296,
                    0.16712098,
                    0.80998515
                ],
                "xyz": [
                    1.4843853553394968,
                    0.8570067419271307,
                    5.102637384132873
                ],
                "label": "O",
                "properties": {}
            },
            {
                "species": [
                    {
                        "element": "O",
                        "occu": 1
                    }
                ],
                "abc": [
                    0.83287902,
                    0.66575704,
                    0.80998515
                ],
                "xyz": [
                    2.96069151356674,
                    3.414043358083769,
                    5.102637384132873
                ],
                "label": "O",
                "properties": {}
            }
        ]
    },
    "spacegroup": {
        "source": "spglib",
        "symbol": "P-3m1",
        "number": 164,
        "point_group": "-3m",
        "crystal_system": "trigonal",
        "hall": "-P 3 2\""
    },
    "dielectric": {
        "epsilon_ionic": [
            [
                7.22372041,
                -1e-08,
                0.0
            ],
            [
                -1e-08,
                7.2236392,
                1.061e-05
            ],
            [
                0.0,
                1.061e-05,
                2.1291759
            ]
        ],
        "epsilon_ionic_avg": 5.5255118366666665,
        "epsilon_ionic_eig": [
            7.223720410001231,
            7.223639200020865,
            2.129175899977903
        ],