{
    "mp_id": "mp-548615",
    "nelements": 4,
    "nsites": 10,
    "elements": [
        "Ba",
        "O",
        "W",
        "Zn"
    ],
    "structure": {
        "@module": "pymatgen.core.structure",
        "@class": "Structure",
        "charge": null,
        "lattice": {
            "matrix": [
                [
                    0.0,
                    4.03728,
                    4.03728
                ],
                [
                    4.03728,
                    0.0,
                    4.03728
                ],
                [
                    4.03728,
                    4.03728,
                    0.0
                ]
            ],
            "a": 5.709576131097649,
            "b": 5.709576131097649,
            "c": 5.709576131097649,
            "alpha": 60.00000000000001,
            "beta": 60.00000000000001,
            "gamma": 60.00000000000001,
            "volume": 131.61233878496873
        },
        "sites": [
            {
                "species": [
                    {
                        "element": "Ba",
                        "occu": 1
                    }
                ],
                "abc": [
                    0.75,
                    0.75,
                    0.75
                ],
                "xyz": [
                    6.05592,
                    6.05592,
                    6.05592
                ],
                "label": "Ba",
                "properties": {}
            },
            {
                "species": [
                    {
                        "element": "Ba",
                        "occu": 1
                    }
                ],
                "abc": [
                    0.25,
                    0.25,
                    0.25
                ],
                "xyz": [
                    2.01864,
                    2.01864,
                    2.01864
                ],
                "label": "Ba",
                "properties": {}
            },
            {
                "species": [
                    {
                        "element": "Zn",
                        "occu": 1
                    }
                ],
                "abc": [
                    0.5,
                    0.5,
                    0.5
                ],
                "xyz": [
                    4.03728,
                    4.03728,
                    4.03728
                ],
                "label": "Zn",
                "properties": {}
            },
            {
                "species": [
                    {
                        "element": "W",
                        "occu": 1
                    }
                ],
                "abc": [
                    0.0,
                    0.0,
                    0.0
                ],
                "xyz": [
                    0.0,
                    0.0,
                    0.0
                ],
                "label": "W",
                "properties": {}
            },
            {
                "species": [
                    {
                        "element": "O",
                        "occu": 1
                    }
                ],
                "abc": [
                    0.76039,
                    0.23961,
                    0.76039
                ],
                "xyz": [
                    4.03728,
                    6.1398146784,
                    4.03728
                ],
                "label": "O",
                "properties": {}
            },
            {
                "species": [
                    {
                        "element": "O",
                        "occu": 1
                    }
                ],
                "abc": [
                    0.23961,
                    0.76039,
                    0.23961
                ],
                "xyz": [
                    4.03728,
                    1.9347453216,
                    4.03728
                ],
                "label": "O",
                "properties": {}
            },
            {
                "species": [
                    {
                        "element": "O",
                        "occu": 1
                    }
                ],
                "abc": [
                    0.23961,
                    0.76039,
                    0.76039
                ],
                "xyz": [
                    6.1398146784,
                    4.03728,
                    4.03728
                ],
                "label": "O",
                "properties": {}
            },
            {
                "species": [
                    {
                        "element": "O",
                        "occu": 1
                    }
                ],
                "abc": [
                    0.76039,
                    0.76039,
                    0.23961
                ],
                "xyz": [
                    4.03728,
                    4.03728,
                    6.1398146784
                ],
                "label": "O",
                "properties": {}
            },
            {
                "species": [
                    {
                        "element": "O",
                        "occu": 1
                    }
                ],
                "abc": [
                    0.76039,
                    0.23961,
                    0.23961
                ],
                "xyz": [
                    1.9347453216,
                    4.03728,
                    4.03728
                ],
                "label": "O",
                "properties": {}
            },
            {
                "species": [
                    {
                        "element": "O",
                        "occu": 1
                    }
                ],
                "abc": [
                    0.23961,
                    0.23961,
                    0.76039
                ],
                "xyz": [
                    4.03728,
                    4.03728,
                    1.9347453216
                ],
                "label": "O",
                "properties": {}
            }
        ]
    },
    "spacegroup": {
        "source": "spglib",
        "symbol": "Fm-3m",
        "number": 225,
        "point_group": "m-3m",
        "crystal_system": "cubic",
        "hall": "-F 4 2 3"
    },
    "dielectric": {
        "epsilon_ionic": [
            [
                22.49858401,
                1e-08,
                -0.0
            ],
            [
                1e-08,
                22.49841003,
                0.0
            ],
            [
                -0.0,
                0.0,
                22.49481178
            ]
        ],
        "epsilon_ionic_avg": 22.497268606666665,
        "epsilon_ionic_eig": [
            22.498584010000574,
            22.498410029999423,
            22.49481178
        ],
        "epsilon_electronic": [
            [
                4.89540121,
                -0.0,
                -0.0
            ],
            [
                0.0,
                4.89540121,
                0.0
            ],
            [
                0.0,
                0.0,
                4.89540121
            ]
        ],
        "epsilon_electronic_avg": 4.89540121,
        "epsilon_electronic_eig": [
            4.89540121,
            4.89540121,
            4.89540121
        ]
    },
    "phonon": {
        "lowest_freq": -0.01548522493554873,