{
    "mp_id": "mp-5860",
    "nelements": 3,
    "nsites": 5,
    "elements": [
        "Hg",
        "K",
        "O"
    ],
    "structure": {
        "@module": "pymatgen.core.structure",
        "@class": "Structure",
        "charge": null,
        "lattice": {
            "matrix": [
                [
                    -1.96427966,
                    1.96427966,
                    7.01007257
                ],
                [
                    1.96427966,
                    -1.96427966,
                    7.01007257
                ],
                [
                    1.96427966,
                    1.96427966,
                    -7.01007257
                ]
            ],
            "a": 7.540418198087281,
            "b": 7.540418198087281,
            "c": 7.540418198087281,
            "alpha": 149.80052380500862,
            "beta": 149.80052380500862,
            "gamma": 43.234291044684596,
            "volume": 108.1905041133991
        },
        "sites": [
            {
                "species": [
                    {
                        "element": "K",
                        "occu": 1
                    }
                ],
                "abc": [
                    0.66875128,
                    0.66875128,
                    0.0
                ],
                "xyz": [
                    0.0,
                    0.0,
                    9.375990008160779
                ],
                "label": "K",
                "properties": {}
            },
            {
                "species": [
                    {
                        "element": "K",
                        "occu": 1
                    }
                ],
                "abc": [
                    0.33124872,
                    0.33124872,
                    0.0
                ],
                "xyz": [
                    0.0,
                    0.0,
                    4.644155131839221
                ],
                "label": "K",
                "properties": {}
            },
            {
                "species": [
                    {
                        "element": "Hg",
                        "occu": 1
                    }
                ],
                "abc": [
                    0.0,
                    0.0,
                    0.0
                ],
                "xyz": [
                    0.0,
                    0.0,
                    0.0
                ],
                "label": "Hg",
                "properties": {}
            },
            {
                "species": [
                    {
                        "element": "O",
                        "occu": 1
                    }
                ],
                "abc": [
                    0.85875536,
                    0.85875536,
                    0.0
                ],
                "xyz": [
                    0.0,
                    0.0,
                    12.03987478695295
                ],
                "label": "O",
                "properties": {}
            },
            {
                "species": [
                    {
                        "element": "O",
                        "occu": 1
                    }
                ],
                "abc": [
                    0.14124464,
                    0.14124464,
                    0.0
                ],
                "xyz": [
                    0.0,
                    0.0,
                    1.9802703530470498
                ],
                "label": "O",
                "properties": {}
            }
        ]
    },
    "spacegroup": {
        "source": "spglib",
        "symbol": "I4/mmm",
        "number": 139,
        "point_group": "4/mmm",
        "crystal_system": "tetragonal",
        "hall": "-I 4 2"
    },
    "dielectric": {
        "epsilon_ionic": [
            [
                3.11981312,
                -0.0,
                0.0
            ],
            [
                -0.0,
                3.12013817,
                -0.0
            ],
            [
                0.0,
                -0.0,
                3.38433992
            ]
        ],
        "epsilon_ionic_avg": 3.2080970700000004,
        "epsilon_ionic_eig": [
            3.11981312,
            3.12013817,
            3.38433992
        ],
        "epsilon_electronic": [
            [
                2.8612578,
                0.0,
                0.0
            ],
            [
                0.0,
                2.8612578,
                0.0
            ],
            [
                0.0,
                -0.0,
                3.64515077
            ]
        ],
        "epsilon_electronic_avg": 3.122555456666667,
        "epsilon_electronic_eig": [
            2.8612578,
            2.8612578,
            3.64515077
        ]
    },
    "phonon": {
        "lowest_freq": -0.02242787493418163,
        "frequency": [
            -0.02242787493418163,
            -0.005899688934467749,
            -0.005899688934467749,
            2.3847459676960114,
            2.3847459676960114,
            2.930555403389618,
            2.930555403389618,
            4.233307212005885,
            4.601160190820741,
            5.193004760727396,
            5.193004760727396,
            6.755111389207531,
            6.755111389207531,
            18.414832933430972,
            18.487807379412924
        ]
    },
    "born_effective_charge": {
        "avg_abs_trace": 1.2671633333333334,
        "tensors": [
            [
                [
                    1.1644,
                    -0.0,
                    1e-05
                ],
                [
                    0.0,
                    1.16446,
                    0.0
                ],
                [
                    0.0,
                    0.0,
                    1.30289
                ]
            ],
            [
                [
                    1.1644,
                    -0.0,
                    -1e-05
                ],
                [
                    0.0,
                    1.16446,
                    -0.0
                ],
                [
                    0.0,
                    0.0,
                    1.30281
                ]
            ],
            [
                [
                    0.00144,
                    -0.0,
                    -0.0
                ],
                [
                    0.0,
                    0.00145,
                    0.0
                ],
                [
                    0.0,
                    0.0,
                    2.23742
                ]
            ],
            [
                [
                    -1.16512,
                    0.0,
                    1e-05
                ],
                [
                    -0.0,
                    -1.16518,
                    -1e-05
                ],
                [
                    -0.0,
                    -0.0,
                    -2.42153
                ]
            ],
            [
                [
                    -1.16512,
                    0.0,
                    -1e-05
                ],
                [
                    -0.0,
                    -1.16518,
                    1e-05
                ],
                [
                    -0.0,
                    -0.0,
                    -2.42159
                ]
            ]
        ]
    },
    "band_gap": 2.151,
    "is_direct": false,
    "formula": "K2HgO2"
}