{
    "mp_id": "mp-557632",
    "nelements": 4,
    "nsites": 14,
    "elements": [
        "B",
        "K",
        "Li",
        "O"
    ],
    "structure": {
        "@module": "pymatgen.core.structure",
        "@class": "Structure",
        "charge": null,
        "lattice": {
            "matrix": [
                [
                    4.37936746,
                    -3.05094207,
                    -0.00101368
                ],
                [
                    4.37936746,
                    3.05094207,
                    -0.00101368
                ],
                [
                    -1.61724166,
                    0.0,
                    7.20139092
                ]
            ],
            "a": 5.337331532868263,
            "b": 5.337331532868263,
            "c": 7.380752114080109,
            "alpha": 100.36822447471077,
            "beta": 100.36822447471077,
            "gamma": 69.7269762825136,
            "volume": 192.4283939934809
        },
        "sites": [
            {
                "species": [
                    {
                        "element": "K",
                        "occu": 1
                    }
                ],
                "abc": [
                    0.50758047,
                    0.84084859,
                    0.67682999
                ],
                "xyz": [
                    4.810668690917003,
                    1.0167817278978086,
                    4.87275046880015
                ],
                "label": "K",
                "properties": {}
            },
            {
                "species": [
                    {
                        "element": "K",
                        "occu": 1
                    }
                ],
                "abc": [
                    0.83545686,
                    0.16454314,
                    0.5
                ],
                "xyz": [
                    3.5707466300000004,
                    -2.0469188936882,
                    3.59968178
                ],
                "label": "K",
                "properties": {}
            },
            {
                "species": [
                    {
                        "element": "K",
                        "occu": 1
                    }
                ],
                "abc": [
                    0.00288446,
                    0.99711554,
                    0.0
                ],
                "xyz": [
                    4.379367460000001,
                    3.0333414292735355,
                    -0.00101368
                ],
                "label": "K",
                "properties": {}
            },
            {
                "species": [
                    {
                        "element": "K",
                        "occu": 1
                    }
                ],
                "abc": [
                    0.15915141,
                    0.49241953,
                    0.32317001
                ],
                "xyz": [
                    2.3308245690829956,
                    1.0167817278978082,
                    2.32661309119985
                ],
                "label": "K",
                "properties": {}
            },
            {
                "species": [
                    {
                        "element": "Li",
                        "occu": 1
                    }
                ],
                "abc": [
                    0.45883231,
                    0.27037903,
                    0.03192407
                ],
                "xyz": [
                    3.1418554778982406,
                    -0.5749600401814895,
                    0.22915852087631317
                ],
                "label": "Li",
                "properties": {}
            },
            {
                "species": [
                    {
                        "element": "Li",
                        "occu": 1
                    }
                ],
                "abc": [
                    0.72962097,
                    0.54116769,
                    0.96807593
                ],
                "xyz": [
                    3.99963778210176,
                    -0.5749600401814896,
                    6.9702050391236865
                ],
                "label": "Li",
                "properties": {}
            },
            {
                "species": [
                    {
                        "element": "B",
                        "occu": 1
                    }
                ],
                "abc": [
                    0.21379335,
                    0.49031697,
                    0.78400076
                ],
                "xyz": [
                    1.8156391331145258,
                    0.8436575456066936,
                    5.645182211787921
                ],
                "label": "B",
                "properties": {}
            },
            {
                "species": [
                    {
                        "element": "B",
                        "occu": 1
                    }
                ],
                "abc": [
                    0.50968303,
                    0.78620665,
                    0.21599924
                ],
                "xyz": [
                    5.325854126885474,
                    0.8436575456066933,
                    1.5541813482120785
                ],
                "label": "B",
                "properties": {}
            },
            {
                "species": [
                    {
                        "element": "O",
                        "occu": 1
                    }
                ],
                "abc": [
                    0.49543901,
                    0.37081206,
                    0.78891462
                ],
                "xyz": [
                    2.5177661585011126,
                    -0.3802296048107865,
                    5.680404479738613
                ],
                "label": "O",
                "properties": {}
            },
            {
                "species": [
                    {
                        "element": "O",
                        "occu": 1
                    }
                ],
                "abc": [
                    0.62918794,
                    0.50456099,
                    0.21108538
                ],
                "xyz": [
                    4.623727101498886,
                    -0.3802296048107865,
                    1.5189590802613873
                ],
                "label": "O",
                "properties": {}
            },
            {
                "species": [
                    {
                        "element": "O",
                        "occu": 1
                    }
                ],
                "abc": [
                    0.06221008,
                    0.67503743,
                    0.66494261
                ],
                "xyz": [
                    2.153304864858892,
                    1.8697007437616144,
                    4.787764340919164
                ],
                "label": "O",
                "properties": {}
            },
            {
                "species": [
                    {
                        "element": "O",
                        "occu": 1
                    }
                ],
                "abc": [
                    0.5759234,
                    0.90592788,
                    0.08465254
                ],
                "xyz": [
                    6.352667661878533,
                    1.0068245513204737,
                    0.6081139099054264
                ],
                "label": "O",
                "properties": {}
            },
            {
                "species": [
                    {
                        "element": "O",
                        "occu": 1
                    }
                ],