{
    "mp_id": "mp-510076",
    "nelements": 3,
    "nsites": 14,
    "elements": [
        "Au",
        "O",
        "Rb"
    ],
    "structure": {
        "@module": "pymatgen.core.structure",
        "@class": "Structure",
        "charge": null,
        "lattice": {
            "matrix": [
                [
                    -2.81375807,
                    4.63921358,
                    8.15943994
                ],
                [
                    2.81375807,
                    -4.63921358,
                    8.15943994
                ],
                [
                    2.81375807,
                    4.63921358,
                    -8.15943994
                ]
            ],
            "a": 9.798775293464676,
            "b": 9.798775293464676,
            "c": 9.798775293464676,
            "alpha": 146.6247000275943,
            "beta": 123.48326501530971,
            "gamma": 67.2458040618402,
            "volume": 426.04106529710515
        },
        "sites": [
            {
                "species": [
                    {
                        "element": "Rb",
                        "occu": 1
                    }
                ],
                "abc": [
                    0.61192328,
                    0.83236654,
                    0.77955673
                ],
                "xyz": [
                    2.8137580418624197,
                    2.5938468027849226,
                    5.423849723985614
                ],
                "label": "Rb",
                "properties": {}
            },
            {
                "species": [
                    {
                        "element": "Rb",
                        "occu": 1
                    }
                ],
                "abc": [
                    0.78928293,
                    0.5,
                    0.28928293
                ],
                "xyz": [
                    -1.1102230246251565e-16,
                    2.684090594636379,
                    8.15943994
                ],
                "label": "Rb",
                "properties": {}
            },
            {
                "species": [
                    {
                        "element": "Rb",
                        "occu": 1
                    }
                ],
                "abc": [
                    0.05280981,
                    0.83236654,
                    0.22044327
                ],
                "xyz": [
                    2.8137580700000004,
                    -2.5938467563927867,
                    5.4238496423912155
                ],
                "label": "Rb",
                "properties": {}
            },
            {
                "species": [
                    {
                        "element": "Rb",
                        "occu": 1
                    }
                ],
                "abc": [
                    0.38807672,
                    0.16763346,
                    0.22044327
                ],
                "xyz": [
                    2.813758082087503e-08,
                    2.045366777215077,
                    2.735590216014386
                ],
                "label": "Rb",
                "properties": {}
            },
            {
                "species": [
                    {
                        "element": "Rb",
                        "occu": 1
                    }
                ],
                "abc": [
                    0.94719019,
                    0.16763346,
                    0.77955673
                ],
                "xyz": [
                    0.0,
                    7.233060336392787,
                    2.735590297608785
                ],
                "label": "Rb",
                "properties": {}
            },
            {
                "species": [
                    {
                        "element": "Rb",
                        "occu": 1
                    }
                ],
                "abc": [
                    0.21071707,
                    0.5,
                    0.71071707
                ],
                "xyz": [
                    2.81375807,
                    1.9551229853636207,
                    0.0
                ],
                "label": "Rb",
                "properties": {}
            },
            {
                "species": [
                    {
                        "element": "Rb",
                        "occu": 1
                    }
                ],
                "abc": [
                    0.5,
                    0.0,
                    0.5
                ],
                "xyz": [
                    0.0,
                    4.63921358,
                    0.0
                ],
                "label": "Rb",
                "properties": {}
            },
            {
                "species": [
                    {
                        "element": "Au",
                        "occu": 1
                    }
                ],
                "abc": [
                    0.65318769,
                    0.65318769,
                    0.0
                ],
                "xyz": [
                    0.0,
                    0.0,
                    10.659291452204677
                ],
                "label": "Au",
                "properties": {}
            },
            {
                "species": [
                    {
                        "element": "Au",
                        "occu": 1
                    }
                ],
                "abc": [
                    0.80486978,
                    0.30486978,
                    0.5
                ],
                "xyz": [
                    0.0,
                    4.63921358,
                    4.975133318862027
                ],
                "label": "Au",
                "properties": {}
            },
            {
                "species": [
                    {
                        "element": "Au",
                        "occu": 1
                    }
                ],
                "abc": [
                    0.0,
                    0.0,
                    0.0
                ],
                "xyz": [
                    0.0,
                    0.0,
                    0.0
                ],
                "label": "Au",
                "properties": {}
            },
            {
                "species": [
                    {
                        "element": "Au",
                        "occu": 1
                    }
                ],
                "abc": [
                    0.34681231,
                    0.34681231,
                    0.0
                ],
                "xyz": [
                    0.0,
                    0.0,
                    5.659588427795323
                ],
                "label": "Au",
                "properties": {}
            },
            {
                "species": [
                    {
                        "element": "Au",
                        "occu": 1
                    }
                ],
                "abc": [
                    0.19513022,
                    0.69513022,
                    0.5
                ],
                "xyz": [
                    2.8137580700000004,
                    0.0,
                    3.1843066211379742
                ],
                "label": "Au",
                "properties": {}
            },
            {
                "species": [
                    {
                        "element": "O",
                        "occu": 1
                    }
                ],
                "abc": [
                    0.78488363,
                    0.0,
                    0.78488363
                ],
                "xyz": [
                    0.0,
                    7.282485590031391,
                    0.0
                ],
                "label": "O",