{
    "mp_id": "mp-550622",
    "nelements": 3,
    "nsites": 9,
    "elements": [
        "Cd",
        "O",
        "V"
    ],
    "structure": {
        "@module": "pymatgen.core.structure",
        "@class": "Structure",
        "charge": null,
        "lattice": {
            "matrix": [
                [
                    4.99512643,
                    -1.80640357,
                    0.00448576
                ],
                [
                    4.99512643,
                    1.80640357,
                    0.00448576
                ],
                [
                    -1.50500387,
                    0.0,
                    6.94504169
                ]
            ],
            "a": 5.311723075559952,
            "b": 5.311723075559952,
            "c": 7.106239562845671,
            "alpha": 101.43977105562445,
            "beta": 101.43977105562445,
            "gamma": 39.76333086794664,
            "volume": 125.35758818469662
        },
        "sites": [
            {
                "species": [
                    {
                        "element": "V",
                        "occu": 1
                    }
                ],
                "abc": [
                    0.2395694,
                    0.2395694,
                    0.67441568
                ],
                "xyz": [
                    1.3783606751298023,
                    0.0,
                    4.685994315653187
                ],
                "label": "V",
                "properties": {}
            },
            {
                "species": [
                    {
                        "element": "V",
                        "occu": 1
                    }
                ],
                "abc": [
                    0.7604306,
                    0.7604306,
                    0.32558432
                ],
                "xyz": [
                    7.106888314870197,
                    0.0,
                    2.2680188943468127
                ],
                "label": "V",
                "properties": {}
            },
            {
                "species": [
                    {
                        "element": "Cd",
                        "occu": 1
                    }
                ],
                "abc": [
                    0.0,
                    0.0,
                    0.0
                ],
                "xyz": [
                    0.0,
                    0.0,
                    0.0
                ],
                "label": "Cd",
                "properties": {}
            },
            {
                "species": [
                    {
                        "element": "O",
                        "occu": 1
                    }
                ],
                "abc": [
                    0.09042858,
                    0.09042858,
                    0.73856922
                ],
                "xyz": [
                    -0.20814515439214265,
                    0.0,
                    5.130205305664824
                ],
                "label": "O",
                "properties": {}
            },
            {
                "species": [
                    {
                        "element": "O",
                        "occu": 1
                    }
                ],
                "abc": [
                    0.24159239,
                    0.24159239,
                    0.39368811
                ],
                "xyz": [
                    1.8210669360287497,
                    0.0,
                    2.7363477877660385
                ],
                "label": "O",
                "properties": {}
            },
            {
                "species": [
                    {
                        "element": "O",
                        "occu": 1
                    }
                ],
                "abc": [
                    0.75840761,
                    0.75840761,
                    0.60631189
                ],
                "xyz": [
                    6.664182053971251,
                    0.0,
                    4.217665422233962
                ],
                "label": "O",
                "properties": {}
            },
            {
                "species": [
                    {
                        "element": "O",
                        "occu": 1
                    }
                ],
                "abc": [
                    0.36622296,
                    0.36622296,
                    0.87686043
                ],
                "xyz": [
                    2.3389816329378013,
                    0.0,
                    6.093117819271426
                ],
                "label": "O",
                "properties": {}
            },
            {
                "species": [
                    {
                        "element": "O",
                        "occu": 1
                    }
                ],
                "abc": [
                    0.63377704,
                    0.63377704,
                    0.12313957
                ],
                "xyz": [
                    6.146267357062198,
                    0.0,
                    0.8608953907285741
                ],
                "label": "O",
                "properties": {}
            },
            {
                "species": [
                    {
                        "element": "O",
                        "occu": 1
                    }
                ],
                "abc": [
                    0.90957142,
                    0.90957142,
                    0.26143078
                ],
                "xyz": [
                    8.693394144392142,
                    0.0,
                    1.8238079043351765
                ],
                "label": "O",
                "properties": {}
            }
        ]
    },
    "spacegroup": {
        "source": "spglib",
        "symbol": "C2/m",
        "number": 12,
        "point_group": "2/m",
        "crystal_system": "monoclinic",
        "hall": "-C 2y"
    },
    "dielectric": {
        "epsilon_ionic": [
            [
                5.02038384,
                3e-08,
                1.23366788
            ],
            [
                3e-08,
                10.65794325,
                -1e-08
            ],
            [
                1.23366788,
                -1e-08,
                5.38714199
            ]
        ],
        "epsilon_ionic_avg": 7.0218230266666675,
        "epsilon_ionic_eig": [
            3.956540271166289,
            6.450985558833709,
            10.657943250000006
        ],
        "epsilon_electronic": [
            [
                4.29542362,
                0.0,
                0.1320201
            ],
            [
                0.0,
                5.28266536,
                0.0
            ],
            [
                0.13201379,
                0.0,
                4.65363284
            ]
        ],
        "epsilon_electronic_avg": 4.743907273333334,
        "epsilon_electronic_eig": [
            4.25202669049874,
            4.697029769501261,
            5.28266536
        ]
    },
    "phonon": {
        "lowest_freq": -0.0820812216787481,