{
    "mp_id": "mp-542724",
    "nelements": 3,
    "nsites": 12,
    "elements": [
        "La",
        "Nb",
        "O"
    ],
    "structure": {
        "@module": "pymatgen.core.structure",
        "@class": "Structure",
        "charge": null,
        "lattice": {
            "matrix": [
                [
                    3.60412926,
                    -5.69359052,
                    0.00023117
                ],
                [
                    3.60412926,
                    5.69359052,
                    0.00023117
                ],
                [
                    -3.27005939,
                    0.0,
                    4.01076598
                ]
            ],
            "a": 6.738450918843409,
            "b": 6.738450918843409,
            "c": 5.174894410560715,
            "alpha": 109.75239651277796,
            "beta": 109.75239651277796,
            "gamma": 115.33113672839968,
            "volume": 164.61394273331155
        },
        "sites": [
            {
                "species": [
                    {
                        "element": "La",
                        "occu": 1
                    }
                ],
                "abc": [
                    0.63306769,
                    0.36693231,
                    0.75
                ],
                "xyz": [
                    1.1515847174999996,
                    -1.5152658766045977,
                    3.0083056550000005
                ],
                "label": "La",
                "properties": {}
            },
            {
                "species": [
                    {
                        "element": "La",
                        "occu": 1
                    }
                ],
                "abc": [
                    0.36693231,
                    0.63306769,
                    0.25
                ],
                "xyz": [
                    2.7866144124999996,
                    1.5152658766045977,
                    1.002922665
                ],
                "label": "La",
                "properties": {}
            },
            {
                "species": [
                    {
                        "element": "Nb",
                        "occu": 1
                    }
                ],
                "abc": [
                    0.09517113,
                    0.90482887,
                    0.75
                ],
                "xyz": [
                    1.1515847175,
                    4.609859632908624,
                    3.0083056550000005
                ],
                "label": "Nb",
                "properties": {}
            },
            {
                "species": [
                    {
                        "element": "Nb",
                        "occu": 1
                    }
                ],
                "abc": [
                    0.90482887,
                    0.09517113,
                    0.25
                ],
                "xyz": [
                    2.7866144125,
                    -4.609859632908624,
                    1.002922665
                ],
                "label": "Nb",
                "properties": {}
            },
            {
                "species": [
                    {
                        "element": "O",
                        "occu": 1
                    }
                ],
                "abc": [
                    0.79808933,
                    0.737403,
                    0.29118355
                ],
                "xyz": [
                    4.581925333167542,
                    -0.3455231131815921,
                    1.1682240360375553
                ],
                "label": "O",
                "properties": {}
            },
            {
                "species": [
                    {
                        "element": "O",
                        "occu": 1
                    }
                ],
                "abc": [
                    0.262597,
                    0.20191067,
                    0.20881645
                ],
                "xyz": [
                    0.9913034918324588,
                    -0.3455231131815917,
                    0.8376212939624449
                ],
                "label": "O",
                "properties": {}
            },
            {
                "species": [
                    {
                        "element": "O",
                        "occu": 1
                    }
                ],
                "abc": [
                    0.20191067,
                    0.262597,
                    0.70881645
                ],
                "xyz": [
                    -0.6437262031675415,
                    0.3455231131815917,
                    2.843004283962445
                ],
                "label": "O",
                "properties": {}
            },
            {
                "species": [
                    {
                        "element": "O",
                        "occu": 1
                    }
                ],
                "abc": [
                    0.737403,
                    0.79808933,
                    0.79118355
                ],
                "xyz": [
                    2.946895638167542,
                    0.3455231131815921,
                    3.1736070260375553
                ],
                "label": "O",
                "properties": {}
            },
            {
                "species": [
                    {
                        "element": "O",
                        "occu": 1
                    }
                ],
                "abc": [
                    0.05605835,
                    0.64352828,
                    0.83921189
                ],
                "xyz": [
                    -0.22287207800635356,
                    3.3448132242330635,
                    3.3660442218647595
                ],
                "label": "O",
                "properties": {}
            },
            {
                "species": [
                    {
                        "element": "O",
                        "occu": 1
                    }
                ],
                "abc": [
                    0.35647172,
                    0.94394165,
                    0.66078811
                ],
                "xyz": [
                    2.5260415130063536,
                    3.344813224233064,
                    2.650567088135241
                ],
                "label": "O",
                "properties": {}
            },
            {
                "species": [
                    {
                        "element": "O",
                        "occu": 1
                    }
                ],
                "abc": [
                    0.94394165,
                    0.35647172,
                    0.16078811
                ],
                "xyz": [
                    4.161071208006354,
                    -3.344813224233064,
                    0.6451840981352408
                ],
                "label": "O",
                "properties": {}
            },
            {
                "species": [
                    {
                        "element": "O",
                        "occu": 1
                    }
                ],
                "abc": [
                    0.64352828,
                    0.05605835,
                    0.33921189
                ],
                "xyz": [
                    1.4121576169936463,
                    -3.3448132242330635,
                    1.3606612318647595
                ],
                "label": "O",
                "properties": {}
            }
        ]
    },
    "spacegroup": {
        "source": "spglib",
        "symbol": "C2/c",
        "number": 15,
        "point_group": "2/m",
        "crystal_system": "monoclinic",
        "hall": "-C 2yc"
    },