{
    "mp_id": "mp-5652",
    "nelements": 3,
    "nsites": 11,
    "elements": [
        "O",
        "Si",
        "Y"
    ],
    "structure": {
        "@module": "pymatgen.core.structure",
        "@class": "Structure",
        "charge": null,
        "lattice": {
            "matrix": [
                [
                    3.42679842,
                    -4.48301112,
                    0.00026724
                ],
                [
                    3.42679842,
                    4.48301112,
                    0.00026724
                ],
                [
                    -0.96937246,
                    0.0,
                    4.63990975
                ]
            ],
            "a": 5.642724181171304,
            "b": 5.642724181171304,
            "c": 4.7400891821095,
            "alpha": 97.13159003715452,
            "beta": 97.13159003715452,
            "gamma": 105.21165403662715,
            "volume": 142.5623937091164
        },
        "sites": [
            {
                "species": [
                    {
                        "element": "Y",
                        "occu": 1
                    }
                ],
                "abc": [
                    0.30649783,
                    0.69350217,
                    0.0
                ],
                "xyz": [
                    3.4267984200000003,
                    1.7349447597082608,
                    0.00026724
                ],
                "label": "Y",
                "properties": {}
            },
            {
                "species": [
                    {
                        "element": "Y",
                        "occu": 1
                    }
                ],
                "abc": [
                    0.69350217,
                    0.30649783,
                    0.0
                ],
                "xyz": [
                    3.4267984200000003,
                    -1.7349447597082608,
                    0.00026724
                ],
                "label": "Y",
                "properties": {}
            },
            {
                "species": [
                    {
                        "element": "Si",
                        "occu": 1
                    }
                ],
                "abc": [
                    0.21959287,
                    0.21959287,
                    0.41212079
                ],
                "xyz": [
                    1.1055024558990874,
                    0.0,
                    1.9123206396958603
                ],
                "label": "Si",
                "properties": {}
            },
            {
                "species": [
                    {
                        "element": "Si",
                        "occu": 1
                    }
                ],
                "abc": [
                    0.78040713,
                    0.78040713,
                    0.58787921
                ],
                "xyz": [
                    4.778721924100912,
                    0.0,
                    2.72812359030414
                ],
                "label": "Si",
                "properties": {}
            },
            {
                "species": [
                    {
                        "element": "O",
                        "occu": 1
                    }
                ],
                "abc": [
                    0.91398691,
                    0.6132219,
                    0.7793329
                ],
                "xyz": [
                    4.477972886686146,
                    -1.348332884336911,
                    3.6164424524881595
                ],
                "label": "O",
                "properties": {}
            },
            {
                "species": [
                    {
                        "element": "O",
                        "occu": 1
                    }
                ],
                "abc": [
                    0.3867781,
                    0.08601309,
                    0.2206671
                ],
                "xyz": [
                    1.4062514933138537,
                    -1.3483328843369113,
                    1.0240017775118406
                ],
                "label": "O",
                "properties": {}
            },
            {
                "species": [
                    {
                        "element": "O",
                        "occu": 1
                    }
                ],
                "abc": [
                    0.08601309,
                    0.3867781,
                    0.2206671
                ],
                "xyz": [
                    1.4062514933138537,
                    1.3483328843369113,
                    1.0240017775118406
                ],
                "label": "O",
                "properties": {}
            },
            {
                "species": [
                    {
                        "element": "O",
                        "occu": 1
                    }
                ],
                "abc": [
                    0.6132219,
                    0.91398691,
                    0.7793329
                ],
                "xyz": [
                    4.477972886686146,
                    1.348332884336911,
                    3.6164424524881595
                ],
                "label": "O",
                "properties": {}
            },
            {
                "species": [
                    {
                        "element": "O",
                        "occu": 1
                    }
                ],
                "abc": [
                    0.0,
                    0.0,
                    0.5
                ],
                "xyz": [
                    -0.48468623,
                    0.0,
                    2.319954875
                ],
                "label": "O",
                "properties": {}
            },
            {
                "species": [
                    {
                        "element": "O",
                        "occu": 1
                    }
                ],
                "abc": [
                    0.61701738,
                    0.61701738,
                    0.28428551
                ],
                "xyz": [
                    3.9532098216220244,
                    0.0,
                    1.319388893081985
                ],
                "label": "O",
                "properties": {}
            },
            {
                "species": [
                    {
                        "element": "O",
                        "occu": 1
                    }
                ],
                "abc": [
                    0.38298262,
                    0.38298262,
                    0.71571449
                ],
                "xyz": [
                    1.9310145583779752,
                    0.0,
                    3.321055336918015
                ],
                "label": "O",
                "properties": {}
            }
        ]
    },
    "spacegroup": {
        "source": "spglib",
        "symbol": "C2/m",
        "number": 12,
        "point_group": "2/m",
        "crystal_system": "monoclinic",
        "hall": "-C 2y"
    },
    "dielectric": {
        "epsilon_ionic": [
            [
                6.41705231,
                -0.0,
                -0.40381931
            ],
            [
                -0.0,
                5.70319688,
                0.0
            ],
            [
                -0.40381931,
                0.0,
                5.35447643
            ]
        ],
        "epsilon_ionic_avg": 5.82490854,
        "epsilon_ionic_eig": [
            6.553100050387554,
            5.218428689612446,
            5.70319688
        ],