{
    "mp_id": "mp-545850",
    "nelements": 3,
    "nsites": 12,
    "elements": [
        "Bi",
        "O",
        "V"
    ],
    "structure": {
        "@module": "pymatgen.core.structure",
        "@class": "Structure",
        "charge": null,
        "lattice": {
            "matrix": [
                [
                    -3.65675545,
                    3.65675545,
                    3.21041248
                ],
                [
                    3.65675545,
                    -3.65675545,
                    3.21041248
                ],
                [
                    3.65675545,
                    3.65675545,
                    -3.21041248
                ]
            ],
            "a": 6.086909653834954,
            "b": 6.086909653834954,
            "c": 6.086909653834954,
            "alpha": 106.15168995720406,
            "beta": 106.15168995720406,
            "gamma": 116.33619077353852,
            "volume": 171.71675030693035
        },
        "sites": [
            {
                "species": [
                    {
                        "element": "V",
                        "occu": 1
                    }
                ],
                "abc": [
                    0.25,
                    0.75,
                    0.5
                ],
                "xyz": [
                    3.6567554499999995,
                    2.220446049250313e-16,
                    1.60520624
                ],
                "label": "V",
                "properties": {}
            },
            {
                "species": [
                    {
                        "element": "V",
                        "occu": 1
                    }
                ],
                "abc": [
                    0.5,
                    0.5,
                    0.0
                ],
                "xyz": [
                    0.0,
                    0.0,
                    3.21041248
                ],
                "label": "V",
                "properties": {}
            },
            {
                "species": [
                    {
                        "element": "Bi",
                        "occu": 1
                    }
                ],
                "abc": [
                    0.0,
                    0.0,
                    0.0
                ],
                "xyz": [
                    0.0,
                    0.0,
                    0.0
                ],
                "label": "Bi",
                "properties": {}
            },
            {
                "species": [
                    {
                        "element": "Bi",
                        "occu": 1
                    }
                ],
                "abc": [
                    0.75,
                    0.25,
                    0.5
                ],
                "xyz": [
                    2.220446049250313e-16,
                    3.6567554499999995,
                    1.60520624
                ],
                "label": "Bi",
                "properties": {}
            },
            {
                "species": [
                    {
                        "element": "O",
                        "occu": 1
                    }
                ],
                "abc": [
                    0.67248997,
                    0.49079278,
                    0.81830282
                ],
                "xyz": [
                    2.3279111070031835,
                    3.6567554865675547,
                    1.1075278726215263
                ],
                "label": "O",
                "properties": {}
            },
            {
                "species": [
                    {
                        "element": "O",
                        "occu": 1
                    }
                ],
                "abc": [
                    0.60418715,
                    0.92248997,
                    0.68169718
                ],
                "xyz": [
                    3.65675545,
                    1.328844306429262,
                    2.7127341447256508
                ],
                "label": "O",
                "properties": {}
            },
            {
                "species": [
                    {
                        "element": "O",
                        "occu": 1
                    }
                ],
                "abc": [
                    0.07751003,
                    0.39581285,
                    0.31830282
                ],
                "xyz": [
                    2.327911143570738,
                    -2.220446049250313e-16,
                    0.4976783352743488
                ],
                "label": "O",
                "properties": {}
            },
            {
                "species": [
                    {
                        "element": "O",
                        "occu": 1
                    }
                ],
                "abc": [
                    0.24079278,
                    0.92248997,
                    0.31830282
                ],
                "xyz": [
                    3.6567554865675542,
                    -1.3288443429968164,
                    2.7127341126215265
                ],
                "label": "O",
                "properties": {}
            },
            {
                "species": [
                    {
                        "element": "O",
                        "occu": 1
                    }
                ],
                "abc": [
                    0.50920722,
                    0.32751003,
                    0.18169718
                ],
                "xyz": [
                    -3.6567554317912254e-08,
                    1.3288443429968164,
                    2.1028846073784737
                ],
                "label": "O",
                "properties": {}
            },
            {
                "species": [
                    {
                        "element": "O",
                        "occu": 1
                    }
                ],
                "abc": [
                    0.67248997,
                    0.85418715,
                    0.18169718
                ],
                "xyz": [
                    1.3288443064292619,
                    2.220446049250313e-16,
                    4.3179403847256514
                ],
                "label": "O",
                "properties": {}
            },
            {
                "species": [
                    {
                        "element": "O",
                        "occu": 1
                    }
                ],
                "abc": [
                    0.14581285,
                    0.32751003,
                    0.81830282
                ],
                "xyz": [
                    3.6567554500000004,
                    2.327911143570738,
                    -1.1075279047256512
                ],
                "label": "O",
                "properties": {}
            },
            {
                "species": [
                    {
                        "element": "O",
                        "occu": 1
                    }
                ],
                "abc": [
                    0.07751003,
                    0.75920722,
                    0.68169718
                ],
                "xyz": [
                    4.985599792996816,
                    -3.6567554317912254e-08,
                    0.49767836737847304
                ],
                "label": "O",
                "properties": {}
            }
        ]
    },
    "spacegroup": {
        "source": "spglib",
        "symbol": "I4_1/amd",
        "number": 141,
        "point_group": "4/mmm",
        "crystal_system": "tetragonal",
        "hall": "I 4bw 2bw -1bw"
    },