{
    "mp_id": "mp-6325",
    "nelements": 4,
    "nsites": 15,
    "elements": [
        "Ba",
        "Mg",
        "O",
        "Ta"
    ],
    "structure": {
        "@module": "pymatgen.core.structure",
        "@class": "Structure",
        "charge": null,
        "lattice": {
            "matrix": [
                [
                    5.77881456,
                    -0.0,
                    0.0
                ],
                [
                    -2.88940678,
                    5.00459981,
                    0.0
                ],
                [
                    0.0,
                    0.0,
                    7.10570461
                ]
            ],
            "a": 5.77881456,
            "b": 5.778813961234779,
            "c": 7.10570461,
            "alpha": 90.0,
            "beta": 90.0,
            "gamma": 119.999997703207,
            "volume": 205.50162622134417
        },
        "sites": [
            {
                "species": [
                    {
                        "element": "Ba",
                        "occu": 1
                    }
                ],
                "abc": [
                    0.333333,
                    0.666667,
                    0.66057152
                ],
                "xyz": [
                    -2.556073779969026e-06,
                    3.33640154153327,
                    4.693826094898707
                ],
                "label": "Ba",
                "properties": {}
            },
            {
                "species": [
                    {
                        "element": "Ba",
                        "occu": 1
                    }
                ],
                "abc": [
                    0.0,
                    0.0,
                    0.0
                ],
                "xyz": [
                    0.0,
                    0.0,
                    0.0
                ],
                "label": "Ba",
                "properties": {}
            },
            {
                "species": [
                    {
                        "element": "Ba",
                        "occu": 1
                    }
                ],
                "abc": [
                    0.666667,
                    0.333333,
                    0.33942848
                ],
                "xyz": [
                    2.88941033607378,
                    1.66819826846673,
                    2.4118785151012925
                ],
                "label": "Ba",
                "properties": {}
            },
            {
                "species": [
                    {
                        "element": "Mg",
                        "occu": 1
                    }
                ],
                "abc": [
                    0.0,
                    0.0,
                    0.5
                ],
                "xyz": [
                    0.0,
                    0.0,
                    3.552852305
                ],
                "label": "Mg",
                "properties": {}
            },
            {
                "species": [
                    {
                        "element": "Ta",
                        "occu": 1
                    }
                ],
                "abc": [
                    0.333333,
                    0.666667,
                    0.17519251
                ],
                "xyz": [
                    -2.556073779969026e-06,
                    3.33640154153327,
                    1.2448662259444712
                ],
                "label": "Ta",
                "properties": {}
            },
            {
                "species": [
                    {
                        "element": "Ta",
                        "occu": 1
                    }
                ],
                "abc": [
                    0.666667,
                    0.333333,
                    0.82480749
                ],
                "xyz": [
                    2.88941033607378,
                    1.66819826846673,
                    5.860838384055529
                ],
                "label": "Ta",
                "properties": {}
            },
            {
                "species": [
                    {
                        "element": "O",
                        "occu": 1
                    }
                ],
                "abc": [
                    0.8289926,
                    0.1710074,
                    0.67441944
                ],
                "xyz": [
                    4.296484566022084,
                    0.855823601548594,
                    4.792225323881619
                ],
                "label": "O",
                "properties": {}
            },
            {
                "species": [
                    {
                        "element": "O",
                        "occu": 1
                    }
                ],
                "abc": [
                    0.8289926,
                    0.6579842,
                    0.67441944
                ],
                "xyz": [
                    2.88941049839938,
                    3.2929476023030024,
                    4.792225323881619
                ],
                "label": "O",
                "properties": {}
            },
            {
                "species": [
                    {
                        "element": "O",
                        "occu": 1
                    }
                ],
                "abc": [
                    0.3420158,
                    0.1710074,
                    0.67441944
                ],
                "xyz": [
                    1.482335943799876,
                    0.855823601548594,
                    4.792225323881619
                ],
                "label": "O",
                "properties": {}
            },
            {
                "species": [
                    {
                        "element": "O",
                        "occu": 1
                    }
                ],
                "abc": [
                    0.6579842,
                    0.8289926,
                    0.32558056
                ],
                "xyz": [
                    1.407071836200124,
                    4.148776208451406,
                    2.313479286118382
                ],
                "label": "O",
                "properties": {}
            },
            {
                "species": [
                    {
                        "element": "O",
                        "occu": 1
                    }
                ],
                "abc": [
                    0.1710074,
                    0.3420158,
                    0.32558056
                ],
                "xyz": [
                    -2.7183993799306805e-06,
                    1.711652207696998,
                    2.313479286118382
                ],
                "label": "O",
                "properties": {}
            },
            {
                "species": [
                    {
                        "element": "O",
                        "occu": 1
                    }
                ],
                "abc": [
                    0.1710074,
                    0.8289926,
                    0.32558056
                ],
                "xyz": [
                    -1.4070767860220839,
                    4.148776208451406,
                    2.313479286118382
                ],
                "label": "O",
                "properties": {}
            },
            {
                "species": [
                    {
                        "element": "O",
                        "occu": 1
                    }
                ],
                "abc": [
                    0.5,
                    0.0,
                    0.0
                ],
                "xyz": [
                    2.88940728,
                    0.0,
                    0.0
                ],
                "label": "O",