{
    "mp_id": "mp-755436",
    "nelements": 3,
    "nsites": 16,
    "elements": [
        "Na",
        "O",
        "V"
    ],
    "structure": {
        "@module": "pymatgen.core.structure",
        "@class": "Structure",
        "charge": null,
        "lattice": {
            "matrix": [
                [
                    6.98913688,
                    0.0,
                    0.0
                ],
                [
                    0.0,
                    6.04666622,
                    0.0
                ],
                [
                    0.0,
                    0.0,
                    5.49167791
                ]
            ],
            "a": 6.98913688,
            "b": 6.04666622,
            "c": 5.49167791,
            "alpha": 90.0,
            "beta": 90.0,
            "gamma": 90.0,
            "volume": 232.0836786744879
        },
        "sites": [
            {
                "species": [
                    {
                        "element": "Na",
                        "occu": 1
                    }
                ],
                "abc": [
                    0.0,
                    0.65379917,
                    0.4882577
                ],
                "xyz": [
                    0.0,
                    3.953305355903037,
                    2.681354025477407
                ],
                "label": "Na",
                "properties": {}
            },
            {
                "species": [
                    {
                        "element": "Na",
                        "occu": 1
                    }
                ],
                "abc": [
                    0.24489342,
                    0.82572495,
                    0.99008766
                ],
                "xyz": [
                    1.7115936333913297,
                    4.992883162176189,
                    5.437242531385591
                ],
                "label": "Na",
                "properties": {}
            },
            {
                "species": [
                    {
                        "element": "Na",
                        "occu": 1
                    }
                ],
                "abc": [
                    0.25510658,
                    0.17427505,
                    0.49008766
                ],
                "xyz": [
                    1.7829748066086706,
                    1.0537830578238108,
                    2.6914035763855906
                ],
                "label": "Na",
                "properties": {}
            },
            {
                "species": [
                    {
                        "element": "Na",
                        "occu": 1
                    }
                ],
                "abc": [
                    0.5,
                    0.34620083,
                    0.9882577
                ],
                "xyz": [
                    3.49456844,
                    2.0933608640969625,
                    5.427192980477407
                ],
                "label": "Na",
                "properties": {}
            },
            {
                "species": [
                    {
                        "element": "Na",
                        "occu": 1
                    }
                ],
                "abc": [
                    0.74489342,
                    0.17427505,
                    0.49008766
                ],
                "xyz": [
                    5.20616207339133,
                    1.0537830578238108,
                    2.6914035763855906
                ],
                "label": "Na",
                "properties": {}
            },
            {
                "species": [
                    {
                        "element": "Na",
                        "occu": 1
                    }
                ],
                "abc": [
                    0.75510658,
                    0.82572495,
                    0.99008766
                ],
                "xyz": [
                    5.27754324660867,
                    4.992883162176189,
                    5.437242531385591
                ],
                "label": "Na",
                "properties": {}
            },
            {
                "species": [
                    {
                        "element": "V",
                        "occu": 1
                    }
                ],
                "abc": [
                    0.0,
                    0.32361109,
                    6.198e-05
                ],
                "xyz": [
                    0.0,
                    1.9567682463203797,
                    0.0003403741968618
                ],
                "label": "V",
                "properties": {}
            },
            {
                "species": [
                    {
                        "element": "V",
                        "occu": 1
                    }
                ],
                "abc": [
                    0.5,
                    0.67638891,
                    0.50006198
                ],
                "xyz": [
                    3.49456844,
                    4.08989797367962,
                    2.746179329196862
                ],
                "label": "V",
                "properties": {}
            },
            {
                "species": [
                    {
                        "element": "O",
                        "occu": 1
                    }
                ],
                "abc": [
                    0.0,
                    0.59628577,
                    0.90216565
                ],
                "xyz": [
                    0.0,
                    3.6055410229256895,
                    4.954403171265792
                ],
                "label": "O",
                "properties": {}
            },
            {
                "species": [
                    {
                        "element": "O",
                        "occu": 1
                    }
                ],
                "abc": [
                    0.0,
                    0.31968931,
                    0.31353439
                ],
                "xyz": [
                    0.0,
                    1.933054551672108,
                    1.7218298835883248
                ],
                "label": "O",
                "properties": {}
            },
            {
                "species": [
                    {
                        "element": "O",
                        "occu": 1
                    }
                ],
                "abc": [
                    0.20507692,
                    0.18845876,
                    0.90026798
                ],
                "xyz": [
                    1.4333106648088096,
                    1.1395472179550872,
                    4.943981778846322
                ],
                "label": "O",
                "properties": {}
            },
            {
                "species": [
                    {
                        "element": "O",
                        "occu": 1
                    }
                ],
                "abc": [
                    0.29492308,
                    0.81154124,
                    0.40026798
                ],
                "xyz": [
                    2.0612577751911907,
                    4.9071190020449125,
                    2.198142823846322
                ],
                "label": "O",
                "properties": {}
            },
            {
                "species": [
                    {
                        "element": "O",
                        "occu": 1
                    }
                ],
                "abc": [
                    0.5,
                    0.68031069,
                    0.81353439
                ],
                "xyz": [
                    3.49456844,
                    4.113611668327891,
                    4.467668838588325
                ],
                "label": "O",