{
    "mp_id": "mp-754311",
    "nelements": 3,
    "nsites": 11,
    "elements": [
        "Mg",
        "O",
        "Re"
    ],
    "structure": {
        "@module": "pymatgen.core.structure",
        "@class": "Structure",
        "charge": null,
        "lattice": {
            "matrix": [
                [
                    5.75543103,
                    0.0,
                    0.0
                ],
                [
                    -2.87771502,
                    4.9843487,
                    0.0
                ],
                [
                    0.0,
                    0.0,
                    6.4327856
                ]
            ],
            "a": 5.75543103,
            "b": 5.755430105519943,
            "c": 6.4327856,
            "alpha": 90.0,
            "beta": 90.0,
            "gamma": 119.9999996234196,
            "volume": 184.53780407461863
        },
        "sites": [
            {
                "species": [
                    {
                        "element": "Mg",
                        "occu": 1
                    }
                ],
                "abc": [
                    0.0,
                    0.0,
                    0.5
                ],
                "xyz": [
                    0.0,
                    0.0,
                    3.2163928
                ],
                "label": "Mg",
                "properties": {}
            },
            {
                "species": [
                    {
                        "element": "Re",
                        "occu": 1
                    }
                ],
                "abc": [
                    0.333333,
                    0.666667,
                    0.77481458
                ],
                "xyz": [
                    -2.547715350242896e-06,
                    3.3229007947829,
                    4.984216072894048
                ],
                "label": "Re",
                "properties": {}
            },
            {
                "species": [
                    {
                        "element": "Re",
                        "occu": 1
                    }
                ],
                "abc": [
                    0.666667,
                    0.333333,
                    0.22518542
                ],
                "xyz": [
                    2.8777185577153497,
                    1.6614479052170998,
                    1.448569527105952
                ],
                "label": "Re",
                "properties": {}
            },
            {
                "species": [
                    {
                        "element": "O",
                        "occu": 1
                    }
                ],
                "abc": [
                    0.16809332,
                    0.83190668,
                    0.68417409
                ],
                "xyz": [
                    -1.4265408384106144,
                    4.146512978979316,
                    4.401145234045104
                ],
                "label": "O",
                "properties": {}
            },
            {
                "species": [
                    {
                        "element": "O",
                        "occu": 1
                    }
                ],
                "abc": [
                    0.16809332,
                    0.33618664,
                    0.68417409
                ],
                "xyz": [
                    1.6641238664849567e-07,
                    1.6756714420413679,
                    4.401145234045104
                ],
                "label": "O",
                "properties": {}
            },
            {
                "species": [
                    {
                        "element": "O",
                        "occu": 1
                    }
                ],
                "abc": [
                    0.333333,
                    0.666667,
                    0.04347551
                ],
                "xyz": [
                    -2.547715350242896e-06,
                    3.3229007947829,
                    0.279668634680656
                ],
                "label": "O",
                "properties": {}
            },
            {
                "species": [
                    {
                        "element": "O",
                        "occu": 1
                    }
                ],
                "abc": [
                    0.33618664,
                    0.16809332,
                    0.31582591
                ],
                "xyz": [
                    1.4511743480017725,
                    0.8378357210206839,
                    2.031640365954896
                ],
                "label": "O",
                "properties": {}
            },
            {
                "species": [
                    {
                        "element": "O",
                        "occu": 1
                    }
                ],
                "abc": [
                    0.66381336,
                    0.83190668,
                    0.68417409
                ],
                "xyz": [
                    1.4265416619982267,
                    4.146512978979316,
                    4.401145234045104
                ],
                "label": "O",
                "properties": {}
            },
            {
                "species": [
                    {
                        "element": "O",
                        "occu": 1
                    }
                ],
                "abc": [
                    0.666667,
                    0.333333,
                    0.95652449
                ],
                "xyz": [
                    2.8777185577153497,
                    1.6614479052170998,
                    6.153116965319343
                ],
                "label": "O",
                "properties": {}
            },
            {
                "species": [
                    {
                        "element": "O",
                        "occu": 1
                    }
                ],
                "abc": [
                    0.83190668,
                    0.66381336,
                    0.31582591
                ],
                "xyz": [
                    2.8777158435876125,
                    3.308677257958632,
                    2.031640365954896
                ],
                "label": "O",
                "properties": {}
            },
            {
                "species": [
                    {
                        "element": "O",
                        "occu": 1
                    }
                ],
                "abc": [
                    0.83190668,
                    0.16809332,
                    0.31582591
                ],
                "xyz": [
                    4.304256848410613,
                    0.8378357210206839,
                    2.031640365954896
                ],
                "label": "O",
                "properties": {}
            }
        ]
    },
    "spacegroup": {
        "source": "spglib",
        "symbol": "P-3m1",
        "number": 164,
        "point_group": "-3m",
        "crystal_system": "trigonal",
        "hall": "-P 3 2\""
    },
    "dielectric": {
        "epsilon_ionic": [
            [
                1.89093376,
                -1.4e-07,
                -7e-08
            ],
            [
                -1.4e-07,
                1.89113817,
                -6.734e-05
            ],
            [
                -7e-08,
                -6.734e-05,
                1.12880427
            ]
        ],
        "epsilon_ionic_avg": 1.6369587333333335,
        "epsilon_ionic_eig": [
            1.890933759904132,
            1.8911381760442858,
            1.1288042640515825
        ],