{
    "mp_id": "mp-7988",
    "nelements": 2,
    "nsites": 3,
    "elements": [
        "Cs",
        "O"
    ],
    "structure": {
        "@module": "pymatgen.core.structure",
        "@class": "Structure",
        "charge": null,
        "lattice": {
            "matrix": [
                [
                    2.06336,
                    1.191281,
                    6.881747
                ],
                [
                    -2.06336,
                    1.191281,
                    6.881747
                ],
                [
                    0.0,
                    -2.382563,
                    6.881747
                ]
            ],
            "a": 7.282516507538448,
            "b": 7.282516507538448,
            "c": 7.282516613161826,
            "alpha": 32.91817364102645,
            "beta": 32.91817364102645,
            "gamma": 32.9181764037522,
            "volume": 101.4937493592433
        },
        "sites": [
            {
                "species": [
                    {
                        "element": "Cs",
                        "occu": 1
                    }
                ],
                "abc": [
                    0.260168,
                    0.260168,
                    0.260168
                ],
                "xyz": [
                    0.0,
                    -2.601680000324791e-07,
                    5.371231060488
                ],
                "label": "Cs",
                "properties": {}
            },
            {
                "species": [
                    {
                        "element": "Cs",
                        "occu": 1
                    }
                ],
                "abc": [
                    0.739832,
                    0.739832,
                    0.739832
                ],
                "xyz": [
                    0.0,
                    -7.398320001072989e-07,
                    15.274009939511998
                ],
                "label": "Cs",
                "properties": {}
            },
            {
                "species": [
                    {
                        "element": "O",
                        "occu": 1
                    }
                ],
                "abc": [
                    0.0,
                    0.0,
                    0.0
                ],
                "xyz": [
                    0.0,
                    0.0,
                    0.0
                ],
                "label": "O",
                "properties": {}
            }
        ]
    },
    "spacegroup": {
        "source": "spglib",
        "symbol": "R-3m",
        "number": 166,
        "point_group": "-3m",
        "crystal_system": "trigonal",
        "hall": "-R 3 2\""
    },
    "dielectric": {
        "epsilon_ionic": [
            [
                9.65927037,
                5e-08,
                4e-08
            ],
            [
                5e-08,
                9.65902188,
                -1.026e-05
            ],
            [
                4e-08,
                -1.026e-05,
                1.09214845
            ]
        ],
        "epsilon_ionic_avg": 6.803480233333334,
        "epsilon_ionic_eig": [
            9.659270370010063,
            9.65902188000223,
            1.0921484499877128
        ],
        "epsilon_electronic": [
            [
                4.82740215,
                0.0,
                0.0
            ],
            [
                0.0,
                4.8274012,
                -2.1e-07
            ],
            [
                0.0,
                -2.1e-07,
                4.28552655
            ]
        ],
        "epsilon_electronic_avg": 4.646776633333334,
        "epsilon_electronic_eig": [
            4.2855265499999184,
            4.827401200000081,
            4.82740215
        ]
    },
    "phonon": {
        "lowest_freq": -0.025265829984853164,
        "frequency": [
            -0.025265829984853164,
            -0.02526582746983437,
            -0.0092817580444586,
            1.5939628242088921,
            1.593962985203942,
            3.0536392215995254,
            4.930745557379559,
            4.930746048088552,
            8.707593567229697
        ]
    },
    "born_effective_charge": {
        "avg_abs_trace": 1.65123,
        "tensors": [
            [
                [
                    1.4348,
                    -0.0002,
                    -0.00038
                ],
                [
                    0.0,
                    1.4347,
                    -2e-05
                ],
                [
                    0.0,
                    0.0,
                    0.84554
                ]
            ],
            [
                [
                    1.4348,
                    0.0002,
                    0.00038
                ],
                [
                    0.0,
                    1.43487,
                    0.0
                ],
                [
                    0.0,
                    0.0,
                    0.84583
                ]
            ],
            [
                [
                    -2.8696,
                    0.0,
                    0.0
                ],
                [
                    0.0,
                    -2.86956,
                    2e-05
                ],
                [
                    0.0,
                    -0.0,
                    -1.69137
                ]
            ]
        ]
    },
    "band_gap": 0.9341999999999999,
    "is_direct": false,
    "formula": "Cs2O"
}