{
    "mp_id": "mp-7958",
    "nelements": 3,
    "nsites": 4,
    "elements": [
        "K",
        "La",
        "O"
    ],
    "structure": {
        "@module": "pymatgen.core.structure",
        "@class": "Structure",
        "charge": null,
        "lattice": {
            "matrix": [
                [
                    1.84737936,
                    1.06658506,
                    6.21212894
                ],
                [
                    -1.84737936,
                    1.06658506,
                    6.21212894
                ],
                [
                    0.0,
                    -2.13317011,
                    6.21212894
                ]
            ],
            "a": 6.568177841468266,
            "b": 6.568177841468266,
            "c": 6.568177881679434,
            "alpha": 32.671089954983685,
            "beta": 32.671089954983685,
            "gamma": 32.671088029672674,
            "volume": 73.44179681074307
        },
        "sites": [
            {
                "species": [
                    {
                        "element": "K",
                        "occu": 1
                    }
                ],
                "abc": [
                    0.0,
                    0.0,
                    0.0
                ],
                "xyz": [
                    0.0,
                    0.0,
                    0.0
                ],
                "label": "K",
                "properties": {}
            },
            {
                "species": [
                    {
                        "element": "La",
                        "occu": 1
                    }
                ],
                "abc": [
                    0.5,
                    0.5,
                    0.5
                ],
                "xyz": [
                    0.0,
                    4.999999969612645e-09,
                    9.318193410000001
                ],
                "label": "La",
                "properties": {}
            },
            {
                "species": [
                    {
                        "element": "O",
                        "occu": 1
                    }
                ],
                "abc": [
                    0.76986518,
                    0.76986518,
                    0.76986518
                ],
                "xyz": [
                    0.0,
                    7.698651716125937e-09,
                    14.34750529372893
                ],
                "label": "O",
                "properties": {}
            },
            {
                "species": [
                    {
                        "element": "O",
                        "occu": 1
                    }
                ],
                "abc": [
                    0.23013482,
                    0.23013482,
                    0.23013482
                ],
                "xyz": [
                    0.0,
                    2.301348167588202e-09,
                    4.288881526271073
                ],
                "label": "O",
                "properties": {}
            }
        ]
    },
    "spacegroup": {
        "source": "spglib",
        "symbol": "R-3m",
        "number": 166,
        "point_group": "-3m",
        "crystal_system": "trigonal",
        "hall": "-R 3 2\""
    },
    "dielectric": {
        "epsilon_ionic": [
            [
                17.74430437,
                -0.0,
                0.0
            ],
            [
                -0.0,
                17.74455082,
                -3.166e-05
            ],
            [
                0.0,
                -3.166e-05,
                6.84988569
            ]
        ],
        "epsilon_ionic_avg": 14.112913626666668,
        "epsilon_ionic_eig": [
            6.849885689907996,
            17.744550820092005,
            17.74430437
        ],
        "epsilon_electronic": [
            [
                3.99387167,
                0.0,
                0.0
            ],
            [
                -0.0,
                3.99387345,
                -0.0
            ],
            [
                -0.0,
                0.0,
                3.20842321
            ]
        ],
        "epsilon_electronic_avg": 3.73205611,
        "epsilon_electronic_eig": [
            3.99387167,
            3.99387345,
            3.20842321
        ]
    },
    "phonon": {
        "lowest_freq": -0.019133674191343396,
        "frequency": [
            -0.019133674191343396,
            -0.019133669976154434,
            -0.011233136168406568,
            2.7177932326626637,
            2.717793835166445,
            5.206175464483349,
            6.208346877868328,
            6.208348255691414,
            8.399521450991147,
            8.39952331319327,
            8.800766132063226,
            12.399919374798305
        ]
    },
    "born_effective_charge": {
        "avg_abs_trace": 2.484195,
        "tensors": [
            [
                [
                    1.03359,
                    -0.0,
                    0.0
                ],
                [
                    0.0,
                    1.03359,
                    2e-05
                ],
                [
                    -0.0,
                    0.0,
                    1.48357
                ]
            ],
            [
                [
                    4.49794,
                    -0.0,
                    -0.0
                ],
                [
                    0.0,
                    4.49799,
                    -6e-05
                ],
                [
                    -0.0,
                    0.0,
                    2.3585
                ]
            ],
            [
                [
                    -2.76576,
                    -0.00027,
                    -0.00029
                ],
                [
                    0.0,
                    -2.76577,
                    -0.0
                ],
                [
                    -0.0,
                    -0.0,
                    -1.92104
                ]
            ],
            [
                [
                    -2.76576,
                    0.00027,
                    0.00029
                ],
                [
                    0.0,
                    -2.7658,
                    4e-05
                ],
                [
                    0.0,
                    0.0,
                    -1.92103
                ]
            ]
        ]
    },
    "band_gap": 3.7636000000000003,
    "is_direct": true,
    "formula": "KLaO2"
}