{
    "mp_id": "mp-7094",
    "nelements": 3,
    "nsites": 12,
    "elements": [
        "Ag",
        "O",
        "Re"
    ],
    "structure": {
        "@module": "pymatgen.core.structure",
        "@class": "Structure",
        "charge": null,
        "lattice": {
            "matrix": [
                [
                    -2.67155246,
                    2.67155258,
                    5.70824887
                ],
                [
                    2.67155246,
                    -2.67155258,
                    5.70824887
                ],
                [
                    2.67155258,
                    2.67155246,
                    -5.70824887
                ]
            ],
            "a": 6.845326208157869,
            "b": 6.845326208157869,
            "c": 6.845326208157869,
            "alpha": 134.05690672179784,
            "beta": 134.05690672179784,
            "gamma": 66.99913870293278,
            "volume": 162.96349247480163
        },
        "sites": [
            {
                "species": [
                    {
                        "element": "Re",
                        "occu": 1
                    }
                ],
                "abc": [
                    0.0,
                    0.0,
                    0.0
                ],
                "xyz": [
                    0.0,
                    0.0,
                    0.0
                ],
                "label": "Re",
                "properties": {}
            },
            {
                "species": [
                    {
                        "element": "Re",
                        "occu": 1
                    }
                ],
                "abc": [
                    0.75,
                    0.25,
                    0.5
                ],
                "xyz": [
                    6.000000030148556e-08,
                    2.67155252,
                    2.854124435
                ],
                "label": "Re",
                "properties": {}
            },
            {
                "species": [
                    {
                        "element": "Ag",
                        "occu": 1
                    }
                ],
                "abc": [
                    0.25,
                    0.75,
                    0.5
                ],
                "xyz": [
                    2.6715525199999997,
                    -6.000000007944095e-08,
                    2.854124435
                ],
                "label": "Ag",
                "properties": {}
            },
            {
                "species": [
                    {
                        "element": "Ag",
                        "occu": 1
                    }
                ],
                "abc": [
                    0.5,
                    0.5,
                    0.0
                ],
                "xyz": [
                    0.0,
                    0.0,
                    5.70824887
                ],
                "label": "Ag",
                "properties": {}
            },
            {
                "species": [
                    {
                        "element": "O",
                        "occu": 1
                    }
                ],
                "abc": [
                    0.14544498,
                    0.05275812,
                    0.37206599
                ],
                "xyz": [
                    0.7463760466720786,
                    1.2416116308319343,
                    -0.9924526453774345
                ],
                "label": "O",
                "properties": {}
            },
            {
                "species": [
                    {
                        "element": "O",
                        "occu": 1
                    }
                ],
                "abc": [
                    0.52337899,
                    0.39544498,
                    0.59268786
                ],
                "xyz": [
                    1.2416143623845144,
                    1.9251791448803812,
                    1.8616660813736954
                ],
                "label": "O",
                "properties": {}
            },
            {
                "species": [
                    {
                        "element": "O",
                        "occu": 1
                    }
                ],
                "abc": [
                    0.80275812,
                    0.93069213,
                    0.40731214
                ],
                "xyz": [
                    1.4299382176154856,
                    0.7463733151196186,
                    7.569926367871435
                ],
                "label": "O",
                "properties": {}
            },
            {
                "species": [
                    {
                        "element": "O",
                        "occu": 1
                    }
                ],
                "abc": [
                    0.68069213,
                    0.77337899,
                    0.62793401
                ],
                "xyz": [
                    1.925176533327922,
                    1.4299408291680658,
                    4.715796224622565
                ],
                "label": "O",
                "properties": {}
            },
            {
                "species": [
                    {
                        "element": "O",
                        "occu": 1
                    }
                ],
                "abc": [
                    0.06930787,
                    0.47662101,
                    0.87206599
                ],
                "xyz": [
                    3.417928566672079,
                    1.241611570831934,
                    -1.8616717896225654
                ],
                "label": "O",
                "properties": {}
            },
            {
                "species": [
                    {
                        "element": "O",
                        "occu": 1
                    }
                ],
                "abc": [
                    0.94724188,
                    0.31930787,
                    0.09268786
                ],
                "xyz": [
                    -1.429938157615486,
                    1.9251792048803815,
                    6.7006958071285645
                ],
                "label": "O",
                "properties": {}
            },
            {
                "species": [
                    {
                        "element": "O",
                        "occu": 1
                    }
                ],
                "abc": [
                    0.22662101,
                    0.85455502,
                    0.90731214
                ],
                "xyz": [
                    4.101490737615487,
                    0.7463732551196185,
                    0.9924583536263052
                ],
                "label": "O",
                "properties": {}
            },
            {
                "species": [
                    {
                        "element": "O",
                        "occu": 1
                    }
                ],
                "abc": [
                    0.60455502,
                    0.19724188,
                    0.12793401
                ],
                "xyz": [
                    -0.7463759866720787,
                    1.429940889168066,
                    3.846577080377435
                ],
                "label": "O",
                "properties": {}
            }
        ]
    },
    "spacegroup": {
        "source": "spglib",
        "symbol": "I4_1/a",
        "number": 88,
        "point_group": "4/m",
        "crystal_system": "tetragonal",
        "hall": "I 4bw -1bw"
    },