{
    "mp_id": "mp-754128",
    "nelements": 3,
    "nsites": 12,
    "elements": [
        "Ba",
        "Hf",
        "O"
    ],
    "structure": {
        "@module": "pymatgen.core.structure",
        "@class": "Structure",
        "charge": null,
        "lattice": {
            "matrix": [
                [
                    -2.09489919,
                    2.09489919,
                    10.90920495
                ],
                [
                    2.09489919,
                    -2.09489919,
                    10.90920495
                ],
                [
                    2.09489919,
                    2.09489919,
                    -10.90920495
                ]
            ],
            "a": 11.304333588214291,
            "b": 11.304333588214291,
            "c": 11.304333588214291,
            "alpha": 158.64062606745995,
            "beta": 158.64062606745995,
            "gamma": 30.38698422970811,
            "volume": 191.50466153966207
        },
        "sites": [
            {
                "species": [
                    {
                        "element": "Ba",
                        "occu": 1
                    }
                ],
                "abc": [
                    0.5,
                    0.5,
                    0.0
                ],
                "xyz": [
                    0.0,
                    0.0,
                    10.90920495
                ],
                "label": "Ba",
                "properties": {}
            },
            {
                "species": [
                    {
                        "element": "Ba",
                        "occu": 1
                    }
                ],
                "abc": [
                    0.68623004,
                    0.68623004,
                    0.0
                ],
                "xyz": [
                    0.0,
                    0.0,
                    14.972448298413395
                ],
                "label": "Ba",
                "properties": {}
            },
            {
                "species": [
                    {
                        "element": "Ba",
                        "occu": 1
                    }
                ],
                "abc": [
                    0.31376996,
                    0.31376996,
                    0.0
                ],
                "xyz": [
                    0.0,
                    0.0,
                    6.845961601586604
                ],
                "label": "Ba",
                "properties": {}
            },
            {
                "species": [
                    {
                        "element": "Hf",
                        "occu": 1
                    }
                ],
                "abc": [
                    0.90294849,
                    0.90294849,
                    0.0
                ],
                "xyz": [
                    0.0,
                    0.0,
                    19.70090027340605
                ],
                "label": "Hf",
                "properties": {}
            },
            {
                "species": [
                    {
                        "element": "Hf",
                        "occu": 1
                    }
                ],
                "abc": [
                    0.09705151,
                    0.09705151,
                    0.0
                ],
                "xyz": [
                    0.0,
                    0.0,
                    2.117509626593949
                ],
                "label": "Hf",
                "properties": {}
            },
            {
                "species": [
                    {
                        "element": "O",
                        "occu": 1
                    }
                ],
                "abc": [
                    0.0,
                    0.0,
                    0.0
                ],
                "xyz": [
                    0.0,
                    0.0,
                    0.0
                ],
                "label": "O",
                "properties": {}
            },
            {
                "species": [
                    {
                        "element": "O",
                        "occu": 1
                    }
                ],
                "abc": [
                    0.09598966,
                    0.59598966,
                    0.5
                ],
                "xyz": [
                    2.09489919,
                    0.0,
                    2.094341748041634
                ],
                "label": "O",
                "properties": {}
            },
            {
                "species": [
                    {
                        "element": "O",
                        "occu": 1
                    }
                ],
                "abc": [
                    0.40401034,
                    0.90401034,
                    0.5
                ],
                "xyz": [
                    2.0948991899999996,
                    2.220446049250313e-16,
                    8.814863201958365
                ],
                "label": "O",
                "properties": {}
            },
            {
                "species": [
                    {
                        "element": "O",
                        "occu": 1
                    }
                ],
                "abc": [
                    0.80670651,
                    0.80670651,
                    0.0
                ],
                "xyz": [
                    0.0,
                    0.0,
                    17.60105330417845
                ],
                "label": "O",
                "properties": {}
            },
            {
                "species": [
                    {
                        "element": "O",
                        "occu": 1
                    }
                ],
                "abc": [
                    0.19329349,
                    0.19329349,
                    0.0
                ],
                "xyz": [
                    0.0,
                    0.0,
                    4.217356595821551
                ],
                "label": "O",
                "properties": {}
            },
            {
                "species": [
                    {
                        "element": "O",
                        "occu": 1
                    }
                ],
                "abc": [
                    0.59598966,
                    0.09598966,
                    0.5
                ],
                "xyz": [
                    0.0,
                    2.09489919,
                    2.094341748041634
                ],
                "label": "O",
                "properties": {}
            },
            {
                "species": [
                    {
                        "element": "O",
                        "occu": 1
                    }
                ],
                "abc": [
                    0.90401034,
                    0.40401034,
                    0.5
                ],
                "xyz": [
                    2.220446049250313e-16,
                    2.0948991899999996,
                    8.814863201958365
                ],
                "label": "O",
                "properties": {}
            }
        ]
    },
    "spacegroup": {
        "source": "spglib",
        "symbol": "I4/mmm",
        "number": 139,
        "point_group": "4/mmm",
        "crystal_system": "tetragonal",
        "hall": "-I 4 2"
    },
    "dielectric": {
        "epsilon_ionic": [
            [
                23.20134146,
                -0.0,
                -0.0
            ],
            [
                -0.0,
                23.20122277,
                0.0
            ],
            [
                -0.0,
                0.0,
                13.68252258
            ]
        ],
        "epsilon_ionic_avg": 20.02836227,