{
    "mp_id": "mp-754246",
    "nelements": 3,
    "nsites": 10,
    "elements": [
        "O",
        "Sn",
        "Ti"
    ],
    "structure": {
        "@module": "pymatgen.core.structure",
        "@class": "Structure",
        "charge": null,
        "lattice": {
            "matrix": [
                [
                    2.56723485,
                    1.48219406,
                    6.80789389
                ],
                [
                    -2.5672349,
                    1.48219398,
                    6.80789389
                ],
                [
                    5e-08,
                    -2.96438704,
                    6.80789389
                ]
            ],
            "a": 7.425295497423193,
            "b": 7.42529549874115,
            "c": 7.4252952628443865,
            "alpha": 40.45416598595513,
            "beta": 40.454165942680945,
            "gamma": 40.454166566452464,
            "volume": 155.42990852329797
        },
        "sites": [
            {
                "species": [
                    {
                        "element": "Ti",
                        "occu": 1
                    }
                ],
                "abc": [
                    0.33286579,
                    0.33286579,
                    0.33286579
                ],
                "xyz": [
                    1.9771279934793083e-16,
                    3.328657900425469e-07,
                    6.79834493379307
                ],
                "label": "Ti",
                "properties": {}
            },
            {
                "species": [
                    {
                        "element": "Ti",
                        "occu": 1
                    }
                ],
                "abc": [
                    0.66713421,
                    0.66713421,
                    0.66713421
                ],
                "xyz": [
                    2.1718304608937545e-16,
                    6.671342098751865e-07,
                    13.625336736206929
                ],
                "label": "Ti",
                "properties": {}
            },
            {
                "species": [
                    {
                        "element": "Sn",
                        "occu": 1
                    }
                ],
                "abc": [
                    0.10754756,
                    0.10754756,
                    0.10754756
                ],
                "xyz": [
                    1.2663270774446736e-17,
                    1.0754756002429033e-07,
                    2.1965171298252253
                ],
                "label": "Sn",
                "properties": {}
            },
            {
                "species": [
                    {
                        "element": "Sn",
                        "occu": 1
                    }
                ],
                "abc": [
                    0.89245244,
                    0.89245244,
                    0.89245244
                ],
                "xyz": [
                    -4.185662939693878e-17,
                    8.924524403930434e-07,
                    18.227164540174773
                ],
                "label": "Sn",
                "properties": {}
            },
            {
                "species": [
                    {
                        "element": "O",
                        "occu": 1
                    }
                ],
                "abc": [
                    0.69742075,
                    0.40802466,
                    0.05373856
                ],
                "xyz": [
                    0.7429477099874318,
                    1.4791826969020296,
                    7.891601466748943
                ],
                "label": "O",
                "properties": {}
            },
            {
                "species": [
                    {
                        "element": "O",
                        "occu": 1
                    }
                ],
                "abc": [
                    0.05373856,
                    0.69742075,
                    0.40802466
                ],
                "xyz": [
                    -1.6524833649621262,
                    -0.09617920250236778,
                    7.891601466748943
                ],
                "label": "O",
                "properties": {}
            },
            {
                "species": [
                    {
                        "element": "O",
                        "occu": 1
                    }
                ],
                "abc": [
                    0.59197534,
                    0.94626144,
                    0.30257925
                ],
                "xyz": [
                    -0.9095356549746942,
                    1.3830033352156914,
                    12.532080203251057
                ],
                "label": "O",
                "properties": {}
            },
            {
                "species": [
                    {
                        "element": "O",
                        "occu": 1
                    }
                ],
                "abc": [
                    0.40802466,
                    0.05373856,
                    0.69742075
                ],
                "xyz": [
                    0.9095356549746946,
                    -1.383002335215692,
                    7.891601466748943
                ],
                "label": "O",
                "properties": {}
            },
            {
                "species": [
                    {
                        "element": "O",
                        "occu": 1
                    }
                ],
                "abc": [
                    0.94626144,
                    0.30257925,
                    0.59197534
                ],
                "xyz": [
                    1.652483364962126,
                    0.09618020250236792,
                    12.532080203251056
                ],
                "label": "O",
                "properties": {}
            },
            {
                "species": [
                    {
                        "element": "O",
                        "occu": 1
                    }
                ],
                "abc": [
                    0.30257925,
                    0.59197534,
                    0.94626144
                ],
                "xyz": [
                    -0.7429477099874311,
                    -1.4791816969020297,
                    12.532080203251057
                ],
                "label": "O",
                "properties": {}
            }
        ]
    },
    "spacegroup": {
        "source": "spglib",
        "symbol": "R-3",
        "number": 148,
        "point_group": "-3",
        "crystal_system": "trigonal",
        "hall": "-R 3"
    },
    "dielectric": {
        "epsilon_ionic": [
            [
                13.75910799,
                1.01e-06,
                -4.01e-06
            ],
            [
                1.01e-06,
                13.75914909,
                -4.81e-06
            ],
            [
                -4.01e-06,
                -4.81e-06,
                4.59723566
            ]
        ],
        "epsilon_ionic_avg": 10.70516424666667,
        "epsilon_ionic_eig": [
            4.59723565999572,
            13.759107965196677,
            13.75914911480761
        ],
        "epsilon_electronic": [
            [
                6.48747803,
                -2.78e-06,
                0.0
            ],
            [
                2.78e-06,
                6.4874767,
                2.6e-07
            ],
            [
                0.0,
                2.6e-07,
                5.38575379
            ]
        ],
        "epsilon_electronic_avg": 6.1202361733333355,
        "epsilon_electronic_eig": [
            6.487477365000034,
            6.487477365000034,
            5.385753789999939
        ]
    },