{
    "mp_id": "mp-755558",
    "nelements": 3,
    "nsites": 14,
    "elements": [
        "Ba",
        "La",
        "O"
    ],
    "structure": {
        "@module": "pymatgen.core.structure",
        "@class": "Structure",
        "charge": null,
        "lattice": {
            "matrix": [
                [
                    0.0,
                    5.2096783,
                    5.2096783
                ],
                [
                    5.2096783,
                    0.0,
                    5.2096783
                ],
                [
                    5.2096783,
                    5.2096783,
                    0.0
                ]
            ],
            "a": 7.36759770746081,
            "b": 7.36759770746081,
            "c": 7.36759770746081,
            "alpha": 59.99999999999999,
            "beta": 59.99999999999999,
            "gamma": 59.99999999999999,
            "volume": 282.7891316932387
        },
        "sites": [
            {
                "species": [
                    {
                        "element": "Ba",
                        "occu": 1
                    }
                ],
                "abc": [
                    0.25,
                    0.25,
                    0.25
                ],
                "xyz": [
                    2.60483915,
                    2.60483915,
                    2.60483915
                ],
                "label": "Ba",
                "properties": {}
            },
            {
                "species": [
                    {
                        "element": "Ba",
                        "occu": 1
                    }
                ],
                "abc": [
                    0.0,
                    0.0,
                    0.0
                ],
                "xyz": [
                    0.0,
                    0.0,
                    0.0
                ],
                "label": "Ba",
                "properties": {}
            },
            {
                "species": [
                    {
                        "element": "La",
                        "occu": 1
                    }
                ],
                "abc": [
                    0.625,
                    0.125,
                    0.625
                ],
                "xyz": [
                    3.907258725,
                    6.512097875,
                    3.907258725
                ],
                "label": "La",
                "properties": {}
            },
            {
                "species": [
                    {
                        "element": "La",
                        "occu": 1
                    }
                ],
                "abc": [
                    0.625,
                    0.625,
                    0.125
                ],
                "xyz": [
                    3.907258725,
                    3.907258725,
                    6.512097875
                ],
                "label": "La",
                "properties": {}
            },
            {
                "species": [
                    {
                        "element": "La",
                        "occu": 1
                    }
                ],
                "abc": [
                    0.625,
                    0.625,
                    0.625
                ],
                "xyz": [
                    6.512097875,
                    6.512097875,
                    6.512097875
                ],
                "label": "La",
                "properties": {}
            },
            {
                "species": [
                    {
                        "element": "La",
                        "occu": 1
                    }
                ],
                "abc": [
                    0.125,
                    0.625,
                    0.625
                ],
                "xyz": [
                    6.512097875,
                    3.907258725,
                    3.907258725
                ],
                "label": "La",
                "properties": {}
            },
            {
                "species": [
                    {
                        "element": "O",
                        "occu": 1
                    }
                ],
                "abc": [
                    0.81964087,
                    0.39345271,
                    0.39345271
                ],
                "xyz": [
                    4.099524090726386,
                    6.319827299595314,
                    6.319827299595314
                ],
                "label": "O",
                "properties": {}
            },
            {
                "species": [
                    {
                        "element": "O",
                        "occu": 1
                    }
                ],
                "abc": [
                    0.39345271,
                    0.39345271,
                    0.39345271
                ],
                "xyz": [
                    4.099524090726386,
                    4.099524090726386,
                    4.099524090726386
                ],
                "label": "O",
                "properties": {}
            },
            {
                "species": [
                    {
                        "element": "O",
                        "occu": 1
                    }
                ],
                "abc": [
                    0.39345271,
                    0.39345271,
                    0.81964087
                ],
                "xyz": [
                    6.319827299595314,
                    6.319827299595314,
                    4.099524090726386
                ],
                "label": "O",
                "properties": {}
            },
            {
                "species": [
                    {
                        "element": "O",
                        "occu": 1
                    }
                ],
                "abc": [
                    0.85654729,
                    0.43035913,
                    0.85654729
                ],
                "xyz": [
                    6.704368450404686,
                    8.924671659273613,
                    6.704368450404686
                ],
                "label": "O",
                "properties": {}
            },
            {
                "species": [
                    {
                        "element": "O",
                        "occu": 1
                    }
                ],
                "abc": [
                    0.39345271,
                    0.81964087,
                    0.39345271
                ],
                "xyz": [
                    6.319827299595314,
                    4.099524090726386,
                    6.319827299595314
                ],
                "label": "O",
                "properties": {}
            },
            {
                "species": [
                    {
                        "element": "O",
                        "occu": 1
                    }
                ],
                "abc": [
                    0.85654729,
                    0.85654729,
                    0.43035913
                ],
                "xyz": [
                    6.704368450404686,
                    6.704368450404686,
                    8.924671659273613
                ],
                "label": "O",
                "properties": {}
            },
            {
                "species": [
                    {
                        "element": "O",
                        "occu": 1
                    }
                ],
                "abc": [
                    0.85654729,
                    0.85654729,
                    0.85654729
                ],
                "xyz": [
                    8.924671659273613,
                    8.924671659273613,
                    8.924671659273613
                ],
                "label": "O",