{
    "mp_id": "mp-770932",
    "nelements": 3,
    "nsites": 10,
    "elements": [
        "Li",
        "O",
        "Sb"
    ],
    "structure": {
        "@module": "pymatgen.core.structure",
        "@class": "Structure",
        "charge": null,
        "lattice": {
            "matrix": [
                [
                    2.66051083,
                    -4.52860615,
                    -0.00024458
                ],
                [
                    2.66051083,
                    4.52860615,
                    -0.00024458
                ],
                [
                    -2.17090652,
                    0.0,
                    4.86937926
                ]
            ],
            "a": 5.252293936765581,
            "b": 5.252293936765581,
            "c": 5.331387201873135,
            "alpha": 101.90581124397258,
            "beta": 101.90581124397258,
            "gamma": 119.13238011300339,
            "volume": 117.33170470997949
        },
        "sites": [
            {
                "species": [
                    {
                        "element": "Li",
                        "occu": 1
                    }
                ],
                "abc": [
                    0.15785914,
                    0.15785914,
                    0.35456783
                ],
                "xyz": [
                    0.07023828923972097,
                    0.0,
                    1.7264480192882832
                ],
                "label": "Li",
                "properties": {}
            },
            {
                "species": [
                    {
                        "element": "Li",
                        "occu": 1
                    }
                ],
                "abc": [
                    0.84214086,
                    0.84214086,
                    0.64543217
                ],
                "xyz": [
                    3.0798768507602796,
                    0.0,
                    3.1424420807117164
                ],
                "label": "Li",
                "properties": {}
            },
            {
                "species": [
                    {
                        "element": "Sb",
                        "occu": 1
                    }
                ],
                "abc": [
                    0.66917916,
                    0.33082084,
                    0.0
                ],
                "xyz": [
                    2.66051083,
                    -1.532291568855668,
                    -0.00024458
                ],
                "label": "Sb",
                "properties": {}
            },
            {
                "species": [
                    {
                        "element": "Sb",
                        "occu": 1
                    }
                ],
                "abc": [
                    0.33082084,
                    0.66917916,
                    0.0
                ],
                "xyz": [
                    2.66051083,
                    1.532291568855668,
                    -0.00024458
                ],
                "label": "Sb",
                "properties": {}
            },
            {
                "species": [
                    {
                        "element": "O",
                        "occu": 1
                    }
                ],
                "abc": [
                    0.27743485,
                    0.27743485,
                    0.76494823
                ],
                "xyz": [
                    -0.18439425388060848,
                    0.0,
                    3.7246873361044837
                ],
                "label": "O",
                "properties": {}
            },
            {
                "species": [
                    {
                        "element": "O",
                        "occu": 1
                    }
                ],
                "abc": [
                    0.72256515,
                    0.72256515,
                    0.23505177
                ],
                "xyz": [
                    3.3345093938806087,
                    0.0,
                    1.1442027638955161
                ],
                "label": "O",
                "properties": {}
            },
            {
                "species": [
                    {
                        "element": "O",
                        "occu": 1
                    }
                ],
                "abc": [
                    0.90680472,
                    0.55041905,
                    0.78087103
                ],
                "xyz": [
                    2.181761611512314,
                    -1.6139303369338704,
                    3.8020007904271713
                ],
                "label": "O",
                "properties": {}
            },
            {
                "species": [
                    {
                        "element": "O",
                        "occu": 1
                    }
                ],
                "abc": [
                    0.44958095,
                    0.09319528,
                    0.21912897
                ],
                "xyz": [
                    0.9683535284876865,
                    -1.6139303369338704,
                    1.0668893095728287
                ],
                "label": "O",
                "properties": {}
            },
            {
                "species": [
                    {
                        "element": "O",
                        "occu": 1
                    }
                ],
                "abc": [
                    0.09319528,
                    0.44958095,
                    0.21912897
                ],
                "xyz": [
                    0.9683535284876865,
                    1.6139303369338704,
                    1.0668893095728287
                ],
                "label": "O",
                "properties": {}
            },
            {
                "species": [
                    {
                        "element": "O",
                        "occu": 1
                    }
                ],
                "abc": [
                    0.55041905,
                    0.90680472,
                    0.78087103
                ],
                "xyz": [
                    2.181761611512314,
                    1.6139303369338704,
                    3.8020007904271713
                ],
                "label": "O",
                "properties": {}
            }
        ]
    },
    "spacegroup": {
        "source": "spglib",
        "symbol": "C2/m",
        "number": 12,
        "point_group": "2/m",
        "crystal_system": "monoclinic",
        "hall": "-C 2y"
    },
    "dielectric": {
        "epsilon_ionic": [
            [
                6.1608963,
                0.0,
                1.02120284
            ],
            [
                0.0,
                4.97894182,
                0.0
            ],
            [
                1.02120284,
                0.0,
                3.30760444
            ]
        ],
        "epsilon_ionic_avg": 4.815814186666667,
        "epsilon_ionic_eig": [
            6.4887228975733535,
            2.979777842426647,
            4.97894182
        ],
        "epsilon_electronic": [
            [
                3.75386137,
                0.0,
                0.01858591
            ],
            [
                0.0,
                3.69686476,
                0.0
            ],
            [
                0.01858868,
                0.0,
                2.90992613
            ]
        ],
        "epsilon_electronic_avg": 3.4535507533333334,
        "epsilon_electronic_eig": [
            3.7542705484418217,
            2.9095169515581785,
            3.69686476
        ]
    },
    "phonon": {
        "lowest_freq": -0.018094894438844607,