{
    "mp_id": "mp-755896",
    "nelements": 3,
    "nsites": 12,
    "elements": [
        "Cr",
        "O",
        "Zn"
    ],
    "structure": {
        "@module": "pymatgen.core.structure",
        "@class": "Structure",
        "charge": null,
        "lattice": {
            "matrix": [
                [
                    2.73657356,
                    -4.11616905,
                    0.0
                ],
                [
                    2.73657356,
                    4.11616905,
                    0.0
                ],
                [
                    0.0,
                    0.0,
                    6.18713109
                ]
            ],
            "a": 4.942841540801099,
            "b": 4.942841540801099,
            "c": 6.18713109,
            "alpha": 90.0,
            "beta": 90.0,
            "gamma": 112.76529275110772,
            "volume": 139.38615650856948
        },
        "sites": [
            {
                "species": [
                    {
                        "element": "Zn",
                        "occu": 1
                    }
                ],
                "abc": [
                    0.0,
                    0.0,
                    0.0
                ],
                "xyz": [
                    0.0,
                    0.0,
                    0.0
                ],
                "label": "Zn",
                "properties": {}
            },
            {
                "species": [
                    {
                        "element": "Zn",
                        "occu": 1
                    }
                ],
                "abc": [
                    0.0,
                    0.0,
                    0.5
                ],
                "xyz": [
                    0.0,
                    0.0,
                    3.093565545
                ],
                "label": "Zn",
                "properties": {}
            },
            {
                "species": [
                    {
                        "element": "Cr",
                        "occu": 1
                    }
                ],
                "abc": [
                    0.64105563,
                    0.35894437,
                    0.25
                ],
                "xyz": [
                    2.73657356,
                    -1.1612176370685028,
                    1.5467827725
                ],
                "label": "Cr",
                "properties": {}
            },
            {
                "species": [
                    {
                        "element": "Cr",
                        "occu": 1
                    }
                ],
                "abc": [
                    0.35894437,
                    0.64105563,
                    0.75
                ],
                "xyz": [
                    2.73657356,
                    1.1612176370685028,
                    4.6403483175
                ],
                "label": "Cr",
                "properties": {}
            },
            {
                "species": [
                    {
                        "element": "O",
                        "occu": 1
                    }
                ],
                "abc": [
                    0.21933987,
                    0.26906407,
                    0.75
                ],
                "xyz": [
                    1.3365533088038264,
                    0.20467321307601005,
                    4.6403483175
                ],
                "label": "O",
                "properties": {}
            },
            {
                "species": [
                    {
                        "element": "O",
                        "occu": 1
                    }
                ],
                "abc": [
                    0.26906407,
                    0.21933987,
                    0.25
                ],
                "xyz": [
                    1.3365533088038264,
                    -0.20467321307601005,
                    1.5467827725
                ],
                "label": "O",
                "properties": {}
            },
            {
                "species": [
                    {
                        "element": "O",
                        "occu": 1
                    }
                ],
                "abc": [
                    0.24396902,
                    0.75603098,
                    0.53712716
                ],
                "xyz": [
                    2.73657356,
                    2.1077335914343385,
                    3.323276150919405
                ],
                "label": "O",
                "properties": {}
            },
            {
                "species": [
                    {
                        "element": "O",
                        "occu": 1
                    }
                ],
                "abc": [
                    0.75603098,
                    0.24396902,
                    0.03712716
                ],
                "xyz": [
                    2.73657356,
                    -2.1077335914343385,
                    0.2297106059194044
                ],
                "label": "O",
                "properties": {}
            },
            {
                "species": [
                    {
                        "element": "O",
                        "occu": 1
                    }
                ],
                "abc": [
                    0.24396902,
                    0.75603098,
                    0.96287284
                ],
                "xyz": [
                    2.73657356,
                    2.1077335914343385,
                    5.957420484080596
                ],
                "label": "O",
                "properties": {}
            },
            {
                "species": [
                    {
                        "element": "O",
                        "occu": 1
                    }
                ],
                "abc": [
                    0.75603098,
                    0.24396902,
                    0.46287284
                ],
                "xyz": [
                    2.73657356,
                    -2.1077335914343385,
                    2.863854939080596
                ],
                "label": "O",
                "properties": {}
            },
            {
                "species": [
                    {
                        "element": "O",
                        "occu": 1
                    }
                ],
                "abc": [
                    0.78066013,
                    0.73093593,
                    0.25
                ],
                "xyz": [
                    4.136593811196174,
                    -0.20467321307600983,
                    1.5467827725
                ],
                "label": "O",
                "properties": {}
            },
            {
                "species": [
                    {
                        "element": "O",
                        "occu": 1
                    }
                ],
                "abc": [
                    0.73093593,
                    0.78066013,
                    0.75
                ],
                "xyz": [
                    4.136593811196174,
                    0.20467321307600983,
                    4.6403483175
                ],
                "label": "O",
                "properties": {}
            }
        ]
    },
    "spacegroup": {
        "source": "spglib",
        "symbol": "Cmcm",
        "number": 63,
        "point_group": "mmm",
        "crystal_system": "orthorhombic",
        "hall": "-C 2c 2"
    },