{
    "mp_id": "mp-774702",
    "nelements": 3,
    "nsites": 16,
    "elements": [
        "Bi",
        "Li",
        "O"
    ],
    "structure": {
        "@module": "pymatgen.core.structure",
        "@class": "Structure",
        "charge": null,
        "lattice": {
            "matrix": [
                [
                    5.20618306,
                    0.0,
                    0.0011774
                ],
                [
                    0.0,
                    6.29033785,
                    0.0
                ],
                [
                    -1.62802114,
                    0.0,
                    5.04342003
                ]
            ],
            "a": 5.206183193136957,
            "b": 6.29033785,
            "c": 5.299673426853026,
            "alpha": 90.0,
            "beta": 107.87717477046274,
            "gamma": 90.0,
            "volume": 165.1772566841155
        },
        "sites": [
            {
                "species": [
                    {
                        "element": "Li",
                        "occu": 1
                    }
                ],
                "abc": [
                    0.0,
                    0.38762587,
                    0.75
                ],
                "xyz": [
                    -1.221015855,
                    2.4382976817001794,
                    3.7825650225
                ],
                "label": "Li",
                "properties": {}
            },
            {
                "species": [
                    {
                        "element": "Li",
                        "occu": 1
                    }
                ],
                "abc": [
                    0.0,
                    0.61237413,
                    0.25
                ],
                "xyz": [
                    -0.407005285,
                    3.8520401682998204,
                    1.2608550075
                ],
                "label": "Li",
                "properties": {}
            },
            {
                "species": [
                    {
                        "element": "Li",
                        "occu": 1
                    }
                ],
                "abc": [
                    0.5,
                    0.15479515,
                    0.75
                ],
                "xyz": [
                    1.3820756749999998,
                    0.9737137910414275,
                    3.7831537225000003
                ],
                "label": "Li",
                "properties": {}
            },
            {
                "species": [
                    {
                        "element": "Li",
                        "occu": 1
                    }
                ],
                "abc": [
                    0.5,
                    0.570738,
                    0.75
                ],
                "xyz": [
                    1.3820756749999998,
                    3.5901348438333,
                    3.7831537225000003
                ],
                "label": "Li",
                "properties": {}
            },
            {
                "species": [
                    {
                        "element": "Li",
                        "occu": 1
                    }
                ],
                "abc": [
                    0.5,
                    0.429262,
                    0.25
                ],
                "xyz": [
                    2.196086245,
                    2.7002030061667,
                    1.2614437075
                ],
                "label": "Li",
                "properties": {}
            },
            {
                "species": [
                    {
                        "element": "Li",
                        "occu": 1
                    }
                ],
                "abc": [
                    0.5,
                    0.84520485,
                    0.25
                ],
                "xyz": [
                    2.196086245,
                    5.316624058958573,
                    1.2614437075
                ],
                "label": "Li",
                "properties": {}
            },
            {
                "species": [
                    {
                        "element": "Bi",
                        "occu": 1
                    }
                ],
                "abc": [
                    0.0,
                    0.85084934,
                    0.75
                ],
                "xyz": [
                    -1.221015855,
                    5.352129808049519,
                    3.7825650225
                ],
                "label": "Bi",
                "properties": {}
            },
            {
                "species": [
                    {
                        "element": "Bi",
                        "occu": 1
                    }
                ],
                "abc": [
                    0.0,
                    0.14915066,
                    0.25
                ],
                "xyz": [
                    -0.407005285,
                    0.938208041950481,
                    1.2608550075
                ],
                "label": "Bi",
                "properties": {}
            },
            {
                "species": [
                    {
                        "element": "O",
                        "occu": 1
                    }
                ],
                "abc": [
                    0.25195951,
                    0.62630005,
                    0.98552129
                ],
                "xyz": [
                    -0.2927021612721701,
                    3.9396389099718925,
                    4.970694471104513
                ],
                "label": "O",
                "properties": {}
            },
            {
                "species": [
                    {
                        "element": "O",
                        "occu": 1
                    }
                ],
                "abc": [
                    0.23747228,
                    0.89289556,
                    0.48669869
                ],
                "xyz": [
                    0.44396840522527026,
                    5.616614737164946,
                    2.4549055215832327
                ],
                "label": "O",
                "properties": {}
            },
            {
                "species": [
                    {
                        "element": "O",
                        "occu": 1
                    }
                ],
                "abc": [
                    0.25195951,
                    0.37369995,
                    0.48552129
                ],
                "xyz": [
                    0.52130840872783,
                    2.3506989400281078,
                    2.4489844561045127
                ],
                "label": "O",
                "properties": {}
            },
            {
                "species": [
                    {
                        "element": "O",
                        "occu": 1
                    }
                ],
                "abc": [
                    0.23747228,
                    0.10710444,
                    0.98669869
                ],
                "xyz": [
                    -0.3700421647747296,
                    0.673723112835054,
                    4.976615536583233
                ],
                "label": "O",
                "properties": {}
            },
            {
                "species": [
                    {
                        "element": "O",
                        "occu": 1
                    }
                ],
                "abc": [
                    0.74804049,
                    0.62630005,
                    0.51447871
                ],
                "xyz": [
                    3.0568535112721698,
                    3.9396389099718925,
                    2.5956129738954874
                ],
                "label": "O",