{
    "mp_id": "mp-755352",
    "nelements": 3,
    "nsites": 12,
    "elements": [
        "Hf",
        "Li",
        "O"
    ],
    "structure": {
        "@module": "pymatgen.core.structure",
        "@class": "Structure",
        "charge": null,
        "lattice": {
            "matrix": [
                [
                    2.69214887,
                    -4.5095514,
                    0.00071006
                ],
                [
                    2.69214887,
                    4.5095514,
                    0.00071006
                ],
                [
                    -2.04489363,
                    0.0,
                    4.99623196
                ]
            ],
            "a": 5.252020551337308,
            "b": 5.252020551337308,
            "c": 5.398511253682817,
            "alpha": 101.18860005453261,
            "beta": 101.18860005453261,
            "gamma": 118.3265940860488,
            "volume": 121.32544186608203
        },
        "sites": [
            {
                "species": [
                    {
                        "element": "Li",
                        "occu": 1
                    }
                ],
                "abc": [
                    0.92433279,
                    0.07566721,
                    0.25
                ],
                "xyz": [
                    2.1809254625000003,
                    -3.8271010544208126,
                    1.2497680500000001
                ],
                "label": "Li",
                "properties": {}
            },
            {
                "species": [
                    {
                        "element": "Li",
                        "occu": 1
                    }
                ],
                "abc": [
                    0.2407705,
                    0.7592295,
                    0.25
                ],
                "xyz": [
                    2.1809254625000003,
                    2.3380175092926,
                    1.2497680500000001
                ],
                "label": "Li",
                "properties": {}
            },
            {
                "species": [
                    {
                        "element": "Li",
                        "occu": 1
                    }
                ],
                "abc": [
                    0.07566721,
                    0.92433279,
                    0.75
                ],
                "xyz": [
                    1.1584786475000002,
                    3.8271010544208126,
                    3.7478840300000003
                ],
                "label": "Li",
                "properties": {}
            },
            {
                "species": [
                    {
                        "element": "Li",
                        "occu": 1
                    }
                ],
                "abc": [
                    0.7592295,
                    0.2407705,
                    0.75
                ],
                "xyz": [
                    1.1584786475000002,
                    -2.3380175092926,
                    3.7478840300000003
                ],
                "label": "Li",
                "properties": {}
            },
            {
                "species": [
                    {
                        "element": "Hf",
                        "occu": 1
                    }
                ],
                "abc": [
                    0.5906073,
                    0.4093927,
                    0.25
                ],
                "xyz": [
                    2.1809254624999994,
                    -0.8171965531304397,
                    1.2497680500000001
                ],
                "label": "Hf",
                "properties": {}
            },
            {
                "species": [
                    {
                        "element": "Hf",
                        "occu": 1
                    }
                ],
                "abc": [
                    0.4093927,
                    0.5906073,
                    0.75
                ],
                "xyz": [
                    1.1584786474999997,
                    0.8171965531304397,
                    3.7478840300000003
                ],
                "label": "Hf",
                "properties": {}
            },
            {
                "species": [
                    {
                        "element": "O",
                        "occu": 1
                    }
                ],
                "abc": [
                    0.65511931,
                    0.8074724,
                    0.5128537
                ],
                "xyz": [
                    2.8887833550959368,
                    0.687044090303826,
                    2.5633745746138543
                ],
                "label": "O",
                "properties": {}
            },
            {
                "species": [
                    {
                        "element": "O",
                        "occu": 1
                    }
                ],
                "abc": [
                    0.8074724,
                    0.65511931,
                    0.0128537
                ],
                "xyz": [
                    3.9112301700959367,
                    -0.687044090303826,
                    0.0652585946138546
                ],
                "label": "O",
                "properties": {}
            },
            {
                "species": [
                    {
                        "element": "O",
                        "occu": 1
                    }
                ],
                "abc": [
                    0.0,
                    0.5,
                    0.5
                ],
                "xyz": [
                    0.3236276200000001,
                    2.2547757,
                    2.4984710100000003
                ],
                "label": "O",
                "properties": {}
            },
            {
                "species": [
                    {
                        "element": "O",
                        "occu": 1
                    }
                ],
                "abc": [
                    0.34488069,
                    0.1925276,
                    0.4871463
                ],
                "xyz": [
                    0.4506207549040634,
                    -0.6870440903038261,
                    2.4342775053861456
                ],
                "label": "O",
                "properties": {}
            },
            {
                "species": [
                    {
                        "element": "O",
                        "occu": 1
                    }
                ],
                "abc": [
                    0.5,
                    0.0,
                    0.0
                ],
                "xyz": [
                    1.346074435,
                    -2.2547757,
                    0.00035503
                ],
                "label": "O",
                "properties": {}
            },
            {
                "species": [
                    {
                        "element": "O",
                        "occu": 1
                    }
                ],
                "abc": [
                    0.1925276,
                    0.34488069,
                    0.9871463
                ],
                "xyz": [
                    -0.5718260600959368,
                    0.6870440903038261,
                    4.932393485386146
                ],
                "label": "O",
                "properties": {}
            }
        ]
    },
    "spacegroup": {
        "source": "spglib",
        "symbol": "C2/c",
        "number": 15,
        "point_group": "2/m",
        "crystal_system": "monoclinic",
        "hall": "-C 2yc"
    },