{
    "mp_id": "mp-752676",
    "nelements": 3,
    "nsites": 16,
    "elements": [
        "Bi",
        "O",
        "Ti"
    ],
    "structure": {
        "@module": "pymatgen.core.structure",
        "@class": "Structure",
        "charge": null,
        "lattice": {
            "matrix": [
                [
                    7.93328169,
                    -2.78654941,
                    0.0
                ],
                [
                    7.93328169,
                    2.78654941,
                    0.0
                ],
                [
                    0.0,
                    0.0,
                    5.47599534
                ]
            ],
            "a": 8.408437190540262,
            "b": 8.408437190540262,
            "c": 5.47599534,
            "alpha": 90.0,
            "beta": 90.0,
            "gamma": 38.707447249880644,
            "volume": 242.10997839875319
        },
        "sites": [
            {
                "species": [
                    {
                        "element": "Ti",
                        "occu": 1
                    }
                ],
                "abc": [
                    0.30844431,
                    0.69155569,
                    0.2376324
                ],
                "xyz": [
                    7.933281689999999,
                    1.0675587899032857,
                    1.301273915033016
                ],
                "label": "Ti",
                "properties": {}
            },
            {
                "species": [
                    {
                        "element": "Ti",
                        "occu": 1
                    }
                ],
                "abc": [
                    0.69155569,
                    0.30844431,
                    0.7376324
                ],
                "xyz": [
                    7.933281689999999,
                    -1.0675587899032857,
                    4.039271585033016
                ],
                "label": "Ti",
                "properties": {}
            },
            {
                "species": [
                    {
                        "element": "Bi",
                        "occu": 1
                    }
                ],
                "abc": [
                    0.61467616,
                    0.04442942,
                    0.25707565
                ],
                "xyz": [
                    5.228870229590831,
                    -1.5890207169014234,
                    1.407745061427471
                ],
                "label": "Bi",
                "properties": {}
            },
            {
                "species": [
                    {
                        "element": "Bi",
                        "occu": 1
                    }
                ],
                "abc": [
                    0.04442942,
                    0.61467616,
                    0.75707565
                ],
                "xyz": [
                    5.228870229590831,
                    1.5890207169014234,
                    4.145742731427471
                ],
                "label": "Bi",
                "properties": {}
            },
            {
                "species": [
                    {
                        "element": "Bi",
                        "occu": 1
                    }
                ],
                "abc": [
                    0.95557058,
                    0.38532384,
                    0.25707565
                ],
                "xyz": [
                    10.63769315040917,
                    -1.5890207169014234,
                    1.407745061427471
                ],
                "label": "Bi",
                "properties": {}
            },
            {
                "species": [
                    {
                        "element": "Bi",
                        "occu": 1
                    }
                ],
                "abc": [
                    0.38532384,
                    0.95557058,
                    0.75707565
                ],
                "xyz": [
                    10.63769315040917,
                    1.5890207169014234,
                    4.145742731427471
                ],
                "label": "Bi",
                "properties": {}
            },
            {
                "species": [
                    {
                        "element": "O",
                        "occu": 1
                    }
                ],
                "abc": [
                    0.05725519,
                    0.74788275,
                    0.15220207
                ],
                "xyz": [
                    6.387386077326319,
                    1.9244678198477398,
                    0.8334578260583537
                ],
                "label": "O",
                "properties": {}
            },
            {
                "species": [
                    {
                        "element": "O",
                        "occu": 1
                    }
                ],
                "abc": [
                    0.74788275,
                    0.05725519,
                    0.65220207
                ],
                "xyz": [
                    6.387386077326319,
                    -1.9244678198477398,
                    3.5714554960583533
                ],
                "label": "O",
                "properties": {}
            },
            {
                "species": [
                    {
                        "element": "O",
                        "occu": 1
                    }
                ],
                "abc": [
                    0.73578089,
                    0.75993859,
                    0.98497578
                ],
                "xyz": [
                    11.86596396406032,
                    0.06731662468195676,
                    5.3937227812928645
                ],
                "label": "O",
                "properties": {}
            },
            {
                "species": [
                    {
                        "element": "O",
                        "occu": 1
                    }
                ],
                "abc": [
                    0.75993859,
                    0.73578089,
                    0.48497578
                ],
                "xyz": [
                    11.86596396406032,
                    -0.06731662468195676,
                    2.6557251112928655
                ],
                "label": "O",
                "properties": {}
            },
            {
                "species": [
                    {
                        "element": "O",
                        "occu": 1
                    }
                ],
                "abc": [
                    0.26421911,
                    0.24006141,
                    0.48497578
                ],
                "xyz": [
                    4.0005994159396785,
                    -0.06731662468195698,
                    2.6557251112928655
                ],
                "label": "O",
                "properties": {}
            },
            {
                "species": [
                    {
                        "element": "O",
                        "occu": 1
                    }
                ],
                "abc": [
                    0.24006141,
                    0.26421911,
                    0.98497578
                ],
                "xyz": [
                    4.0005994159396785,
                    0.06731662468195698,
                    5.3937227812928645
                ],
                "label": "O",
                "properties": {}
            },
            {
                "species": [
                    {
                        "element": "O",
                        "occu": 1
                    }
                ],
                "abc": [
                    0.25211725,
                    0.94274481,
                    0.15220207
                ],