{
    "mp_id": "mp-7914",
    "nelements": 3,
    "nsites": 4,
    "elements": [
        "Na",
        "O",
        "Sc"
    ],
    "structure": {
        "@module": "pymatgen.core.structure",
        "@class": "Structure",
        "charge": null,
        "lattice": {
            "matrix": [
                [
                    1.56503035,
                    0.90357061,
                    5.34575222
                ],
                [
                    -1.56503035,
                    0.90357061,
                    5.34575222
                ],
                [
                    0.0,
                    -1.80714122,
                    5.34575222
                ]
            ],
            "a": 5.642944855420068,
            "b": 5.642944855420068,
            "c": 5.642944815134914,
            "alpha": 32.20335959463169,
            "beta": 32.20335959463169,
            "gamma": 32.20336177914463,
            "volume": 45.357064131981275
        },
        "sites": [
            {
                "species": [
                    {
                        "element": "Na",
                        "occu": 1
                    }
                ],
                "abc": [
                    0.5,
                    0.5,
                    0.5
                ],
                "xyz": [
                    0.0,
                    0.0,
                    8.018628329999999
                ],
                "label": "Na",
                "properties": {}
            },
            {
                "species": [
                    {
                        "element": "Sc",
                        "occu": 1
                    }
                ],
                "abc": [
                    0.0,
                    0.0,
                    0.0
                ],
                "xyz": [
                    0.0,
                    0.0,
                    0.0
                ],
                "label": "Sc",
                "properties": {}
            },
            {
                "species": [
                    {
                        "element": "O",
                        "occu": 1
                    }
                ],
                "abc": [
                    0.73544048,
                    0.73544048,
                    0.73544048
                ],
                "xyz": [
                    0.0,
                    0.0,
                    11.794447735913595
                ],
                "label": "O",
                "properties": {}
            },
            {
                "species": [
                    {
                        "element": "O",
                        "occu": 1
                    }
                ],
                "abc": [
                    0.26455952,
                    0.26455952,
                    0.26455952
                ],
                "xyz": [
                    0.0,
                    0.0,
                    4.242808924086403
                ],
                "label": "O",
                "properties": {}
            }
        ]
    },
    "spacegroup": {
        "source": "spglib",
        "symbol": "R-3m",
        "number": 166,
        "point_group": "-3m",
        "crystal_system": "trigonal",
        "hall": "-R 3 2\""
    },
    "dielectric": {
        "epsilon_ionic": [
            [
                14.64086642,
                -0.0,
                -0.0
            ],
            [
                -0.0,
                14.64068812,
                2.816e-05
            ],
            [
                -0.0,
                2.816e-05,
                4.48332639
            ]
        ],
        "epsilon_ionic_avg": 11.254960310000001,
        "epsilon_ionic_eig": [
            4.483326389921929,
            14.640688120078071,
            14.64086642
        ],
        "epsilon_electronic": [
            [
                4.20740585,
                0.0,
                0.0
            ],
            [
                0.0,
                4.20740748,
                1.9e-07
            ],
            [
                0.0,
                1.9e-07,
                3.02256727
            ]
        ],
        "epsilon_electronic_avg": 3.8124602,
        "epsilon_electronic_eig": [
            3.0225672699999695,
            4.20740748000003,
            4.20740585
        ]
    },
    "phonon": {
        "lowest_freq": -0.1691145571509428,
        "frequency": [
            -0.1691145571509428,
            -0.09996254492714342,
            -0.09996252561229678,
            5.200975925563405,
            5.2009769358742375,
            8.127428858989056,
            9.443188311271328,
            9.443190135888932,
            11.841489929062059,
            11.841492230344429,
            15.486514265205503,
            16.217344608852468
        ]
    },
    "born_effective_charge": {
        "avg_abs_trace": 2.3098566666666667,
        "tensors": [
            [
                [
                    0.93583,
                    -0.0,
                    0.0
                ],
                [
                    0.0,
                    0.93582,
                    1e-05
                ],
                [
                    -0.0,
                    0.0,
                    1.36256
                ]
            ],
            [
                [
                    4.33273,
                    0.0,
                    0.0
                ],
                [
                    0.0,
                    4.33271,
                    1e-05
                ],
                [
                    0.0,
                    0.0,
                    1.95949
                ]
            ],
            [
                [
                    -2.63428,
                    0.00015,
                    0.00023
                ],
                [
                    0.0,
                    -2.63429,
                    1e-05
                ],
                [
                    0.0,
                    -0.0,
                    -1.66104
                ]
            ],
            [
                [
                    -2.63428,
                    -0.00015,
                    -0.00023
                ],
                [
                    0.0,
                    -2.63425,
                    -3e-05
                ],
                [
                    0.0,
                    -0.0,
                    -1.661
                ]
            ]
        ]
    },
    "band_gap": 3.9125,
    "is_direct": false,
    "formula": "NaScO2"
}