{
    "mp_id": "mp-7911",
    "nelements": 3,
    "nsites": 12,
    "elements": [
        "Cu",
        "K",
        "O"
    ],
    "structure": {
        "@module": "pymatgen.core.structure",
        "@class": "Structure",
        "charge": null,
        "lattice": {
            "matrix": [
                [
                    -4.62108149,
                    4.62108149,
                    2.75223262
                ],
                [
                    4.62108149,
                    -4.62108149,
                    2.75223262
                ],
                [
                    4.62108149,
                    4.62108149,
                    -2.75223262
                ]
            ],
            "a": 7.091091077474136,
            "b": 7.091091077474136,
            "c": 7.091091077474136,
            "alpha": 98.66409453929973,
            "beta": 98.66409453929973,
            "gamma": 134.32418596605095,
            "volume": 235.08904049918138
        },
        "sites": [
            {
                "species": [
                    {
                        "element": "K",
                        "occu": 1
                    }
                ],
                "abc": [
                    0.19043397,
                    0.5,
                    0.69043397
                ],
                "xyz": [
                    4.62108149,
                    1.7600217876684303,
                    0.0
                ],
                "label": "K",
                "properties": {}
            },
            {
                "species": [
                    {
                        "element": "K",
                        "occu": 1
                    }
                ],
                "abc": [
                    0.80956603,
                    0.5,
                    0.30956603
                ],
                "xyz": [
                    -2.220446049250313e-16,
                    2.86105970233157,
                    2.75223262
                ],
                "label": "K",
                "properties": {}
            },
            {
                "species": [
                    {
                        "element": "K",
                        "occu": 1
                    }
                ],
                "abc": [
                    0.5,
                    0.19043397,
                    0.69043397
                ],
                "xyz": [
                    1.7600217876684303,
                    4.62108149,
                    0.0
                ],
                "label": "K",
                "properties": {}
            },
            {
                "species": [
                    {
                        "element": "K",
                        "occu": 1
                    }
                ],
                "abc": [
                    0.5,
                    0.80956603,
                    0.30956603
                ],
                "xyz": [
                    2.86105970233157,
                    -2.220446049250313e-16,
                    2.75223262
                ],
                "label": "K",
                "properties": {}
            },
            {
                "species": [
                    {
                        "element": "Cu",
                        "occu": 1
                    }
                ],
                "abc": [
                    0.13731082,
                    0.13731082,
                    0.27462064
                ],
                "xyz": [
                    1.2690443562759537,
                    1.2690443562759537,
                    2.7522326199180824e-06
                ],
                "label": "Cu",
                "properties": {}
            },
            {
                "species": [
                    {
                        "element": "Cu",
                        "occu": 1
                    }
                ],
                "abc": [
                    0.13731082,
                    0.86268918,
                    0.0
                ],
                "xyz": [
                    3.3520325126425567,
                    -3.3520325126425567,
                    2.7522326200000005
                ],
                "label": "Cu",
                "properties": {}
            },
            {
                "species": [
                    {
                        "element": "Cu",
                        "occu": 1
                    }
                ],
                "abc": [
                    0.86268918,
                    0.86268918,
                    0.72537936
                ],
                "xyz": [
                    3.3520371337240467,
                    3.3520371337240467,
                    2.7522298677673804
                ],
                "label": "Cu",
                "properties": {}
            },
            {
                "species": [
                    {
                        "element": "Cu",
                        "occu": 1
                    }
                ],
                "abc": [
                    0.86268918,
                    0.13731082,
                    0.0
                ],
                "xyz": [
                    -3.3520325126425567,
                    3.3520325126425567,
                    2.7522326200000005
                ],
                "label": "Cu",
                "properties": {}
            },
            {
                "species": [
                    {
                        "element": "O",
                        "occu": 1
                    }
                ],
                "abc": [
                    0.0,
                    0.72324018,
                    0.72324018
                ],
                "xyz": [
                    6.684303617244536,
                    0.0,
                    0.0
                ],
                "label": "O",
                "properties": {}
            },
            {
                "species": [
                    {
                        "element": "O",
                        "occu": 1
                    }
                ],
                "abc": [
                    0.72324018,
                    0.0,
                    0.72324018
                ],
                "xyz": [
                    0.0,
                    6.684303617244536,
                    0.0
                ],
                "label": "O",
                "properties": {}
            },
            {
                "species": [
                    {
                        "element": "O",
                        "occu": 1
                    }
                ],
                "abc": [
                    0.27675982,
                    0.0,
                    0.27675982
                ],
                "xyz": [
                    0.0,
                    2.5578593627554636,
                    0.0
                ],
                "label": "O",
                "properties": {}
            },
            {
                "species": [
                    {
                        "element": "O",
                        "occu": 1
                    }
                ],
                "abc": [
                    0.0,
                    0.27675982,
                    0.27675982
                ],
                "xyz": [
                    2.5578593627554636,
                    0.0,
                    0.0
                ],
                "label": "O",
                "properties": {}
            }
        ]
    },
    "spacegroup": {
        "source": "spglib",
        "symbol": "I4/mmm",
        "number": 139,
        "point_group": "4/mmm",
        "crystal_system": "tetragonal",
        "hall": "-I 4 2"
    },