{
    "mp_id": "mp-756156",
    "nelements": 3,
    "nsites": 12,
    "elements": [
        "O",
        "Rb",
        "Zr"
    ],
    "structure": {
        "@module": "pymatgen.core.structure",
        "@class": "Structure",
        "charge": null,
        "lattice": {
            "matrix": [
                [
                    5.40355179,
                    -3.65587363,
                    0.0
                ],
                [
                    5.40355179,
                    3.65587363,
                    0.0
                ],
                [
                    0.0,
                    0.0,
                    5.94186617
                ]
            ],
            "a": 6.524092576423297,
            "b": 6.524092576423297,
            "c": 5.94186617,
            "alpha": 90.0,
            "beta": 90.0,
            "gamma": 68.1620978294359,
            "volume": 234.75959693543464
        },
        "sites": [
            {
                "species": [
                    {
                        "element": "Rb",
                        "occu": 1
                    }
                ],
                "abc": [
                    0.47696285,
                    0.19779074,
                    0.73668257
                ],
                "xyz": [
                    3.646065969053426,
                    -1.0206179551804593,
                    4.377269240711657
                ],
                "label": "Rb",
                "properties": {}
            },
            {
                "species": [
                    {
                        "element": "Rb",
                        "occu": 1
                    }
                ],
                "abc": [
                    0.19779074,
                    0.47696285,
                    0.23668257
                ],
                "xyz": [
                    3.646065969053426,
                    1.0206179551804593,
                    1.406336155711657
                ],
                "label": "Rb",
                "properties": {}
            },
            {
                "species": [
                    {
                        "element": "Rb",
                        "occu": 1
                    }
                ],
                "abc": [
                    0.52303715,
                    0.80220926,
                    0.23668257
                ],
                "xyz": [
                    7.161037610946574,
                    1.0206179551804595,
                    1.406336155711657
                ],
                "label": "Rb",
                "properties": {}
            },
            {
                "species": [
                    {
                        "element": "Rb",
                        "occu": 1
                    }
                ],
                "abc": [
                    0.80220926,
                    0.52303715,
                    0.73668257
                ],
                "xyz": [
                    7.161037610946574,
                    -1.0206179551804595,
                    4.377269240711657
                ],
                "label": "Rb",
                "properties": {}
            },
            {
                "species": [
                    {
                        "element": "Zr",
                        "occu": 1
                    }
                ],
                "abc": [
                    0.91222872,
                    0.08777128,
                    0.26474143
                ],
                "xyz": [
                    5.40355179,
                    -3.014112213953307,
                    1.5730581467144231
                ],
                "label": "Zr",
                "properties": {}
            },
            {
                "species": [
                    {
                        "element": "Zr",
                        "occu": 1
                    }
                ],
                "abc": [
                    0.08777128,
                    0.91222872,
                    0.76474143
                ],
                "xyz": [
                    5.40355179,
                    3.014112213953307,
                    4.543991231714424
                ],
                "label": "Zr",
                "properties": {}
            },
            {
                "species": [
                    {
                        "element": "O",
                        "occu": 1
                    }
                ],
                "abc": [
                    0.13922746,
                    0.11058952,
                    0.50565714
                ],
                "xyz": [
                    1.3498989894513942,
                    -0.10469668966352219,
                    3.0045470537849535
                ],
                "label": "O",
                "properties": {}
            },
            {
                "species": [
                    {
                        "element": "O",
                        "occu": 1
                    }
                ],
                "abc": [
                    0.11058952,
                    0.13922746,
                    0.00565714
                ],
                "xyz": [
                    1.3498989894513942,
                    0.10469668966352219,
                    0.0336139687849538
                ],
                "label": "O",
                "properties": {}
            },
            {
                "species": [
                    {
                        "element": "O",
                        "occu": 1
                    }
                ],
                "abc": [
                    0.64951309,
                    0.35048691,
                    0.31058114
                ],
                "xyz": [
                    5.40355179,
                    -1.0932019261416335,
                    1.8454315688060337
                ],
                "label": "O",
                "properties": {}
            },
            {
                "species": [
                    {
                        "element": "O",
                        "occu": 1
                    }
                ],
                "abc": [
                    0.35048691,
                    0.64951309,
                    0.81058114
                ],
                "xyz": [
                    5.40355179,
                    1.0932019261416335,
                    4.816364653806034
                ],
                "label": "O",
                "properties": {}
            },
            {
                "species": [
                    {
                        "element": "O",
                        "occu": 1
                    }
                ],
                "abc": [
                    0.86077254,
                    0.88941048,
                    0.00565714
                ],
                "xyz": [
                    9.457204590548606,
                    0.10469668966352241,
                    0.0336139687849538
                ],
                "label": "O",
                "properties": {}
            },
            {
                "species": [
                    {
                        "element": "O",
                        "occu": 1
                    }
                ],
                "abc": [
                    0.88941048,
                    0.86077254,
                    0.50565714
                ],
                "xyz": [
                    9.457204590548606,
                    -0.10469668966352241,
                    3.0045470537849535
                ],
                "label": "O",
                "properties": {}
            }
        ]
    },
    "spacegroup": {
        "source": "spglib",
        "symbol": "Cmc2_1",
        "number": 36,
        "point_group": "mm2",
        "crystal_system": "orthorhombic",
        "hall": "C 2c -2"
    },