{
    "mp_id": "mp-8697",
    "nelements": 3,
    "nsites": 10,
    "elements": [
        "B",
        "O",
        "Sc"
    ],
    "structure": {
        "@module": "pymatgen.core.structure",
        "@class": "Structure",
        "charge": null,
        "lattice": {
            "matrix": [
                [
                    2.37392895,
                    1.37058817,
                    5.04327019
                ],
                [
                    -2.37392895,
                    1.37058817,
                    5.04327019
                ],
                [
                    0.0,
                    -2.74117734,
                    5.04327019
                ]
            ],
            "a": 5.740089267662541,
            "b": 5.740089267662541,
            "c": 5.74008949570232,
            "alpha": 48.85859322850641,
            "beta": 48.85859322850641,
            "gamma": 48.85859468930582,
            "volume": 98.45511583781996
        },
        "sites": [
            {
                "species": [
                    {
                        "element": "Sc",
                        "occu": 1
                    }
                ],
                "abc": [
                    0.5,
                    0.5,
                    0.5
                ],
                "xyz": [
                    0.0,
                    -5.00000000069889e-07,
                    7.564905285
                ],
                "label": "Sc",
                "properties": {}
            },
            {
                "species": [
                    {
                        "element": "Sc",
                        "occu": 1
                    }
                ],
                "abc": [
                    0.0,
                    0.0,
                    0.0
                ],
                "xyz": [
                    0.0,
                    0.0,
                    0.0
                ],
                "label": "Sc",
                "properties": {}
            },
            {
                "species": [
                    {
                        "element": "B",
                        "occu": 1
                    }
                ],
                "abc": [
                    0.75,
                    0.75,
                    0.75
                ],
                "xyz": [
                    0.0,
                    -7.499999998827889e-07,
                    11.3473579275
                ],
                "label": "B",
                "properties": {}
            },
            {
                "species": [
                    {
                        "element": "B",
                        "occu": 1
                    }
                ],
                "abc": [
                    0.25,
                    0.25,
                    0.25
                ],
                "xyz": [
                    0.0,
                    -2.500000000349445e-07,
                    3.7824526425
                ],
                "label": "B",
                "properties": {}
            },
            {
                "species": [
                    {
                        "element": "O",
                        "occu": 1
                    }
                ],
                "abc": [
                    0.75,
                    0.04147362,
                    0.45852638
                ],
                "xyz": [
                    1.6819912853207009,
                    -0.17211774220915377,
                    6.304087737500001
                ],
                "label": "O",
                "properties": {}
            },
            {
                "species": [
                    {
                        "element": "O",
                        "occu": 1
                    }
                ],
                "abc": [
                    0.45852638,
                    0.75,
                    0.04147362
                ],
                "xyz": [
                    -0.691937664679299,
                    1.542705412209154,
                    6.304087737500001
                ],
                "label": "O",
                "properties": {}
            },
            {
                "species": [
                    {
                        "element": "O",
                        "occu": 1
                    }
                ],
                "abc": [
                    0.95852638,
                    0.54147362,
                    0.25
                ],
                "xyz": [
                    0.9900536206414019,
                    1.3705879200000002,
                    8.8257228325
                ],
                "label": "O",
                "properties": {}
            },
            {
                "species": [
                    {
                        "element": "O",
                        "occu": 1
                    }
                ],
                "abc": [
                    0.25,
                    0.95852638,
                    0.54147362
                ],
                "xyz": [
                    -1.6819912853207009,
                    0.17211674220915385,
                    8.8257228325
                ],
                "label": "O",
                "properties": {}
            },
            {
                "species": [
                    {
                        "element": "O",
                        "occu": 1
                    }
                ],
                "abc": [
                    0.54147362,
                    0.25,
                    0.95852638
                ],
                "xyz": [
                    0.691937664679299,
                    -1.5427064122091538,
                    8.8257228325
                ],
                "label": "O",
                "properties": {}
            },
            {
                "species": [
                    {
                        "element": "O",
                        "occu": 1
                    }
                ],
                "abc": [
                    0.04147362,
                    0.45852638,
                    0.75
                ],
                "xyz": [
                    -0.9900536206414019,
                    -1.37058892,
                    6.304087737500001
                ],
                "label": "O",
                "properties": {}
            }
        ]
    },
    "spacegroup": {
        "source": "spglib",
        "symbol": "R-3c",
        "number": 167,
        "point_group": "-3m",
        "crystal_system": "trigonal",
        "hall": "-R 3 2\"c"
    },
    "dielectric": {
        "epsilon_ionic": [
            [
                10.56590759,
                -0.0,
                -0.0
            ],
            [
                -0.0,
                10.56590849,
                -6.71e-06
            ],
            [
                -0.0,
                -6.71e-06,
                9.77602001
            ]
        ],
        "epsilon_ionic_avg": 10.30261203,
        "epsilon_ionic_eig": [
            9.776020009943,
            10.565908490057,
            10.56590759
        ],
        "epsilon_electronic": [
            [
                4.12151932,
                0.0,
                0.0
            ],
            [
                -0.0,
                4.12152003,
                2.5e-07
            ],
            [
                0.0,
                2.5e-07,
                3.74875227
            ]
        ],
        "epsilon_electronic_avg": 3.9972638733333334,
        "epsilon_electronic_eig": [
            3.748752269999833,
            4.121520030000168,
            4.12151932
        ]
    },
    "phonon": {
        "lowest_freq": -0.008697259742685806,