{
    "mp_id": "mp-8872",
    "nelements": 4,
    "nsites": 14,
    "elements": [
        "B",
        "Na",
        "O",
        "Rb"
    ],
    "structure": {
        "@module": "pymatgen.core.structure",
        "@class": "Structure",
        "charge": null,
        "lattice": {
            "matrix": [
                [
                    5.63827115,
                    0.0,
                    0.0
                ],
                [
                    0.0,
                    6.03380226,
                    0.0
                ],
                [
                    0.0,
                    0.0,
                    5.50930503
                ]
            ],
            "a": 5.63827115,
            "b": 6.03380226,
            "c": 5.50930503,
            "alpha": 90.0,
            "beta": 90.0,
            "gamma": 90.0,
            "volume": 187.42773174499627
        },
        "sites": [
            {
                "species": [
                    {
                        "element": "Rb",
                        "occu": 1
                    }
                ],
                "abc": [
                    0.5,
                    0.5,
                    0.89294972
                ],
                "xyz": [
                    2.819135575,
                    3.01690113,
                    4.919532383933092
                ],
                "label": "Rb",
                "properties": {}
            },
            {
                "species": [
                    {
                        "element": "Rb",
                        "occu": 1
                    }
                ],
                "abc": [
                    0.0,
                    0.0,
                    0.10705028
                ],
                "xyz": [
                    0.0,
                    0.0,
                    0.5897726460669084
                ],
                "label": "Rb",
                "properties": {}
            },
            {
                "species": [
                    {
                        "element": "Na",
                        "occu": 1
                    }
                ],
                "abc": [
                    0.5,
                    0.76892299,
                    0.36684729
                ],
                "xyz": [
                    2.819135575,
                    4.639529274827957,
                    2.0210736200388686
                ],
                "label": "Na",
                "properties": {}
            },
            {
                "species": [
                    {
                        "element": "Na",
                        "occu": 1
                    }
                ],
                "abc": [
                    0.5,
                    0.23107701,
                    0.36684729
                ],
                "xyz": [
                    2.819135575,
                    1.3942729851720426,
                    2.0210736200388686
                ],
                "label": "Na",
                "properties": {}
            },
            {
                "species": [
                    {
                        "element": "Na",
                        "occu": 1
                    }
                ],
                "abc": [
                    0.0,
                    0.73107701,
                    0.63315271
                ],
                "xyz": [
                    0.0,
                    4.4111741151720425,
                    3.488231409961131
                ],
                "label": "Na",
                "properties": {}
            },
            {
                "species": [
                    {
                        "element": "Na",
                        "occu": 1
                    }
                ],
                "abc": [
                    0.0,
                    0.26892299,
                    0.63315271
                ],
                "xyz": [
                    0.0,
                    1.6226281448279571,
                    3.488231409961131
                ],
                "label": "Na",
                "properties": {}
            },
            {
                "species": [
                    {
                        "element": "B",
                        "occu": 1
                    }
                ],
                "abc": [
                    0.5,
                    0.0,
                    0.78719452
                ],
                "xyz": [
                    2.819135575,
                    0.0,
                    4.3368947286244355
                ],
                "label": "B",
                "properties": {}
            },
            {
                "species": [
                    {
                        "element": "B",
                        "occu": 1
                    }
                ],
                "abc": [
                    0.0,
                    0.5,
                    0.21280548
                ],
                "xyz": [
                    0.0,
                    3.01690113,
                    1.1724103013755645
                ],
                "label": "B",
                "properties": {}
            },
            {
                "species": [
                    {
                        "element": "O",
                        "occu": 1
                    }
                ],
                "abc": [
                    0.28794115,
                    0.0,
                    0.65406906
                ],
                "xyz": [
                    1.6234902789428223,
                    0.0,
                    3.6034659622253717
                ],
                "label": "O",
                "properties": {}
            },
            {
                "species": [
                    {
                        "element": "O",
                        "occu": 1
                    }
                ],
                "abc": [
                    0.21205885,
                    0.5,
                    0.34593094
                ],
                "xyz": [
                    1.1956452960571773,
                    3.01690113,
                    1.9058390677746284
                ],
                "label": "O",
                "properties": {}
            },
            {
                "species": [
                    {
                        "element": "O",
                        "occu": 1
                    }
                ],
                "abc": [
                    0.5,
                    0.0,
                    0.03857184
                ],
                "xyz": [
                    2.819135575,
                    0.0,
                    0.21250403212835522
                ],
                "label": "O",
                "properties": {}
            },
            {
                "species": [
                    {
                        "element": "O",
                        "occu": 1
                    }
                ],
                "abc": [
                    0.0,
                    0.5,
                    0.96142816
                ],
                "xyz": [
                    0.0,
                    3.01690113,
                    5.296800997871645
                ],
                "label": "O",
                "properties": {}
            },
            {
                "species": [
                    {
                        "element": "O",
                        "occu": 1
                    }
                ],
                "abc": [
                    0.78794115,
                    0.5,
                    0.34593094
                ],
                "xyz": [
                    4.442625853942822,
                    3.01690113,
                    1.9058390677746284
                ],
                "label": "O",
                "properties": {}
            },
            {
                "species": [
                    {
                        "element": "O",