{
    "mp_id": "mp-8891",
    "nelements": 4,
    "nsites": 11,
    "elements": [
        "B",
        "K",
        "O",
        "Zr"
    ],
    "structure": {
        "@module": "pymatgen.core.structure",
        "@class": "Structure",
        "charge": null,
        "lattice": {
            "matrix": [
                [
                    2.66130847,
                    1.53650734,
                    5.87385802
                ],
                [
                    -2.66130847,
                    1.53650734,
                    5.87385802
                ],
                [
                    0.0,
                    -3.07301368,
                    5.87385802
                ]
            ],
            "a": 6.629149690381561,
            "b": 6.629149690381561,
            "c": 6.629149350903588,
            "alpha": 47.33839575311145,
            "beta": 47.33839575311145,
            "gamma": 47.338398264410884,
            "volume": 144.11343051128154
        },
        "sites": [
            {
                "species": [
                    {
                        "element": "K",
                        "occu": 1
                    }
                ],
                "abc": [
                    0.78975057,
                    0.78975057,
                    0.78975057
                ],
                "xyz": [
                    0.0,
                    7.897505698295504e-07,
                    13.916648158182216
                ],
                "label": "K",
                "properties": {}
            },
            {
                "species": [
                    {
                        "element": "K",
                        "occu": 1
                    }
                ],
                "abc": [
                    0.21024943,
                    0.21024943,
                    0.21024943
                ],
                "xyz": [
                    0.0,
                    2.1024942997716067e-07,
                    3.7049259018177856
                ],
                "label": "K",
                "properties": {}
            },
            {
                "species": [
                    {
                        "element": "Zr",
                        "occu": 1
                    }
                ],
                "abc": [
                    0.0,
                    0.0,
                    0.0
                ],
                "xyz": [
                    0.0,
                    0.0,
                    0.0
                ],
                "label": "Zr",
                "properties": {}
            },
            {
                "species": [
                    {
                        "element": "B",
                        "occu": 1
                    }
                ],
                "abc": [
                    0.59624407,
                    0.59624407,
                    0.59624407
                ],
                "xyz": [
                    0.0,
                    5.962440701168248e-07,
                    10.506759037340824
                ],
                "label": "B",
                "properties": {}
            },
            {
                "species": [
                    {
                        "element": "B",
                        "occu": 1
                    }
                ],
                "abc": [
                    0.40375593,
                    0.40375593,
                    0.40375593
                ],
                "xyz": [
                    0.0,
                    4.037559300229532e-07,
                    7.114815022659175
                ],
                "label": "B",
                "properties": {}
            },
            {
                "species": [
                    {
                        "element": "O",
                        "occu": 1
                    }
                ],
                "abc": [
                    0.74570972,
                    0.29575097,
                    0.74570972
                ],
                "xyz": [
                    1.1974790325256124,
                    -0.6913641763625051,
                    10.497585245885187
                ],
                "label": "O",
                "properties": {}
            },
            {
                "species": [
                    {
                        "element": "O",
                        "occu": 1
                    }
                ],
                "abc": [
                    0.25429028,
                    0.25429028,
                    0.70424903
                ],
                "xyz": [
                    0.0,
                    -1.3827291398954202,
                    7.123988814114812
                ],
                "label": "O",
                "properties": {}
            },
            {
                "species": [
                    {
                        "element": "O",
                        "occu": 1
                    }
                ],
                "abc": [
                    0.70424903,
                    0.25429028,
                    0.25429028
                ],
                "xyz": [
                    1.1974790325256126,
                    0.6913651763625052,
                    7.123988814114812
                ],
                "label": "O",
                "properties": {}
            },
            {
                "species": [
                    {
                        "element": "O",
                        "occu": 1
                    }
                ],
                "abc": [
                    0.25429028,
                    0.70424903,
                    0.25429028
                ],
                "xyz": [
                    -1.1974790325256126,
                    0.6913651763625052,
                    7.123988814114812
                ],
                "label": "O",
                "properties": {}
            },
            {
                "species": [
                    {
                        "element": "O",
                        "occu": 1
                    }
                ],
                "abc": [
                    0.74570972,
                    0.74570972,
                    0.29575097
                ],
                "xyz": [
                    0.0,
                    1.38273013989542,
                    10.497585245885189
                ],
                "label": "O",
                "properties": {}
            },
            {
                "species": [
                    {
                        "element": "O",
                        "occu": 1
                    }
                ],
                "abc": [
                    0.29575097,
                    0.74570972,
                    0.74570972
                ],
                "xyz": [
                    -1.1974790325256124,
                    -0.6913641763625051,
                    10.497585245885187
                ],
                "label": "O",
                "properties": {}
            }
        ]
    },
    "spacegroup": {
        "source": "spglib",
        "symbol": "R-3m",
        "number": 166,
        "point_group": "-3m",
        "crystal_system": "trigonal",
        "hall": "-R 3 2\""
    },
    "dielectric": {
        "epsilon_ionic": [
            [
                5.7792414,
                2e-08,
                0.0
            ],
            [
                2e-08,
                5.77922592,
                6.87e-06
            ],
            [
                0.0,
                6.87e-06,
                4.8853497
            ]
        ],
        "epsilon_ionic_avg": 5.481272340000001,
        "epsilon_ionic_eig": [
            5.779241400025842,
            5.779225920026961,
            4.8853496999472
        ],