{
    "mp_id": "mp-8624",
    "nelements": 3,
    "nsites": 14,
    "elements": [
        "K",
        "O",
        "Sn"
    ],
    "structure": {
        "@module": "pymatgen.core.structure",
        "@class": "Structure",
        "charge": null,
        "lattice": {
            "matrix": [
                [
                    -4.18515472,
                    4.18515472,
                    4.18515472
                ],
                [
                    4.18515472,
                    -4.18515472,
                    4.18515472
                ],
                [
                    4.18515472,
                    4.18515472,
                    -4.18515472
                ]
            ],
            "a": 7.248900612576698,
            "b": 7.248900612576698,
            "c": 7.248900612576698,
            "alpha": 109.47122063449069,
            "beta": 109.47122063449069,
            "gamma": 109.47122063449069,
            "volume": 293.22064531289914
        },
        "sites": [
            {
                "species": [
                    {
                        "element": "K",
                        "occu": 1
                    }
                ],
                "abc": [
                    0.5,
                    0.0,
                    0.48170354
                ],
                "xyz": [
                    -0.07657351592829142,
                    4.108581204071708,
                    0.07657351592829142
                ],
                "label": "K",
                "properties": {}
            },
            {
                "species": [
                    {
                        "element": "K",
                        "occu": 1
                    }
                ],
                "abc": [
                    0.01829646,
                    0.01829646,
                    0.01829646
                ],
                "xyz": [
                    0.0765735159282912,
                    0.0765735159282912,
                    0.0765735159282912
                ],
                "label": "K",
                "properties": {}
            },
            {
                "species": [
                    {
                        "element": "K",
                        "occu": 1
                    }
                ],
                "abc": [
                    0.48170354,
                    0.5,
                    0.0
                ],
                "xyz": [
                    0.07657351592829142,
                    -0.07657351592829142,
                    4.108581204071708
                ],
                "label": "K",
                "properties": {}
            },
            {
                "species": [
                    {
                        "element": "K",
                        "occu": 1
                    }
                ],
                "abc": [
                    0.0,
                    0.48170354,
                    0.5
                ],
                "xyz": [
                    4.108581204071708,
                    0.07657351592829142,
                    -0.07657351592829142
                ],
                "label": "K",
                "properties": {}
            },
            {
                "species": [
                    {
                        "element": "Sn",
                        "occu": 1
                    }
                ],
                "abc": [
                    0.0,
                    0.00800199,
                    0.5
                ],
                "xyz": [
                    2.126066926217893,
                    2.059087793782107,
                    -2.059087793782107
                ],
                "label": "Sn",
                "properties": {}
            },
            {
                "species": [
                    {
                        "element": "Sn",
                        "occu": 1
                    }
                ],
                "abc": [
                    0.00800199,
                    0.5,
                    0.0
                ],
                "xyz": [
                    2.059087793782107,
                    -2.059087793782107,
                    2.126066926217893
                ],
                "label": "Sn",
                "properties": {}
            },
            {
                "species": [
                    {
                        "element": "Sn",
                        "occu": 1
                    }
                ],
                "abc": [
                    0.49199801,
                    0.49199801,
                    0.49199801
                ],
                "xyz": [
                    2.059087793782107,
                    2.059087793782107,
                    2.059087793782107
                ],
                "label": "Sn",
                "properties": {}
            },
            {
                "species": [
                    {
                        "element": "Sn",
                        "occu": 1
                    }
                ],
                "abc": [
                    0.5,
                    0.0,
                    0.00800199
                ],
                "xyz": [
                    -2.059087793782107,
                    2.126066926217893,
                    2.059087793782107
                ],
                "label": "Sn",
                "properties": {}
            },
            {
                "species": [
                    {
                        "element": "O",
                        "occu": 1
                    }
                ],
                "abc": [
                    0.97875271,
                    0.22875271,
                    0.75
                ],
                "xyz": [
                    4.440892098500626e-16,
                    6.27773208,
                    1.9147309679385822
                ],
                "label": "O",
                "properties": {}
            },
            {
                "species": [
                    {
                        "element": "O",
                        "occu": 1
                    }
                ],
                "abc": [
                    0.52124729,
                    0.27124729,
                    0.25
                ],
                "xyz": [
                    -2.220446049250313e-16,
                    2.09257736,
                    2.2704237520614177
                ],
                "label": "O",
                "properties": {}
            },
            {
                "species": [
                    {
                        "element": "O",
                        "occu": 1
                    }
                ],
                "abc": [
                    0.22875271,
                    0.75,
                    0.97875271
                ],
                "xyz": [
                    6.27773208,
                    1.9147309679385818,
                    8.881784197001252e-16
                ],
                "label": "O",
                "properties": {}
            },
            {
                "species": [
                    {
                        "element": "O",
                        "occu": 1
                    }
                ],
                "abc": [
                    0.75,
                    0.97875271,
                    0.22875271
                ],
                "xyz": [
                    1.9147309679385818,
                    5.551115123125783e-16,
                    6.277732079999999
                ],
                "label": "O",
                "properties": {}
            },
            {
                "species": [
                    {
                        "element": "O",
                        "occu": 1
                    }
                ],
                "abc": [
                    0.25,
                    0.52124729,
                    0.27124729
                ],