{
    "mp_id": "mp-9157",
    "nelements": 3,
    "nsites": 14,
    "elements": [
        "Al",
        "K",
        "O"
    ],
    "structure": {
        "@module": "pymatgen.core.structure",
        "@class": "Structure",
        "charge": null,
        "lattice": {
            "matrix": [
                [
                    3.50423632,
                    -5.53163063,
                    0.00051598
                ],
                [
                    3.50423632,
                    5.53163063,
                    0.00051598
                ],
                [
                    -1.43112353,
                    0.0,
                    6.32881776
                ]
            ],
            "a": 6.548176072724122,
            "b": 6.548176072724122,
            "c": 6.4886091573935225,
            "alpha": 96.77408357577657,
            "beta": 96.77408357577657,
            "gamma": 115.29224647981293,
            "volume": 245.36556062764546
        },
        "sites": [
            {
                "species": [
                    {
                        "element": "K",
                        "occu": 1
                    }
                ],
                "abc": [
                    0.62809675,
                    0.62809675,
                    0.35219736
                ],
                "xyz": [
                    3.8979609585480386,
                    0.0,
                    2.229641077715244
                ],
                "label": "K",
                "properties": {}
            },
            {
                "species": [
                    {
                        "element": "K",
                        "occu": 1
                    }
                ],
                "abc": [
                    0.37190325,
                    0.37190325,
                    0.64780264
                ],
                "xyz": [
                    1.6793881514519609,
                    0.0,
                    4.100208642284756
                ],
                "label": "K",
                "properties": {}
            },
            {
                "species": [
                    {
                        "element": "K",
                        "occu": 1
                    }
                ],
                "abc": [
                    0.19609081,
                    0.80390919,
                    0.5
                ],
                "xyz": [
                    2.788674555,
                    3.3622267682849802,
                    3.1649248599999997
                ],
                "label": "K",
                "properties": {}
            },
            {
                "species": [
                    {
                        "element": "K",
                        "occu": 1
                    }
                ],
                "abc": [
                    0.80390919,
                    0.19609081,
                    0.5
                ],
                "xyz": [
                    2.788674555,
                    -3.3622267682849802,
                    3.1649248599999997
                ],
                "label": "K",
                "properties": {}
            },
            {
                "species": [
                    {
                        "element": "K",
                        "occu": 1
                    }
                ],
                "abc": [
                    0.26491465,
                    0.73508535,
                    0.0
                ],
                "xyz": [
                    3.5042363199999995,
                    2.600810645448541,
                    0.00051598
                ],
                "label": "K",
                "properties": {}
            },
            {
                "species": [
                    {
                        "element": "K",
                        "occu": 1
                    }
                ],
                "abc": [
                    0.73508535,
                    0.26491465,
                    0.0
                ],
                "xyz": [
                    3.5042363199999995,
                    -2.600810645448541,
                    0.00051598
                ],
                "label": "K",
                "properties": {}
            },
            {
                "species": [
                    {
                        "element": "Al",
                        "occu": 1
                    }
                ],
                "abc": [
                    0.16208054,
                    0.16208054,
                    0.1458786
                ],
                "xyz": [
                    0.9271667330829676,
                    0.0,
                    0.9234063351179943
                ],
                "label": "Al",
                "properties": {}
            },
            {
                "species": [
                    {
                        "element": "Al",
                        "occu": 1
                    }
                ],
                "abc": [
                    0.83791946,
                    0.83791946,
                    0.8541214
                ],
                "xyz": [
                    4.650182376917032,
                    0.0,
                    5.406443384882006
                ],
                "label": "Al",
                "properties": {}
            },
            {
                "species": [
                    {
                        "element": "O",
                        "occu": 1
                    }
                ],
                "abc": [
                    0.41373582,
                    0.15145475,
                    0.26278825
                ],
                "xyz": [
                    1.60447887513298,
                    -1.4508420004811744,
                    1.6634305707496286
                ],
                "label": "O",
                "properties": {}
            },
            {
                "species": [
                    {
                        "element": "O",
                        "occu": 1
                    }
                ],
                "abc": [
                    0.84854525,
                    0.58626418,
                    0.73721175
                ],
                "xyz": [
                    3.9728702348670204,
                    -1.4508420004811744,
                    4.6664191492503715
                ],
                "label": "O",
                "properties": {}
            },
            {
                "species": [
                    {
                        "element": "O",
                        "occu": 1
                    }
                ],
                "abc": [
                    0.58626418,
                    0.84854525,
                    0.73721175
                ],
                "xyz": [
                    3.9728702348670204,
                    1.4508420004811744,
                    4.6664191492503715
                ],
                "label": "O",
                "properties": {}
            },
            {
                "species": [
                    {
                        "element": "O",
                        "occu": 1
                    }
                ],
                "abc": [
                    0.15145475,
                    0.41373582,
                    0.26278825
                ],
                "xyz": [
                    1.60447887513298,
                    1.4508420004811744,
                    1.6634305707496286
                ],
                "label": "O",
                "properties": {}
            },
            {
                "species": [
                    {
                        "element": "O",
                        "occu": 1
                    }
                ],
                "abc": [
                    0.09995887,
                    0.09995887,
                    0.85544224
                ],