{
    "mp_id": "mp-9126",
    "nelements": 3,
    "nsites": 9,
    "elements": [
        "O",
        "Sb",
        "Sr"
    ],
    "structure": {
        "@module": "pymatgen.core.structure",
        "@class": "Structure",
        "charge": null,
        "lattice": {
            "matrix": [
                [
                    5.3043735,
                    0.0,
                    0.0
                ],
                [
                    -2.65218725,
                    4.59372236,
                    0.0
                ],
                [
                    0.0,
                    0.0,
                    5.37800268
                ]
            ],
            "a": 5.3043735,
            "b": 5.304373886692616,
            "c": 5.37800268,
            "alpha": 90.0,
            "beta": 90.0,
            "gamma": 120.00000382477664,
            "volume": 131.0448187065189
        },
        "sites": [
            {
                "species": [
                    {
                        "element": "Sr",
                        "occu": 1
                    }
                ],
                "abc": [
                    0.0,
                    0.0,
                    0.0
                ],
                "xyz": [
                    0.0,
                    0.0,
                    0.0
                ],
                "label": "Sr",
                "properties": {}
            },
            {
                "species": [
                    {
                        "element": "Sb",
                        "occu": 1
                    }
                ],
                "abc": [
                    0.333333,
                    0.666667,
                    0.5
                ],
                "xyz": [
                    -2.985520250131657e-06,
                    3.0624831045741203,
                    2.68900134
                ],
                "label": "Sb",
                "properties": {}
            },
            {
                "species": [
                    {
                        "element": "Sb",
                        "occu": 1
                    }
                ],
                "abc": [
                    0.666667,
                    0.333333,
                    0.5
                ],
                "xyz": [
                    2.65218923552025,
                    1.53123925542588,
                    2.68900134
                ],
                "label": "Sb",
                "properties": {}
            },
            {
                "species": [
                    {
                        "element": "O",
                        "occu": 1
                    }
                ],
                "abc": [
                    0.37632238,
                    0.37632238,
                    0.70800033
                ],
                "xyz": [
                    0.9980770418032748,
                    1.728720531574417,
                    3.807627672180884
                ],
                "label": "O",
                "properties": {}
            },
            {
                "species": [
                    {
                        "element": "O",
                        "occu": 1
                    }
                ],
                "abc": [
                    0.62367762,
                    0.0,
                    0.70800033
                ],
                "xyz": [
                    3.30821904007107,
                    0.0,
                    3.807627672180884
                ],
                "label": "O",
                "properties": {}
            },
            {
                "species": [
                    {
                        "element": "O",
                        "occu": 1
                    }
                ],
                "abc": [
                    0.0,
                    0.62367762,
                    0.70800033
                ],
                "xyz": [
                    -1.654109831874345,
                    2.8650018284255836,
                    3.807627672180884
                ],
                "label": "O",
                "properties": {}
            },
            {
                "species": [
                    {
                        "element": "O",
                        "occu": 1
                    }
                ],
                "abc": [
                    0.37632238,
                    0.0,
                    0.29199967
                ],
                "xyz": [
                    1.9961544599289298,
                    0.0,
                    1.5703750078191154
                ],
                "label": "O",
                "properties": {}
            },
            {
                "species": [
                    {
                        "element": "O",
                        "occu": 1
                    }
                ],
                "abc": [
                    0.0,
                    0.37632238,
                    0.29199967
                ],
                "xyz": [
                    -0.998077418125655,
                    1.728720531574417,
                    1.5703750078191154
                ],
                "label": "O",
                "properties": {}
            },
            {
                "species": [
                    {
                        "element": "O",
                        "occu": 1
                    }
                ],
                "abc": [
                    0.62367762,
                    0.62367762,
                    0.29199967
                ],
                "xyz": [
                    1.6541092081967248,
                    2.8650018284255836,
                    1.5703750078191154
                ],
                "label": "O",
                "properties": {}
            }
        ]
    },
    "spacegroup": {
        "source": "spglib",
        "symbol": "P-31m",
        "number": 162,
        "point_group": "-3m",
        "crystal_system": "trigonal",
        "hall": "-P 3 2"
    },
    "dielectric": {
        "epsilon_ionic": [
            [
                6.41273096,
                0.0,
                2.378e-05
            ],
            [
                0.0,
                6.41264405,
                0.0
            ],
            [
                2.378e-05,
                0.0,
                4.31768177
            ]
        ],
        "epsilon_ionic_avg": 5.714352260000001,
        "epsilon_ionic_eig": [
            6.412730960269917,
            4.3176817697300836,
            6.41264405
        ],
        "epsilon_electronic": [
            [
                3.69110085,
                0.0,
                0.0
            ],
            [
                -0.0,
                3.69109983,
                0.0
            ],
            [
                -0.0,
                -0.0,
                3.02879307
            ]
        ],
        "epsilon_electronic_avg": 3.4703312499999996,
        "epsilon_electronic_eig": [
            3.69110085,
            3.69109983,
            3.02879307
        ]
    },
    "phonon": {
        "lowest_freq": -0.009536016811013076,