{
    "mp_id": "mp-9127",
    "nelements": 3,
    "nsites": 9,
    "elements": [
        "Ba",
        "O",
        "Sb"
    ],
    "structure": {
        "@module": "pymatgen.core.structure",
        "@class": "Structure",
        "charge": null,
        "lattice": {
            "matrix": [
                [
                    5.33962854,
                    0.0,
                    0.0
                ],
                [
                    -2.66981377,
                    4.62425362,
                    0.0
                ],
                [
                    0.0,
                    0.0,
                    5.79002083
                ]
            ],
            "a": 5.33962854,
            "b": 5.339627993462159,
            "c": 5.79002083,
            "alpha": 90.0,
            "beta": 90.0,
            "gamma": 119.99999719073926,
            "volume": 142.9660166762596
        },
        "sites": [
            {
                "species": [
                    {
                        "element": "Ba",
                        "occu": 1
                    }
                ],
                "abc": [
                    0.0,
                    0.0,
                    0.0
                ],
                "xyz": [
                    0.0,
                    0.0,
                    0.0
                ],
                "label": "Ba",
                "properties": {}
            },
            {
                "species": [
                    {
                        "element": "Sb",
                        "occu": 1
                    }
                ],
                "abc": [
                    0.666667,
                    0.333333,
                    0.5
                ],
                "xyz": [
                    2.6698171064807696,
                    1.5414163319154601,
                    2.895010415
                ],
                "label": "Sb",
                "properties": {}
            },
            {
                "species": [
                    {
                        "element": "Sb",
                        "occu": 1
                    }
                ],
                "abc": [
                    0.333333,
                    0.666667,
                    0.5
                ],
                "xyz": [
                    -2.3364807704151502e-06,
                    3.0828372880845403,
                    2.895010415
                ],
                "label": "Sb",
                "properties": {}
            },
            {
                "species": [
                    {
                        "element": "O",
                        "occu": 1
                    }
                ],
                "abc": [
                    0.38504034,
                    0.38504034,
                    0.6957727
                ],
                "xyz": [
                    1.0279863867778214,
                    1.7805241860910308,
                    4.0285384259453405
                ],
                "label": "O",
                "properties": {}
            },
            {
                "species": [
                    {
                        "element": "O",
                        "occu": 1
                    }
                ],
                "abc": [
                    0.61495966,
                    0.0,
                    0.6957727
                ],
                "xyz": [
                    3.2836561514846965,
                    0.0,
                    4.0285384259453405
                ],
                "label": "O",
                "properties": {}
            },
            {
                "species": [
                    {
                        "element": "O",
                        "occu": 1
                    }
                ],
                "abc": [
                    0.0,
                    0.61495966,
                    0.6957727
                ],
                "xyz": [
                    -1.6418277682625184,
                    2.8437294339089694,
                    4.0285384259453405
                ],
                "label": "O",
                "properties": {}
            },
            {
                "species": [
                    {
                        "element": "O",
                        "occu": 1
                    }
                ],
                "abc": [
                    0.38504034,
                    0.0,
                    0.3042273
                ],
                "xyz": [
                    2.055972388515303,
                    0.0,
                    1.7614824040546588
                ],
                "label": "O",
                "properties": {}
            },
            {
                "species": [
                    {
                        "element": "O",
                        "occu": 1
                    }
                ],
                "abc": [
                    0.0,
                    0.38504034,
                    0.3042273
                ],
                "xyz": [
                    -1.0279860017374818,
                    1.7805241860910308,
                    1.7614824040546588
                ],
                "label": "O",
                "properties": {}
            },
            {
                "species": [
                    {
                        "element": "O",
                        "occu": 1
                    }
                ],
                "abc": [
                    0.61495966,
                    0.61495966,
                    0.3042273
                ],
                "xyz": [
                    1.641828383222178,
                    2.8437294339089694,
                    1.7614824040546588
                ],
                "label": "O",
                "properties": {}
            }
        ]
    },
    "spacegroup": {
        "source": "spglib",
        "symbol": "P-31m",
        "number": 162,
        "point_group": "-3m",
        "crystal_system": "trigonal",
        "hall": "-P 3 2"
    },
    "dielectric": {
        "epsilon_ionic": [
            [
                6.76231775,
                1e-08,
                -5.498e-05
            ],
            [
                1e-08,
                6.76235517,
                1e-08
            ],
            [
                -5.498e-05,
                1e-08,
                4.84200575
            ]
        ],
        "epsilon_ionic_avg": 6.122226223333333,
        "epsilon_ionic_eig": [
            4.842005748425879,
            6.762317751571445,
            6.762355170002674
        ],
        "epsilon_electronic": [
            [
                3.64068031,
                0.0,
                0.0
            ],
            [
                0.0,
                3.6406811,
                0.0
            ],
            [
                -0.0,
                0.0,
                3.11201382
            ]
        ],
        "epsilon_electronic_avg": 3.46445841,
        "epsilon_electronic_eig": [
            3.64068031,
            3.6406811,
            3.11201382
        ]
    },
    "phonon": {
        "lowest_freq": -0.028884965490941293,