{
    "mp_id": "mp-9657",
    "nelements": 3,
    "nsites": 10,
    "elements": [
        "As",
        "Li",
        "O"
    ],
    "structure": {
        "@module": "pymatgen.core.structure",
        "@class": "Structure",
        "charge": null,
        "lattice": {
            "matrix": [
                [
                    2.42380099,
                    1.39938222,
                    4.74687413
                ],
                [
                    -2.42380099,
                    1.39938221,
                    4.74687413
                ],
                [
                    1e-08,
                    -2.79876344,
                    4.74687413
                ]
            ],
            "a": 5.510525913453304,
            "b": 5.510525910913833,
            "c": 5.510525455811259,
            "alpha": 52.18852738532096,
            "beta": 52.188527356877884,
            "gamma": 52.18853313961322,
            "volume": 96.60334675987109
        },
        "sites": [
            {
                "species": [
                    {
                        "element": "Li",
                        "occu": 1
                    }
                ],
                "abc": [
                    0.86674304,
                    0.86674304,
                    0.86674304
                ],
                "xyz": [
                    8.6674304e-09,
                    8.580756096776554e-07,
                    12.342960341800666
                ],
                "label": "Li",
                "properties": {}
            },
            {
                "species": [
                    {
                        "element": "Li",
                        "occu": 1
                    }
                ],
                "abc": [
                    0.13325696,
                    0.13325696,
                    0.13325696
                ],
                "xyz": [
                    1.3325696000000002e-09,
                    1.3192439035636383e-07,
                    1.8976620481993347
                ],
                "label": "Li",
                "properties": {}
            },
            {
                "species": [
                    {
                        "element": "As",
                        "occu": 1
                    }
                ],
                "abc": [
                    0.66134875,
                    0.66134875,
                    0.66134875
                ],
                "xyz": [
                    6.613487500000001e-09,
                    6.547352624508562e-07,
                    9.418017816848513
                ],
                "label": "As",
                "properties": {}
            },
            {
                "species": [
                    {
                        "element": "As",
                        "occu": 1
                    }
                ],
                "abc": [
                    0.33865125,
                    0.33865125,
                    0.33865125
                ],
                "xyz": [
                    3.3865125e-09,
                    3.3526473752765185e-07,
                    4.822604573151488
                ],
                "label": "As",
                "properties": {}
            },
            {
                "species": [
                    {
                        "element": "O",
                        "occu": 1
                    }
                ],
                "abc": [
                    0.44995438,
                    0.06468401,
                    0.70539255
                ],
                "xyz": [
                    0.933818711277592,
                    -1.2540510677397867,
                    5.791333306885583
                ],
                "label": "O",
                "properties": {}
            },
            {
                "species": [
                    {
                        "element": "O",
                        "occu": 1
                    }
                ],
                "abc": [
                    0.70539255,
                    0.44995438,
                    0.06468401
                ],
                "xyz": [
                    0.6191312899766284,
                    1.4357367049334464,
                    5.791333306885583
                ],
                "label": "O",
                "properties": {}
            },
            {
                "species": [
                    {
                        "element": "O",
                        "occu": 1
                    }
                ],
                "abc": [
                    0.93531599,
                    0.29460745,
                    0.55004562
                ],
                "xyz": [
                    1.552949999053911,
                    0.1816854193630293,
                    8.449289083114419
                ],
                "label": "O",
                "properties": {}
            },
            {
                "species": [
                    {
                        "element": "O",
                        "occu": 1
                    }
                ],
                "abc": [
                    0.55004562,
                    0.93531599,
                    0.29460745
                ],
                "xyz": [
                    -0.933818701277592,
                    1.2540520577397865,
                    8.449289083114419
                ],
                "label": "O",
                "properties": {}
            },
            {
                "species": [
                    {
                        "element": "O",
                        "occu": 1
                    }
                ],
                "abc": [
                    0.29460745,
                    0.55004562,
                    0.93531599
                ],
                "xyz": [
                    -0.6191312799766284,
                    -1.4357357149334466,
                    8.449289083114419
                ],
                "label": "O",
                "properties": {}
            },
            {
                "species": [
                    {
                        "element": "O",
                        "occu": 1
                    }
                ],
                "abc": [
                    0.06468401,
                    0.70539255,
                    0.44995438
                ],
                "xyz": [
                    -1.5529499890539107,
                    -0.18168442936302953,
                    5.791333306885583
                ],
                "label": "O",
                "properties": {}
            }
        ]
    },
    "spacegroup": {
        "source": "spglib",
        "symbol": "R-3",
        "number": 148,
        "point_group": "-3",
        "crystal_system": "trigonal",
        "hall": "-R 3"
    },
    "dielectric": {
        "epsilon_ionic": [
            [
                7.20223882,
                -2.02e-06,
                1.66e-06
            ],
            [
                -2.02e-06,
                7.20220651,
                2.2e-07
            ],
            [
                1.66e-06,
                2.2e-07,
                6.31213176
            ]
        ],
        "epsilon_ionic_avg": 6.905525696666669,
        "epsilon_ionic_eig": [
            7.202238945802309,
            7.202206384200847,
            6.31213175999685
        ],
        "epsilon_electronic": [
            [
                3.86873614,
                -6.8e-07,
                -0.0
            ],
            [
                6.8e-07,
                3.86873525,
                0.0
            ],
            [
                -0.0,
                0.0,
                3.01729248
            ]
        ],
        "epsilon_electronic_avg": 3.58492129,
        "epsilon_electronic_eig": [
            3.868735695,
            3.868735695,
            3.01729248
        ]
    },
    "phonon": {
        "lowest_freq": -0.006132237766825206,