{
    "mp_id": "mp-9059",
    "nelements": 4,
    "nsites": 14,
    "elements": [
        "K",
        "Li",
        "O",
        "Ta"
    ],
    "structure": {
        "@module": "pymatgen.core.structure",
        "@class": "Structure",
        "charge": null,
        "lattice": {
            "matrix": [
                [
                    4.11632566,
                    2.37656151,
                    2.40568652
                ],
                [
                    -4.11632566,
                    2.37656151,
                    2.40568652
                ],
                [
                    0.0,
                    -4.75312303,
                    2.40568652
                ]
            ],
            "a": 5.327242174192725,
            "b": 5.327242174192725,
            "c": 5.327241891525679,
            "alpha": 101.19276861430355,
            "beta": 101.19276861430355,
            "gamma": 101.19277435766568,
            "volume": 141.2046735687115
        },
        "sites": [
            {
                "species": [
                    {
                        "element": "K",
                        "occu": 1
                    }
                ],
                "abc": [
                    0.5,
                    0.5,
                    0.5
                ],
                "xyz": [
                    0.0,
                    -4.999999969612645e-09,
                    3.6085297800000005
                ],
                "label": "K",
                "properties": {}
            },
            {
                "species": [
                    {
                        "element": "Li",
                        "occu": 1
                    }
                ],
                "abc": [
                    0.34401402,
                    0.0,
                    0.65598598
                ],
                "xyz": [
                    1.416073737925753,
                    -2.3004115900627493,
                    2.40568652
                ],
                "label": "Li",
                "properties": {}
            },
            {
                "species": [
                    {
                        "element": "Li",
                        "occu": 1
                    }
                ],
                "abc": [
                    0.0,
                    0.65598598,
                    0.34401402
                ],
                "xyz": [
                    -2.700251922074247,
                    -0.07614992993725078,
                    2.40568652
                ],
                "label": "Li",
                "properties": {}
            },
            {
                "species": [
                    {
                        "element": "Li",
                        "occu": 1
                    }
                ],
                "abc": [
                    0.34401402,
                    0.65598598,
                    0.0
                ],
                "xyz": [
                    -1.2841781841484938,
                    2.37656151,
                    2.40568652
                ],
                "label": "Li",
                "properties": {}
            },
            {
                "species": [
                    {
                        "element": "Li",
                        "occu": 1
                    }
                ],
                "abc": [
                    0.0,
                    0.34401402,
                    0.65598598
                ],
                "xyz": [
                    -1.416073737925753,
                    -2.3004115900627493,
                    2.40568652
                ],
                "label": "Li",
                "properties": {}
            },
            {
                "species": [
                    {
                        "element": "Li",
                        "occu": 1
                    }
                ],
                "abc": [
                    0.65598598,
                    0.0,
                    0.34401402
                ],
                "xyz": [
                    2.700251922074247,
                    -0.07614992993725078,
                    2.40568652
                ],
                "label": "Li",
                "properties": {}
            },
            {
                "species": [
                    {
                        "element": "Li",
                        "occu": 1
                    }
                ],
                "abc": [
                    0.65598598,
                    0.34401402,
                    0.0
                ],
                "xyz": [
                    1.2841781841484938,
                    2.37656151,
                    2.40568652
                ],
                "label": "Li",
                "properties": {}
            },
            {
                "species": [
                    {
                        "element": "Ta",
                        "occu": 1
                    }
                ],
                "abc": [
                    0.0,
                    0.0,
                    0.0
                ],
                "xyz": [
                    0.0,
                    0.0,
                    0.0
                ],
                "label": "Ta",
                "properties": {}
            },
            {
                "species": [
                    {
                        "element": "O",
                        "occu": 1
                    }
                ],
                "abc": [
                    0.27224316,
                    0.91570894,
                    0.27224316
                ],
                "xyz": [
                    -2.648714701545915,
                    1.5292360030276964,
                    3.512772053549896
                ],
                "label": "O",
                "properties": {}
            },
            {
                "species": [
                    {
                        "element": "O",
                        "occu": 1
                    }
                ],
                "abc": [
                    0.27224316,
                    0.27224316,
                    0.91570894
                ],
                "xyz": [
                    0.0,
                    -3.0584720206573457,
                    3.5127720535498956
                ],
                "label": "O",
                "properties": {}
            },
            {
                "species": [
                    {
                        "element": "O",
                        "occu": 1
                    }
                ],
                "abc": [
                    0.72775684,
                    0.08429106,
                    0.72775684
                ],
                "xyz": [
                    2.648714701545915,
                    -1.5292360130276965,
                    3.704287506450105
                ],
                "label": "O",
                "properties": {}
            },
            {
                "species": [
                    {
                        "element": "O",
                        "occu": 1
                    }
                ],
                "abc": [
                    0.72775684,
                    0.72775684,
                    0.08429106
                ],
                "xyz": [
                    0.0,
                    3.058472010657345,
                    3.704287506450105
                ],
                "label": "O",
                "properties": {}
            },
            {
                "species": [
                    {
                        "element": "O",
                        "occu": 1
                    }
                ],
                "abc": [
                    0.08429106,
                    0.72775684,
                    0.72775684
                ],
                "xyz": [
                    -2.648714701545915,
                    -1.5292360130276965,
                    3.704287506450105
                ],