{
    "mp_id": "mvc-15460",
    "nelements": 4,
    "nsites": 10,
    "elements": [
        "La",
        "Mg",
        "Ni",
        "O"
    ],
    "structure": {
        "@module": "pymatgen.core.structure",
        "@class": "Structure",
        "charge": null,
        "lattice": {
            "matrix": [
                [
                    2.723184,
                    1.572231,
                    4.34881351
                ],
                [
                    -2.723184,
                    1.572231,
                    4.34881351
                ],
                [
                    0.0,
                    -3.144463,
                    4.34881351
                ]
            ],
            "a": 5.366546409002304,
            "b": 5.366546409002304,
            "c": 5.366546981358453,
            "alpha": 60.986521222248655,
            "beta": 60.986521222248655,
            "gamma": 60.986514588019624,
            "volume": 111.71602344801494
        },
        "sites": [
            {
                "species": [
                    {
                        "element": "La",
                        "occu": 1
                    }
                ],
                "abc": [
                    0.75098903,
                    0.75098903,
                    0.75098903
                ],
                "xyz": [
                    0.0,
                    -7.509890300738675e-07,
                    9.797733718577385
                ],
                "label": "La",
                "properties": {}
            },
            {
                "species": [
                    {
                        "element": "La",
                        "occu": 1
                    }
                ],
                "abc": [
                    0.24901097,
                    0.24901097,
                    0.24901097
                ],
                "xyz": [
                    0.0,
                    -2.4901096995488814e-07,
                    3.2487068114226147
                ],
                "label": "La",
                "properties": {}
            },
            {
                "species": [
                    {
                        "element": "Mg",
                        "occu": 1
                    }
                ],
                "abc": [
                    0.5,
                    0.5,
                    0.5
                ],
                "xyz": [
                    0.0,
                    -5.00000000069889e-07,
                    6.523220265000001
                ],
                "label": "Mg",
                "properties": {}
            },
            {
                "species": [
                    {
                        "element": "Ni",
                        "occu": 1
                    }
                ],
                "abc": [
                    0.0,
                    0.0,
                    0.0
                ],
                "xyz": [
                    0.0,
                    0.0,
                    0.0
                ],
                "label": "Ni",
                "properties": {}
            },
            {
                "species": [
                    {
                        "element": "O",
                        "occu": 1
                    }
                ],
                "abc": [
                    0.29216235,
                    0.76358919,
                    0.1869561
                ],
                "xyz": [
                    -1.2837820278585599,
                    1.07200876041144,
                    5.4043037738122175
                ],
                "label": "O",
                "properties": {}
            },
            {
                "species": [
                    {
                        "element": "O",
                        "occu": 1
                    }
                ],
                "abc": [
                    0.76358919,
                    0.1869561,
                    0.29216235
                ],
                "xyz": [
                    1.5702780045585598,
                    0.57578307227394,
                    5.404303773812217
                ],
                "label": "O",
                "properties": {}
            },
            {
                "species": [
                    {
                        "element": "O",
                        "occu": 1
                    }
                ],
                "abc": [
                    0.1869561,
                    0.29216235,
                    0.76358919
                ],
                "xyz": [
                    -0.28649597670000004,
                    -1.6477930753930201,
                    5.404303773812217
                ],
                "label": "O",
                "properties": {}
            },
            {
                "species": [
                    {
                        "element": "O",
                        "occu": 1
                    }
                ],
                "abc": [
                    0.70783765,
                    0.23641081,
                    0.8130439
                ],
                "xyz": [
                    1.2837820278585599,
                    -1.0720097604114402,
                    7.642136756187785
                ],
                "label": "O",
                "properties": {}
            },
            {
                "species": [
                    {
                        "element": "O",
                        "occu": 1
                    }
                ],
                "abc": [
                    0.8130439,
                    0.70783765,
                    0.23641081
                ],
                "xyz": [
                    0.28649597669999993,
                    1.6477920753930198,
                    7.642136756187784
                ],
                "label": "O",
                "properties": {}
            },
            {
                "species": [
                    {
                        "element": "O",
                        "occu": 1
                    }
                ],
                "abc": [
                    0.23641081,
                    0.8130439,
                    0.70783765
                ],
                "xyz": [
                    -1.5702780045585598,
                    -0.5757840722739402,
                    7.642136756187784
                ],
                "label": "O",
                "properties": {}
            }
        ]
    },
    "spacegroup": {
        "source": "spglib",
        "symbol": "R-3",
        "number": 148,
        "point_group": "-3",
        "crystal_system": "trigonal",
        "hall": "-R 3"
    },
    "dielectric": {
        "epsilon_ionic": [
            [
                14.97110014,
                2.353e-05,
                6.37e-06
            ],
            [
                2.353e-05,
                14.97030059,
                1.168e-05
            ],
            [
                6.37e-06,
                1.168e-05,
                20.92821343
            ]
        ],
        "epsilon_ionic_avg": 16.956538053333336,
        "epsilon_ionic_eig": [
            14.971100831859397,
            14.970299898110902,
            20.928213430029707
        ],
        "epsilon_electronic": [
            [
                6.92792764,
                2.26e-06,
                -0.0
            ],
            [
                -2.26e-06,
                6.92792751,
                0.0
            ],
            [
                0.0,
                0.0,
                6.81891871
            ]
        ],
        "epsilon_electronic_avg": 6.891591286666667,
        "epsilon_electronic_eig": [
            6.927927575,
            6.927927575,
            6.81891871
        ]
    },
    "phonon": {
        "lowest_freq": -0.02467662629971692,