{
    "mp_id": "mp-13744",
    "nelements": 3,
    "nsites": 14,
    "elements": [
        "Ga",
        "O",
        "Rb"
    ],
    "structure": {
        "@module": "pymatgen.core.structure",
        "@class": "Structure",
        "charge": null,
        "lattice": {
            "matrix": [
                [
                    3.68294503,
                    -5.71518566,
                    0.00010531
                ],
                [
                    3.68294503,
                    5.71518566,
                    0.00010531
                ],
                [
                    -1.57863259,
                    0.0,
                    6.57445984
                ]
            ],
            "a": 6.799075763172634,
            "b": 6.799075763172634,
            "c": 6.761331454823298,
            "alpha": 97.26489673112654,
            "beta": 97.26489673112654,
            "gamma": 114.40341123620762,
            "volume": 276.76975818344084
        },
        "sites": [
            {
                "species": [
                    {
                        "element": "Rb",
                        "occu": 1
                    }
                ],
                "abc": [
                    0.62789875,
                    0.62789875,
                    0.34648946
                ],
                "xyz": [
                    4.078053607663923,
                    0.0,
                    2.2781132877880115
                ],
                "label": "Rb",
                "properties": {}
            },
            {
                "species": [
                    {
                        "element": "Rb",
                        "occu": 1
                    }
                ],
                "abc": [
                    0.37210125,
                    0.37210125,
                    0.65351054
                ],
                "xyz": [
                    1.7092038623360766,
                    0.0,
                    4.296557172211989
                ],
                "label": "Rb",
                "properties": {}
            },
            {
                "species": [
                    {
                        "element": "Rb",
                        "occu": 1
                    }
                ],
                "abc": [
                    0.19402834,
                    0.80597166,
                    0.5
                ],
                "xyz": [
                    2.893628735,
                    3.497369687196792,
                    3.28733523
                ],
                "label": "Rb",
                "properties": {}
            },
            {
                "species": [
                    {
                        "element": "Rb",
                        "occu": 1
                    }
                ],
                "abc": [
                    0.80597166,
                    0.19402834,
                    0.5
                ],
                "xyz": [
                    2.893628735,
                    -3.497369687196792,
                    3.28733523
                ],
                "label": "Rb",
                "properties": {}
            },
            {
                "species": [
                    {
                        "element": "Rb",
                        "occu": 1
                    }
                ],
                "abc": [
                    0.26056452,
                    0.73943548,
                    0.0
                ],
                "xyz": [
                    3.68294503,
                    2.736836443582434,
                    0.00010531
                ],
                "label": "Rb",
                "properties": {}
            },
            {
                "species": [
                    {
                        "element": "Rb",
                        "occu": 1
                    }
                ],
                "abc": [
                    0.73943548,
                    0.26056452,
                    0.0
                ],
                "xyz": [
                    3.68294503,
                    -2.736836443582434,
                    0.00010531
                ],
                "label": "Rb",
                "properties": {}
            },
            {
                "species": [
                    {
                        "element": "Ga",
                        "occu": 1
                    }
                ],
                "abc": [
                    0.16580568,
                    0.16580568,
                    0.14884294
                ],
                "xyz": [
                    0.9863380943281264,
                    0.0,
                    0.9785968534898513
                ],
                "label": "Ga",
                "properties": {}
            },
            {
                "species": [
                    {
                        "element": "Ga",
                        "occu": 1
                    }
                ],
                "abc": [
                    0.83419432,
                    0.83419432,
                    0.85115706
                ],
                "xyz": [
                    4.8009193756718735,
                    0.0,
                    5.596073606510149
                ],
                "label": "Ga",
                "properties": {}
            },
            {
                "species": [
                    {
                        "element": "O",
                        "occu": 1
                    }
                ],
                "abc": [
                    0.09760487,
                    0.09760487,
                    0.85408724
                ],
                "xyz": [
                    -0.6293432100265595,
                    0.0,
                    5.615182816774161
                ],
                "label": "O",
                "properties": {}
            },
            {
                "species": [
                    {
                        "element": "O",
                        "occu": 1
                    }
                ],
                "abc": [
                    0.90239513,
                    0.90239513,
                    0.14591276
                ],
                "xyz": [
                    6.41660068002656,
                    0.0,
                    0.959487643225839
                ],
                "label": "O",
                "properties": {}
            },
            {
                "species": [
                    {
                        "element": "O",
                        "occu": 1
                    }
                ],
                "abc": [
                    0.41887964,
                    0.15297475,
                    0.26672048
                ],
                "xyz": [
                    1.6850546413857386,
                    -1.5196958142518775,
                    1.7536033062513339
                ],
                "label": "O",
                "properties": {}
            },
            {
                "species": [
                    {
                        "element": "O",
                        "occu": 1
                    }
                ],
                "abc": [
                    0.84702525,
                    0.58112036,
                    0.73327952
                ],
                "xyz": [
                    4.102202828614262,
                    -1.5196958142518775,
                    4.8210671537486665
                ],
                "label": "O",
                "properties": {}
            },
            {
                "species": [
                    {
                        "element": "O",
                        "occu": 1
                    }
                ],
                "abc": [
                    0.58112036,
                    0.84702525,
                    0.73327952
                ],