{
    "mp_id": "mp-1143",
    "nelements": 2,
    "nsites": 10,
    "elements": [
        "Al",
        "O"
    ],
    "structure": {
        "@module": "pymatgen.core.structure",
        "@class": "Structure",
        "charge": null,
        "lattice": {
            "matrix": [
                [
                    2.38729219,
                    1.37830336,
                    4.33799701
                ],
                [
                    -2.38729219,
                    1.37830336,
                    4.33799701
                ],
                [
                    0.0,
                    -2.75660772,
                    4.33799701
                ]
            ],
            "a": 5.139757018711218,
            "b": 5.139757018711218,
            "c": 5.139757210290437,
            "alpha": 55.35258559401153,
            "beta": 55.35258559401153,
            "gamma": 55.35258982746199,
            "volume": 85.64282725808381
        },
        "sites": [
            {
                "species": [
                    {
                        "element": "Al",
                        "occu": 1
                    }
                ],
                "abc": [
                    0.14792332,
                    0.14792332,
                    0.14792332
                ],
                "xyz": [
                    0.0,
                    -1.4792331992641294e-07,
                    1.9250727596078194
                ],
                "label": "Al",
                "properties": {}
            },
            {
                "species": [
                    {
                        "element": "Al",
                        "occu": 1
                    }
                ],
                "abc": [
                    0.35207668,
                    0.35207668,
                    0.35207668
                ],
                "xyz": [
                    0.0,
                    -3.5207667992143143e-07,
                    4.5819227553921795
                ],
                "label": "Al",
                "properties": {}
            },
            {
                "species": [
                    {
                        "element": "Al",
                        "occu": 1
                    }
                ],
                "abc": [
                    0.64792332,
                    0.64792332,
                    0.64792332
                ],
                "xyz": [
                    0.0,
                    -6.47923319663235e-07,
                    8.432068274607818
                ],
                "label": "Al",
                "properties": {}
            },
            {
                "species": [
                    {
                        "element": "Al",
                        "occu": 1
                    }
                ],
                "abc": [
                    0.85207668,
                    0.85207668,
                    0.85207668
                ],
                "xyz": [
                    0.0,
                    -8.520766794362089e-07,
                    11.088918270392181
                ],
                "label": "Al",
                "properties": {}
            },
            {
                "species": [
                    {
                        "element": "O",
                        "occu": 1
                    }
                ],
                "abc": [
                    0.944185,
                    0.555815,
                    0.25
                ],
                "xyz": [
                    0.9271526678303001,
                    1.3783031100000005,
                    7.5914947674999995
                ],
                "label": "O",
                "properties": {}
            },
            {
                "species": [
                    {
                        "element": "O",
                        "occu": 1
                    }
                ],
                "abc": [
                    0.444185,
                    0.75,
                    0.055815
                ],
                "xyz": [
                    -0.7300697610848501,
                    1.4920891380697998,
                    5.4224962625
                ],
                "label": "O",
                "properties": {}
            },
            {
                "species": [
                    {
                        "element": "O",
                        "occu": 1
                    }
                ],
                "abc": [
                    0.555815,
                    0.25,
                    0.944185
                ],
                "xyz": [
                    0.7300697610848499,
                    -1.4920901380698,
                    7.5914947674999995
                ],
                "label": "O",
                "properties": {}
            },
            {
                "species": [
                    {
                        "element": "O",
                        "occu": 1
                    }
                ],
                "abc": [
                    0.25,
                    0.944185,
                    0.555815
                ],
                "xyz": [
                    -1.65722242891515,
                    0.11378527806980054,
                    7.5914947674999995
                ],
                "label": "O",
                "properties": {}
            },
            {
                "species": [
                    {
                        "element": "O",
                        "occu": 1
                    }
                ],
                "abc": [
                    0.75,
                    0.055815,
                    0.444185
                ],
                "xyz": [
                    1.65722242891515,
                    -0.1137862780697998,
                    5.422496262499999
                ],
                "label": "O",
                "properties": {}
            },
            {
                "species": [
                    {
                        "element": "O",
                        "occu": 1
                    }
                ],
                "abc": [
                    0.055815,
                    0.444185,
                    0.75
                ],
                "xyz": [
                    -0.9271526678303,
                    -1.37830411,
                    5.422496262499999
                ],
                "label": "O",
                "properties": {}
            }
        ]
    },
    "spacegroup": {
        "source": "spglib",
        "symbol": "R-3c",
        "number": 167,
        "point_group": "-3m",
        "crystal_system": "trigonal",
        "hall": "-R 3 2\"c"
    },
    "dielectric": {
        "epsilon_ionic": [
            [
                6.19712058,
                -0.0,
                0.0
            ],
            [
                -0.0,
                6.19716613,
                -1.17e-06
            ],
            [
                0.0,
                -1.17e-06,
                8.22964811
            ]
        ],
        "epsilon_ionic_avg": 6.87464494,
        "epsilon_ionic_eig": [
            8.229648110000673,
            6.197166129999327,
            6.19712058
        ],
        "epsilon_electronic": [
            [
                3.27086479,
                0.0,
                0.0
            ],
            [
                0.0,
                3.27086632,
                0.0
            ],
            [
                0.0,
                -0.0,
                3.23110466
            ]
        ],
        "epsilon_electronic_avg": 3.2576119233333336,
        "epsilon_electronic_eig": [
            3.27086479,
            3.27086632,
            3.23110466
        ]
    },
    "phonon": {
        "lowest_freq": -0.00824677305827905,