{
    "mp_id": "mp-13900",
    "nelements": 3,
    "nsites": 10,
    "elements": [
        "Cu",
        "O",
        "Sr"
    ],
    "structure": {
        "@module": "pymatgen.core.structure",
        "@class": "Structure",
        "charge": null,
        "lattice": {
            "matrix": [
                [
                    -2.68684519,
                    2.68684519,
                    4.896046
                ],
                [
                    2.68684519,
                    -2.68684519,
                    4.896046
                ],
                [
                    2.68684519,
                    2.68684519,
                    -4.896046
                ]
            ],
            "a": 6.197543108697855,
            "b": 6.197543108697855,
            "c": 6.197543108697855,
            "alpha": 128.61591621930165,
            "beta": 128.61591621930165,
            "gamma": 75.62937074502116,
            "volume": 141.38090879853365
        },
        "sites": [
            {
                "species": [
                    {
                        "element": "Sr",
                        "occu": 1
                    }
                ],
                "abc": [
                    0.25,
                    0.75,
                    0.5
                ],
                "xyz": [
                    2.6868451900000005,
                    -2.220446049250313e-16,
                    2.448023
                ],
                "label": "Sr",
                "properties": {}
            },
            {
                "species": [
                    {
                        "element": "Sr",
                        "occu": 1
                    }
                ],
                "abc": [
                    0.5,
                    0.5,
                    0.0
                ],
                "xyz": [
                    0.0,
                    0.0,
                    4.896046
                ],
                "label": "Sr",
                "properties": {}
            },
            {
                "species": [
                    {
                        "element": "Cu",
                        "occu": 1
                    }
                ],
                "abc": [
                    0.875,
                    0.625,
                    0.75
                ],
                "xyz": [
                    1.343422595,
                    2.6868451900000005,
                    3.6720345
                ],
                "label": "Cu",
                "properties": {}
            },
            {
                "species": [
                    {
                        "element": "Cu",
                        "occu": 1
                    }
                ],
                "abc": [
                    0.875,
                    0.125,
                    0.75
                ],
                "xyz": [
                    0.0,
                    4.030267785,
                    1.2240115
                ],
                "label": "Cu",
                "properties": {}
            },
            {
                "species": [
                    {
                        "element": "Cu",
                        "occu": 1
                    }
                ],
                "abc": [
                    0.875,
                    0.125,
                    0.25
                ],
                "xyz": [
                    -1.3434225950000003,
                    2.68684519,
                    3.6720345
                ],
                "label": "Cu",
                "properties": {}
            },
            {
                "species": [
                    {
                        "element": "Cu",
                        "occu": 1
                    }
                ],
                "abc": [
                    0.375,
                    0.125,
                    0.25
                ],
                "xyz": [
                    -1.1102230246251565e-16,
                    1.3434225950000003,
                    1.2240115
                ],
                "label": "Cu",
                "properties": {}
            },
            {
                "species": [
                    {
                        "element": "O",
                        "occu": 1
                    }
                ],
                "abc": [
                    0.25092974,
                    0.25092974,
                    0.0
                ],
                "xyz": [
                    0.0,
                    0.0,
                    2.45712709961608
                ],
                "label": "O",
                "properties": {}
            },
            {
                "species": [
                    {
                        "element": "O",
                        "occu": 1
                    }
                ],
                "abc": [
                    0.00092974,
                    0.50092974,
                    0.5
                ],
                "xyz": [
                    2.68684519,
                    0.0,
                    0.009104099616080052
                ],
                "label": "O",
                "properties": {}
            },
            {
                "species": [
                    {
                        "element": "O",
                        "occu": 1
                    }
                ],
                "abc": [
                    0.49907026,
                    0.99907026,
                    0.5
                ],
                "xyz": [
                    2.6868451899999997,
                    2.220446049250313e-16,
                    4.88694190038392
                ],
                "label": "O",
                "properties": {}
            },
            {
                "species": [
                    {
                        "element": "O",
                        "occu": 1
                    }
                ],
                "abc": [
                    0.74907026,
                    0.74907026,
                    0.0
                ],
                "xyz": [
                    0.0,
                    0.0,
                    7.33496490038392
                ],
                "label": "O",
                "properties": {}
            }
        ]
    },
    "spacegroup": {
        "source": "spglib",
        "symbol": "I4_1/amd",
        "number": 141,
        "point_group": "4/mmm",
        "crystal_system": "tetragonal",
        "hall": "I 4bw 2bw -1bw"
    },
    "dielectric": {
        "epsilon_ionic": [
            [
                9.9124437,
                -0.0,
                0.0
            ],
            [
                -0.0,
                9.91633434,
                -0.0
            ],
            [
                0.0,
                -0.0,
                3.61423498
            ]
        ],
        "epsilon_ionic_avg": 7.814337673333334,
        "epsilon_ionic_eig": [
            9.9124437,
            9.91633434,
            3.61423498
        ],
        "epsilon_electronic": [
            [
                5.48595733,
                0.0,
                0.0
            ],
            [
                0.0,
                5.48595733,
                0.0
            ],
            [
                0.0,
                0.0,
                5.17654808
            ]
        ],
        "epsilon_electronic_avg": 5.382820913333333,
        "epsilon_electronic_eig": [
            5.48595733,
            5.48595733,
            5.17654808
        ]
    },
    "phonon": {
        "lowest_freq": -0.08530543569531635,