{
    "mp_id": "mp-1079050",
    "nelements": 3,
    "nsites": 10,
    "elements": [
        "As",
        "La",
        "O"
    ],
    "structure": {
        "@module": "pymatgen.core.structure",
        "@class": "Structure",
        "charge": null,
        "lattice": {
            "matrix": [
                [
                    4.38383492,
                    0.0,
                    1.614e-05
                ],
                [
                    0.0,
                    5.2958451,
                    0.0
                ],
                [
                    -1.65326805,
                    0.0,
                    5.959836
                ]
            ],
            "a": 4.383834920029711,
            "b": 5.2958451,
            "c": 6.1848961504658115,
            "alpha": 90.0,
            "beta": 105.50388872089115,
            "gamma": 90.0,
            "volume": 138.36435352536938
        },
        "sites": [
            {
                "species": [
                    {
                        "element": "La",
                        "occu": 1
                    }
                ],
                "abc": [
                    0.33475372,
                    0.25,
                    0.70059608
                ],
                "xyz": [
                    0.30923193231665835,
                    1.323961275,
                    4.1754431419679205
                ],
                "label": "La",
                "properties": {}
            },
            {
                "species": [
                    {
                        "element": "La",
                        "occu": 1
                    }
                ],
                "abc": [
                    0.66524628,
                    0.75,
                    0.29940392
                ],
                "xyz": [
                    2.4213349376833415,
                    3.971883825,
                    1.7844089980320792
                ],
                "label": "La",
                "properties": {}
            },
            {
                "species": [
                    {
                        "element": "As",
                        "occu": 1
                    }
                ],
                "abc": [
                    0.07829952,
                    0.25,
                    0.14150894
                ],
                "xyz": [
                    0.10929996070387138,
                    1.323961275,
                    0.8433713386880928
                ],
                "label": "As",
                "properties": {}
            },
            {
                "species": [
                    {
                        "element": "As",
                        "occu": 1
                    }
                ],
                "abc": [
                    0.92170048,
                    0.75,
                    0.85849106
                ],
                "xyz": [
                    2.621266909296129,
                    3.971883825,
                    5.116480801311908
                ],
                "label": "As",
                "properties": {}
            },
            {
                "species": [
                    {
                        "element": "O",
                        "occu": 1
                    }
                ],
                "abc": [
                    0.66224697,
                    0.25,
                    0.1165299
                ],
                "xyz": [
                    2.7105262322104973,
                    1.323961275,
                    0.6945097817624958
                ],
                "label": "O",
                "properties": {}
            },
            {
                "species": [
                    {
                        "element": "O",
                        "occu": 1
                    }
                ],
                "abc": [
                    0.33775303,
                    0.75,
                    0.8834701
                ],
                "xyz": [
                    0.02004063778950238,
                    3.971883825,
                    5.265342358237505
                ],
                "label": "O",
                "properties": {}
            },
            {
                "species": [
                    {
                        "element": "O",
                        "occu": 1
                    }
                ],
                "abc": [
                    0.1932071,
                    0.49970839,
                    0.34236849
                ],
                "xyz": [
                    0.28096114592818733,
                    2.646378228610389,
                    2.0404631703302343
                ],
                "label": "O",
                "properties": {}
            },
            {
                "species": [
                    {
                        "element": "O",
                        "occu": 1
                    }
                ],
                "abc": [
                    0.8067929,
                    0.99970839,
                    0.65763151
                ],
                "xyz": [
                    2.4496057240718123,
                    5.294300778610389,
                    3.919388969669766
                ],
                "label": "O",
                "properties": {}
            },
            {
                "species": [
                    {
                        "element": "O",
                        "occu": 1
                    }
                ],
                "abc": [
                    0.8067929,
                    0.50029161,
                    0.65763151
                ],
                "xyz": [
                    2.4496057240718123,
                    2.649466871389611,
                    3.919388969669766
                ],
                "label": "O",
                "properties": {}
            },
            {
                "species": [
                    {
                        "element": "O",
                        "occu": 1
                    }
                ],
                "abc": [
                    0.1932071,
                    0.00029161,
                    0.34236849
                ],
                "xyz": [
                    0.28096114592818733,
                    0.001544321389611,
                    2.0404631703302343
                ],
                "label": "O",
                "properties": {}
            }
        ]
    },
    "spacegroup": {
        "source": "spglib",
        "symbol": "P2_1/m",
        "number": 11,
        "point_group": "2/m",
        "crystal_system": "monoclinic",
        "hall": "-P 2yb"
    },
    "dielectric": {
        "epsilon_ionic": [
            [
                12.00022596,
                -1.2e-07,
                1.54982604
            ],
            [
                -1.2e-07,
                48.13908658,
                -1.3e-07
            ],
            [
                1.54982604,
                -1.3e-07,
                12.16055993
            ]
        ],
        "epsilon_ionic_avg": 24.099957489999998,
        "epsilon_ionic_eig": [
            10.528494913637735,
            13.63229097636226,
            48.139086580000004
        ],
        "epsilon_electronic": [
            [
                5.06337855,
                0.0,
                0.10090529
            ],
            [
                0.0,
                5.02720284,
                0.0
            ],
            [
                0.11618446,
                0.0,
                4.95688999
            ]
        ],
        "epsilon_electronic_avg": 5.015823793333333,
        "epsilon_electronic_eig": [
            5.130793210748342,
            4.889475329251658,
            5.02720284
        ]
    },
    "phonon": {
        "lowest_freq": -0.08109957125939352,