{
    "mp_id": "mp-1217380",
    "nelements": 4,
    "nsites": 12,
    "elements": [
        "O",
        "Pb",
        "Th",
        "V"
    ],
    "structure": {
        "@module": "pymatgen.core.structure",
        "@class": "Structure",
        "charge": null,
        "lattice": {
            "matrix": [
                [
                    -3.76632286,
                    3.76632286,
                    3.29080643
                ],
                [
                    3.76632286,
                    -3.76632286,
                    3.29080643
                ],
                [
                    3.76632286,
                    3.76632286,
                    -3.29080643
                ]
            ],
            "a": 6.260972985986004,
            "b": 6.260972985986004,
            "c": 6.260972985986004,
            "alpha": 106.03723004614714,
            "beta": 106.03723004614714,
            "gamma": 116.58187285288635,
            "volume": 186.72283002084976
        },
        "sites": [
            {
                "species": [
                    {
                        "element": "Th",
                        "occu": 1
                    }
                ],
                "abc": [
                    0.75,
                    0.25,
                    0.5
                ],
                "xyz": [
                    -2.220446049250313e-16,
                    3.76632286,
                    1.645403215
                ],
                "label": "Th",
                "properties": {}
            },
            {
                "species": [
                    {
                        "element": "V",
                        "occu": 1
                    }
                ],
                "abc": [
                    0.25,
                    0.75,
                    0.5
                ],
                "xyz": [
                    3.76632286,
                    -2.220446049250313e-16,
                    1.645403215
                ],
                "label": "V",
                "properties": {}
            },
            {
                "species": [
                    {
                        "element": "V",
                        "occu": 1
                    }
                ],
                "abc": [
                    0.5,
                    0.5,
                    0.0
                ],
                "xyz": [
                    0.0,
                    0.0,
                    3.29080643
                ],
                "label": "V",
                "properties": {}
            },
            {
                "species": [
                    {
                        "element": "Pb",
                        "occu": 1
                    }
                ],
                "abc": [
                    0.0,
                    0.0,
                    0.0
                ],
                "xyz": [
                    0.0,
                    0.0,
                    0.0
                ],
                "label": "Pb",
                "properties": {}
            },
            {
                "species": [
                    {
                        "element": "O",
                        "occu": 1
                    }
                ],
                "abc": [
                    0.5954818,
                    0.92118338,
                    0.67429842
                ],
                "xyz": [
                    3.76632286,
                    1.312928247415762,
                    2.772065950226267
                ],
                "label": "O",
                "properties": {}
            },
            {
                "species": [
                    {
                        "element": "O",
                        "occu": 1
                    }
                ],
                "abc": [
                    0.66221797,
                    0.48147354,
                    0.81925557
                ],
                "xyz": [
                    2.4048391029466605,
                    3.7663228600000003,
                    1.0676558774750946
                ],
                "label": "O",
                "properties": {}
            },
            {
                "species": [
                    {
                        "element": "O",
                        "occu": 1
                    }
                ],
                "abc": [
                    0.66221797,
                    0.84296341,
                    0.18074443
                ],
                "xyz": [
                    1.3614875610394281,
                    -3.803986088457556e-06,
                    4.358465631189588
                ],
                "label": "O",
                "properties": {}
            },
            {
                "species": [
                    {
                        "element": "O",
                        "occu": 1
                    }
                ],
                "abc": [
                    0.24688496,
                    0.92118338,
                    0.32570158
                ],
                "xyz": [
                    3.76632286,
                    -1.3129282474157626,
                    2.772065950226267
                ],
                "label": "O",
                "properties": {}
            },
            {
                "species": [
                    {
                        "element": "O",
                        "occu": 1
                    }
                ],
                "abc": [
                    0.15703659,
                    0.33778203,
                    0.81925557
                ],
                "xyz": [
                    3.7663266639860886,
                    2.404835298960572,
                    -1.0676592011895885
                ],
                "label": "O",
                "properties": {}
            },
            {
                "species": [
                    {
                        "element": "O",
                        "occu": 1
                    }
                ],
                "abc": [
                    0.07881662,
                    0.75311504,
                    0.67429842
                ],
                "xyz": [
                    5.079251107415762,
                    0.0,
                    0.5187404797737334
                ],
                "label": "O",
                "properties": {}
            },
            {
                "species": [
                    {
                        "element": "O",
                        "occu": 1
                    }
                ],
                "abc": [
                    0.07881662,
                    0.4045182,
                    0.32570158
                ],
                "xyz": [
                    2.453394612584237,
                    2.220446049250313e-16,
                    0.5187404797737332
                ],
                "label": "O",
                "properties": {}
            },
            {
                "species": [
                    {
                        "element": "O",
                        "occu": 1
                    }
                ],
                "abc": [
                    0.51852646,
                    0.33778203,
                    0.18074443
                ],
                "xyz": [
                    -1.1102230246251565e-16,
                    1.3614837570533398,
                    2.223150552524906
                ],
                "label": "O",
                "properties": {}
            }
        ]
    },
    "spacegroup": {
        "source": "spglib",
        "symbol": "I-4m2",
        "number": 119,
        "point_group": "-42m",
        "crystal_system": "tetragonal",
        "hall": "I -4 -2"
    },