{
    "mp_id": "mp-1205833",
    "nelements": 4,
    "nsites": 10,
    "elements": [
        "Ba",
        "Nb",
        "O",
        "Rh"
    ],
    "structure": {
        "@module": "pymatgen.core.structure",
        "@class": "Structure",
        "charge": null,
        "lattice": {
            "matrix": [
                [
                    0.0,
                    4.052645,
                    4.052645
                ],
                [
                    4.052645,
                    0.0,
                    4.052645
                ],
                [
                    4.052645,
                    4.052645,
                    0.0
                ]
            ],
            "a": 5.731305522483512,
            "b": 5.731305522483512,
            "c": 5.731305522483512,
            "alpha": 60.00000000000001,
            "beta": 60.00000000000001,
            "gamma": 60.00000000000001,
            "volume": 133.12072771541648
        },
        "sites": [
            {
                "species": [
                    {
                        "element": "Ba",
                        "occu": 1
                    }
                ],
                "abc": [
                    0.25,
                    0.25,
                    0.25
                ],
                "xyz": [
                    2.0263225,
                    2.0263225,
                    2.0263225
                ],
                "label": "Ba",
                "properties": {}
            },
            {
                "species": [
                    {
                        "element": "Ba",
                        "occu": 1
                    }
                ],
                "abc": [
                    0.75,
                    0.75,
                    0.75
                ],
                "xyz": [
                    6.0789675,
                    6.0789675,
                    6.0789675
                ],
                "label": "Ba",
                "properties": {}
            },
            {
                "species": [
                    {
                        "element": "Nb",
                        "occu": 1
                    }
                ],
                "abc": [
                    0.5,
                    0.5,
                    0.5
                ],
                "xyz": [
                    4.052645,
                    4.052645,
                    4.052645
                ],
                "label": "Nb",
                "properties": {}
            },
            {
                "species": [
                    {
                        "element": "Rh",
                        "occu": 1
                    }
                ],
                "abc": [
                    0.0,
                    0.0,
                    0.0
                ],
                "xyz": [
                    0.0,
                    0.0,
                    0.0
                ],
                "label": "Rh",
                "properties": {}
            },
            {
                "species": [
                    {
                        "element": "O",
                        "occu": 1
                    }
                ],
                "abc": [
                    0.748642,
                    0.251358,
                    0.251358
                ],
                "xyz": [
                    2.0373294838200002,
                    4.052645,
                    4.052645
                ],
                "label": "O",
                "properties": {}
            },
            {
                "species": [
                    {
                        "element": "O",
                        "occu": 1
                    }
                ],
                "abc": [
                    0.251358,
                    0.748642,
                    0.748642
                ],
                "xyz": [
                    6.06796051618,
                    4.052645,
                    4.052645
                ],
                "label": "O",
                "properties": {}
            },
            {
                "species": [
                    {
                        "element": "O",
                        "occu": 1
                    }
                ],
                "abc": [
                    0.251358,
                    0.748642,
                    0.251358
                ],
                "xyz": [
                    4.052645,
                    2.0373294838200002,
                    4.052645
                ],
                "label": "O",
                "properties": {}
            },
            {
                "species": [
                    {
                        "element": "O",
                        "occu": 1
                    }
                ],
                "abc": [
                    0.748642,
                    0.251358,
                    0.748642
                ],
                "xyz": [
                    4.052645,
                    6.06796051618,
                    4.052645
                ],
                "label": "O",
                "properties": {}
            },
            {
                "species": [
                    {
                        "element": "O",
                        "occu": 1
                    }
                ],
                "abc": [
                    0.251358,
                    0.251358,
                    0.748642
                ],
                "xyz": [
                    4.052645,
                    4.052645,
                    2.0373294838200002
                ],
                "label": "O",
                "properties": {}
            },
            {
                "species": [
                    {
                        "element": "O",
                        "occu": 1
                    }
                ],
                "abc": [
                    0.748642,
                    0.748642,
                    0.251358
                ],
                "xyz": [
                    4.052645,
                    4.052645,
                    6.06796051618
                ],
                "label": "O",
                "properties": {}
            }
        ]
    },
    "spacegroup": {
        "source": "spglib",
        "symbol": "Fm-3m",
        "number": 225,
        "point_group": "m-3m",
        "crystal_system": "cubic",
        "hall": "-F 4 2 3"
    },
    "dielectric": {
        "epsilon_ionic": [
            [
                13.77107082,
                -1e-08,
                -0.0
            ],
            [
                -1e-08,
                13.77069876,
                0.0
            ],
            [
                -0.0,
                0.0,
                13.77082125
            ]
        ],
        "epsilon_ionic_avg": 13.77086361,
        "epsilon_ionic_eig": [
            13.771070820000268,
            13.770698759999732,
            13.77082125
        ],
        "epsilon_electronic": [
            [
                6.6775891,
                -0.0,
                0.0
            ],
            [
                0.0,
                6.6775891,
                0.0
            ],
            [
                0.0,
                0.0,
                6.6775891
            ]
        ],
        "epsilon_electronic_avg": 6.6775891,
        "epsilon_electronic_eig": [
            6.6775891,
            6.6775891,
            6.6775891
        ]
    },
    "phonon": {
        "lowest_freq": -0.03323791514621132,