{
    "mp_id": "mp-14437",
    "nelements": 3,
    "nsites": 4,
    "elements": [
        "O",
        "Rb",
        "Y"
    ],
    "structure": {
        "@module": "pymatgen.core.structure",
        "@class": "Structure",
        "charge": null,
        "lattice": {
            "matrix": [
                [
                    1.73098908,
                    0.99938696,
                    6.44694478
                ],
                [
                    -1.73098908,
                    0.99938696,
                    6.44694478
                ],
                [
                    0.0,
                    -1.99877392,
                    6.44694478
                ]
            ],
            "a": 6.749681065596103,
            "b": 6.749681065596103,
            "c": 6.749681042807979,
            "alpha": 29.719627949557353,
            "beta": 29.719627949557353,
            "gamma": 29.719629068811795,
            "volume": 66.91649842720835
        },
        "sites": [
            {
                "species": [
                    {
                        "element": "Rb",
                        "occu": 1
                    }
                ],
                "abc": [
                    0.0,
                    0.0,
                    0.0
                ],
                "xyz": [
                    0.0,
                    0.0,
                    0.0
                ],
                "label": "Rb",
                "properties": {}
            },
            {
                "species": [
                    {
                        "element": "Y",
                        "occu": 1
                    }
                ],
                "abc": [
                    0.5,
                    0.5,
                    0.5
                ],
                "xyz": [
                    0.0,
                    0.0,
                    9.67041717
                ],
                "label": "Y",
                "properties": {}
            },
            {
                "species": [
                    {
                        "element": "O",
                        "occu": 1
                    }
                ],
                "abc": [
                    0.77455289,
                    0.77455289,
                    0.77455289
                ],
                "xyz": [
                    0.0,
                    0.0,
                    14.980499133058245
                ],
                "label": "O",
                "properties": {}
            },
            {
                "species": [
                    {
                        "element": "O",
                        "occu": 1
                    }
                ],
                "abc": [
                    0.22544711,
                    0.22544711,
                    0.22544711
                ],
                "xyz": [
                    0.0,
                    0.0,
                    4.360335206941757
                ],
                "label": "O",
                "properties": {}
            }
        ]
    },
    "spacegroup": {
        "source": "spglib",
        "symbol": "R-3m",
        "number": 166,
        "point_group": "-3m",
        "crystal_system": "trigonal",
        "hall": "-R 3 2\""
    },
    "dielectric": {
        "epsilon_ionic": [
            [
                13.60891318,
                -0.0,
                -0.0
            ],
            [
                -0.0,
                13.60908726,
                -6.1e-07
            ],
            [
                -0.0,
                -6.1e-07,
                7.45062554
            ]
        ],
        "epsilon_ionic_avg": 11.556208660000001,
        "epsilon_ionic_eig": [
            7.4506255399999395,
            13.609087260000061,
            13.60891318
        ],
        "epsilon_electronic": [
            [
                3.8874145,
                0.0,
                0.0
            ],
            [
                0.0,
                3.88741477,
                -0.0
            ],
            [
                0.0,
                0.0,
                3.48866482
            ]
        ],
        "epsilon_electronic_avg": 3.75449803,
        "epsilon_electronic_eig": [
            3.8874145,
            3.88741477,
            3.48866482
        ]
    },
    "phonon": {
        "lowest_freq": -0.02821736078419355,
        "frequency": [
            -0.02821736078419355,
            -0.028217359788139534,
            -0.007941632971100874,
            2.287771384195778,
            2.287771464317462,
            4.56150519077299,
            7.3283773411085615,
            7.328377607907189,
            10.418466206906563,
            10.418466570511137,
            10.586815809431052,
            13.948456381692374
        ]
    },
    "born_effective_charge": {
        "avg_abs_trace": 2.4406491666666668,
        "tensors": [
            [
                [
                    1.07496,
                    -0.0,
                    0.0
                ],
                [
                    0.0,
                    1.07496,
                    0.0
                ],
                [
                    0.0,
                    0.0,
                    1.71827
                ]
            ],
            [
                [
                    4.14488,
                    -0.0,
                    0.0
                ],
                [
                    0.0,
                    4.14492,
                    -0.0
                ],
                [
                    0.0,
                    0.0,
                    2.4859
                ]
            ],
            [
                [
                    -2.60992,
                    -0.00015,
                    -0.00022
                ],
                [
                    0.0,
                    -2.60992,
                    -2e-05
                ],
                [
                    0.0,
                    -0.0,
                    -2.10205
                ]
            ],
            [
                [
                    -2.60992,
                    0.00015,
                    0.00022
                ],
                [
                    0.0,
                    -2.60997,
                    2e-05
                ],
                [
                    0.0,
                    -0.0,
                    -2.10212
                ]
            ]
        ]
    },
    "band_gap": 3.5872,
    "is_direct": false,
    "formula": "RbYO2"
}