{
    "mp_id": "mp-11715",
    "nelements": 4,
    "nsites": 10,
    "elements": [
        "B",
        "Mg",
        "O",
        "Sn"
    ],
    "structure": {
        "@module": "pymatgen.core.structure",
        "@class": "Structure",
        "charge": null,
        "lattice": {
            "matrix": [
                [
                    2.36467307,
                    1.36524495,
                    4.96677256
                ],
                [
                    -2.36467306,
                    1.36524497,
                    4.96677256
                ],
                [
                    -1e-08,
                    -2.73048891,
                    4.96677256
                ]
            ],
            "a": 5.667839285323171,
            "b": 5.667839285968597,
            "c": 5.667839037093586,
            "alpha": 49.316999866520064,
            "beta": 49.3169998437037,
            "gamma": 49.31699891232092,
            "volume": 96.20709536940856
        },
        "sites": [
            {
                "species": [
                    {
                        "element": "Mg",
                        "occu": 1
                    }
                ],
                "abc": [
                    0.0,
                    0.0,
                    0.0
                ],
                "xyz": [
                    0.0,
                    0.0,
                    0.0
                ],
                "label": "Mg",
                "properties": {}
            },
            {
                "species": [
                    {
                        "element": "Sn",
                        "occu": 1
                    }
                ],
                "abc": [
                    0.5,
                    0.5,
                    0.5
                ],
                "xyz": [
                    -3.038735495922355e-17,
                    5.050000000395016e-07,
                    7.45015884
                ],
                "label": "Sn",
                "properties": {}
            },
            {
                "species": [
                    {
                        "element": "B",
                        "occu": 1
                    }
                ],
                "abc": [
                    0.75209838,
                    0.75209838,
                    0.75209838
                ],
                "xyz": [
                    -1.863264067532322e-16,
                    7.596193638548243e-07,
                    11.206504788613358
                ],
                "label": "B",
                "properties": {}
            },
            {
                "species": [
                    {
                        "element": "B",
                        "occu": 1
                    }
                ],
                "abc": [
                    0.24790162,
                    0.24790162,
                    0.24790162
                ],
                "xyz": [
                    1.4529394785859735e-17,
                    2.5038063622417894e-07,
                    3.6938128913866413
                ],
                "label": "B",
                "properties": {}
            },
            {
                "species": [
                    {
                        "element": "O",
                        "occu": 1
                    }
                ],
                "abc": [
                    0.75100307,
                    0.45915334,
                    0.04386246
                ],
                "xyz": [
                    0.6901292011706798,
                    1.5323939760503777,
                    6.228426513238206
                ],
                "label": "O",
                "properties": {}
            },
            {
                "species": [
                    {
                        "element": "O",
                        "occu": 1
                    }
                ],
                "abc": [
                    0.04386246,
                    0.75100307,
                    0.45915334
                ],
                "xyz": [
                    -1.6721563542518754,
                    -0.1685269370778244,
                    6.228426513238207
                ],
                "label": "O",
                "properties": {}
            },
            {
                "species": [
                    {
                        "element": "O",
                        "occu": 1
                    }
                ],
                "abc": [
                    0.54084666,
                    0.95613754,
                    0.24899693
                ],
                "xyz": [
                    -0.9820271530811955,
                    1.3638667824134942,
                    8.671891166761792
                ],
                "label": "O",
                "properties": {}
            },
            {
                "species": [
                    {
                        "element": "O",
                        "occu": 1
                    }
                ],
                "abc": [
                    0.24899693,
                    0.54084666,
                    0.95613754
                ],
                "xyz": [
                    -0.6901292011706798,
                    -1.532392966050378,
                    8.671891166761792
                ],
                "label": "O",
                "properties": {}
            },
            {
                "species": [
                    {
                        "element": "O",
                        "occu": 1
                    }
                ],
                "abc": [
                    0.95613754,
                    0.24899693,
                    0.54084666
                ],
                "xyz": [
                    1.6721563542518751,
                    0.16852794707782404,
                    8.671891166761792
                ],
                "label": "O",
                "properties": {}
            },
            {
                "species": [
                    {
                        "element": "O",
                        "occu": 1
                    }
                ],
                "abc": [
                    0.45915334,
                    0.04386246,
                    0.75100307
                ],
                "xyz": [
                    0.9820271530811954,
                    -1.3638657724134944,
                    6.228426513238207
                ],
                "label": "O",
                "properties": {}
            }
        ]
    },
    "spacegroup": {
        "source": "spglib",
        "symbol": "R-3",
        "number": 148,
        "point_group": "-3",
        "crystal_system": "trigonal",
        "hall": "-R 3"
    },
    "dielectric": {
        "epsilon_ionic": [
            [
                5.34027425,
                4.3e-07,
                -1.93e-06
            ],
            [
                4.3e-07,
                5.34026935,
                -1.25e-06
            ],
            [
                -1.93e-06,
                -1.25e-06,
                4.74995245
            ]
        ],
        "epsilon_ionic_avg": 5.143498683333335,
        "epsilon_ionic_eig": [
            4.749952449991044,
            5.340274287455484,
            5.340269312553476
        ],
        "epsilon_electronic": [
            [
                3.51720523,
                2.28e-06,
                -0.0
            ],
            [
                -2.28e-06,
                3.51720561,
                2e-07
            ],
            [
                0.0,
                2e-07,
                2.99969446
            ]
        ],
        "epsilon_electronic_avg": 3.3447017666666663,
        "epsilon_electronic_eig": [
            3.517205420000038,
            3.517205420000038,
            2.999694459999923
        ]
    },
    "phonon": {
        "lowest_freq": -0.01210652058908245,