{
    "mp_id": "mp-1960",
    "nelements": 2,
    "nsites": 3,
    "elements": [
        "Li",
        "O"
    ],
    "structure": {
        "@module": "pymatgen.core.structure",
        "@class": "Structure",
        "charge": null,
        "lattice": {
            "matrix": [
                [
                    0.0,
                    2.29795415,
                    2.29795415
                ],
                [
                    2.29795415,
                    0.0,
                    2.29795415
                ],
                [
                    2.29795415,
                    2.29795415,
                    0.0
                ]
            ],
            "a": 3.249797924641537,
            "b": 3.249797924641537,
            "c": 3.249797924641537,
            "alpha": 59.99999999999999,
            "beta": 59.99999999999999,
            "gamma": 59.99999999999999,
            "volume": 24.269122463804845
        },
        "sites": [
            {
                "species": [
                    {
                        "element": "Li",
                        "occu": 1
                    }
                ],
                "abc": [
                    0.75,
                    0.75,
                    0.75
                ],
                "xyz": [
                    3.4469312249999997,
                    3.4469312249999997,
                    3.4469312249999997
                ],
                "label": "Li",
                "properties": {}
            },
            {
                "species": [
                    {
                        "element": "Li",
                        "occu": 1
                    }
                ],
                "abc": [
                    0.25,
                    0.25,
                    0.25
                ],
                "xyz": [
                    1.148977075,
                    1.148977075,
                    1.148977075
                ],
                "label": "Li",
                "properties": {}
            },
            {
                "species": [
                    {
                        "element": "O",
                        "occu": 1
                    }
                ],
                "abc": [
                    0.0,
                    0.0,
                    0.0
                ],
                "xyz": [
                    0.0,
                    0.0,
                    0.0
                ],
                "label": "O",
                "properties": {}
            }
        ]
    },
    "spacegroup": {
        "source": "spglib",
        "symbol": "Fm-3m",
        "number": 225,
        "point_group": "m-3m",
        "crystal_system": "cubic",
        "hall": "-F 4 2 3"
    },
    "dielectric": {
        "epsilon_ionic": [
            [
                4.48959501,
                0.0,
                -0.0
            ],
            [
                0.0,
                4.48898172,
                0.0
            ],
            [
                -0.0,
                0.0,
                4.48746359
            ]
        ],
        "epsilon_ionic_avg": 4.488680106666667,
        "epsilon_ionic_eig": [
            4.48959501,
            4.48898172,
            4.48746359
        ],
        "epsilon_electronic": [
            [
                2.89125286,
                -0.0,
                -0.0
            ],
            [
                -0.0,
                2.89125286,
                -0.0
            ],
            [
                0.0,
                0.0,
                2.89125286
            ]
        ],
        "epsilon_electronic_avg": 2.89125286,
        "epsilon_electronic_eig": [
            2.89125286,
            2.89125286,
            2.89125286
        ]
    },
    "phonon": {
        "lowest_freq": -0.07810015348617523,
        "frequency": [
            -0.07810015348617523,
            -0.07810015348617523,
            -0.07810015348617523,
            13.231177611330512,
            13.231177611330512,
            13.231177611330512,
            15.951956845710992,
            15.951956845710992,
            15.951956845710992
        ]
    },
    "born_effective_charge": {
        "avg_abs_trace": 1.1938944444444444,
        "tensors": [
            [
                [
                    0.89551,
                    0.0,
                    0.0
                ],
                [
                    0.0,
                    0.89545,
                    0.0
                ],
                [
                    -0.0,
                    0.0,
                    0.8953
                ]
            ],
            [
                [
                    0.89551,
                    -0.0,
                    -0.0
                ],
                [
                    -0.0,
                    0.89545,
                    -0.0
                ],
                [
                    0.0,
                    0.0,
                    0.8953
                ]
            ],
            [
                [
                    -1.79103,
                    -0.0,
                    -0.0
                ],
                [
                    0.0,
                    -1.7909,
                    -0.0
                ],
                [
                    -0.0,
                    -0.0,
                    -1.7906
                ]
            ]
        ]
    },
    "band_gap": 4.8773,
    "is_direct": false,
    "formula": "Li2O"
}