{
    "mp_id": "mp-1095378",
    "nelements": 3,
    "nsites": 12,
    "elements": [
        "As",
        "Au",
        "O"
    ],
    "structure": {
        "@module": "pymatgen.core.structure",
        "@class": "Structure",
        "charge": null,
        "lattice": {
            "matrix": [
                [
                    4.01677837,
                    -3.06356575,
                    -0.00630098
                ],
                [
                    4.01677837,
                    3.06356575,
                    -0.00630098
                ],
                [
                    -0.90338948,
                    0.0,
                    7.59202158
                ]
            ],
            "a": 5.051730721309468,
            "b": 5.051730721309468,
            "c": 7.645580698924077,
            "alpha": 95.462240122894,
            "beta": 95.462240122894,
            "gamma": 74.66490278452888,
            "volume": 186.81486590411566
        },
        "sites": [
            {
                "species": [
                    {
                        "element": "As",
                        "occu": 1
                    }
                ],
                "abc": [
                    0.06227115,
                    0.93772885,
                    0.75
                ],
                "xyz": [
                    3.33923626,
                    2.682022225293775,
                    5.687715205
                ],
                "label": "As",
                "properties": {}
            },
            {
                "species": [
                    {
                        "element": "As",
                        "occu": 1
                    }
                ],
                "abc": [
                    0.93772885,
                    0.06227115,
                    0.25
                ],
                "xyz": [
                    3.790931,
                    -2.682022225293775,
                    1.891704415
                ],
                "label": "As",
                "properties": {}
            },
            {
                "species": [
                    {
                        "element": "Au",
                        "occu": 1
                    }
                ],
                "abc": [
                    0.5,
                    0.0,
                    0.5
                ],
                "xyz": [
                    1.556694445,
                    -1.531782875,
                    3.7928603
                ],
                "label": "Au",
                "properties": {}
            },
            {
                "species": [
                    {
                        "element": "Au",
                        "occu": 1
                    }
                ],
                "abc": [
                    0.0,
                    0.5,
                    0.0
                ],
                "xyz": [
                    2.008389185,
                    1.531782875,
                    -0.00315049
                ],
                "label": "Au",
                "properties": {}
            },
            {
                "species": [
                    {
                        "element": "O",
                        "occu": 1
                    }
                ],
                "abc": [
                    0.20273595,
                    0.75619652,
                    0.93221481
                ],
                "xyz": [
                    3.0096661513324747,
                    1.6955628462274777,
                    7.071352740400778
                ],
                "label": "O",
                "properties": {}
            },
            {
                "species": [
                    {
                        "element": "O",
                        "occu": 1
                    }
                ],
                "abc": [
                    0.24380348,
                    0.79726405,
                    0.56778519
                ],
                "xyz": [
                    3.668806368667525,
                    1.6955628462274777,
                    4.304077669599221
                ],
                "label": "O",
                "properties": {}
            },
            {
                "species": [
                    {
                        "element": "O",
                        "occu": 1
                    }
                ],
                "abc": [
                    0.79726405,
                    0.24380348,
                    0.06778519
                ],
                "xyz": [
                    4.120501108667525,
                    -1.6955628462274777,
                    0.5080668795992208
                ],
                "label": "O",
                "properties": {}
            },
            {
                "species": [
                    {
                        "element": "O",
                        "occu": 1
                    }
                ],
                "abc": [
                    0.75619652,
                    0.20273595,
                    0.43221481
                ],
                "xyz": [
                    3.461360891332475,
                    -1.6955628462274777,
                    3.2753419504007795
                ],
                "label": "O",
                "properties": {}
            },
            {
                "species": [
                    {
                        "element": "O",
                        "occu": 1
                    }
                ],
                "abc": [
                    0.10797473,
                    0.26571497,
                    0.78342263
                ],
                "xyz": [
                    0.7932929417158567,
                    0.48324759666078,
                    5.94540690189445
                ],
                "label": "O",
                "properties": {}
            },
            {
                "species": [
                    {
                        "element": "O",
                        "occu": 1
                    }
                ],
                "abc": [
                    0.73428503,
                    0.89202527,
                    0.71657737
                ],
                "xyz": [
                    5.885179578284143,
                    0.4832475966607799,
                    5.430023508105551
                ],
                "label": "O",
                "properties": {}
            },
            {
                "species": [
                    {
                        "element": "O",
                        "occu": 1
                    }
                ],
                "abc": [
                    0.89202527,
                    0.73428503,
                    0.21657737
                ],
                "xyz": [
                    6.336874318284143,
                    -0.4832475966607799,
                    1.6340127181055506
                ],
                "label": "O",
                "properties": {}
            },
            {
                "species": [
                    {
                        "element": "O",
                        "occu": 1
                    }
                ],
                "abc": [
                    0.26571497,
                    0.10797473,
                    0.28342263
                ],
                "xyz": [
                    1.2449876817158567,
                    -0.48324759666078,
                    2.1493961118944496
                ],
                "label": "O",
                "properties": {}
            }
        ]
    },
    "spacegroup": {
        "source": "spglib",
        "symbol": "C2/c",
        "number": 15,
        "point_group": "2/m",
        "crystal_system": "monoclinic",
        "hall": "-C 2yc"
    },