{
    "mp_id": "mp-1211701",
    "nelements": 5,
    "nsites": 14,
    "elements": [
        "K",
        "O",
        "Rb",
        "V",
        "Y"
    ],
    "structure": {
        "@module": "pymatgen.core.structure",
        "@class": "Structure",
        "charge": null,
        "lattice": {
            "matrix": [
                [
                    5.94285377,
                    0.0,
                    0.0
                ],
                [
                    -2.97142689,
                    5.14666212,
                    0.0
                ],
                [
                    0.0,
                    0.0,
                    7.64905073
                ]
            ],
            "a": 5.94285377,
            "b": 5.942853585615076,
            "c": 7.64905073,
            "alpha": 90.0,
            "beta": 90.0,
            "gamma": 120.00000108200571,
            "volume": 233.95279768841465
        },
        "sites": [
            {
                "species": [
                    {
                        "element": "K",
                        "occu": 1
                    }
                ],
                "abc": [
                    0.333333,
                    0.666667,
                    0.68827121
                ],
                "xyz": [
                    -2.9747602201535273e-06,
                    3.43110979555404,
                    5.264621401288483
                ],
                "label": "K",
                "properties": {}
            },
            {
                "species": [
                    {
                        "element": "K",
                        "occu": 1
                    }
                ],
                "abc": [
                    0.666667,
                    0.333333,
                    0.31172879
                ],
                "xyz": [
                    2.9714298547602205,
                    1.71555232444596,
                    2.3844293287115166
                ],
                "label": "K",
                "properties": {}
            },
            {
                "species": [
                    {
                        "element": "Rb",
                        "occu": 1
                    }
                ],
                "abc": [
                    0.0,
                    0.0,
                    0.0
                ],
                "xyz": [
                    0.0,
                    0.0,
                    0.0
                ],
                "label": "Rb",
                "properties": {}
            },
            {
                "species": [
                    {
                        "element": "Y",
                        "occu": 1
                    }
                ],
                "abc": [
                    0.0,
                    0.0,
                    0.5
                ],
                "xyz": [
                    0.0,
                    0.0,
                    3.824525365
                ],
                "label": "Y",
                "properties": {}
            },
            {
                "species": [
                    {
                        "element": "V",
                        "occu": 1
                    }
                ],
                "abc": [
                    0.333333,
                    0.666667,
                    0.24619295
                ],
                "xyz": [
                    -2.9747602201535273e-06,
                    3.43110979555404,
                    1.8831423639183533
                ],
                "label": "V",
                "properties": {}
            },
            {
                "species": [
                    {
                        "element": "V",
                        "occu": 1
                    }
                ],
                "abc": [
                    0.666667,
                    0.333333,
                    0.75380705
                ],
                "xyz": [
                    2.9714298547602205,
                    1.71555232444596,
                    5.765908366081646
                ],
                "label": "V",
                "properties": {}
            },
            {
                "species": [
                    {
                        "element": "O",
                        "occu": 1
                    }
                ],
                "abc": [
                    0.333333,
                    0.666667,
                    0.0285928
                ],
                "xyz": [
                    -2.9747602201535273e-06,
                    3.43110979555404,
                    0.21870777771274402
                ],
                "label": "O",
                "properties": {}
            },
            {
                "species": [
                    {
                        "element": "O",
                        "occu": 1
                    }
                ],
                "abc": [
                    0.666667,
                    0.333333,
                    0.9714072
                ],
                "xyz": [
                    2.9714298547602205,
                    1.71555232444596,
                    7.430342952287256
                ],
                "label": "O",
                "properties": {}
            },
            {
                "species": [
                    {
                        "element": "O",
                        "occu": 1
                    }
                ],
                "abc": [
                    0.17417077,
                    0.82582923,
                    0.32638067
                ],
                "xyz": [
                    -1.4188197634516917,
                    4.250264015629767,
                    2.496502302121389
                ],
                "label": "O",
                "properties": {}
            },
            {
                "species": [
                    {
                        "element": "O",
                        "occu": 1
                    }
                ],
                "abc": [
                    0.82582923,
                    0.17417077,
                    0.67361933
                ],
                "xyz": [
                    4.390246643451692,
                    0.8963981043702325,
                    5.15254842787861
                ],
                "label": "O",
                "properties": {}
            },
            {
                "species": [
                    {
                        "element": "O",
                        "occu": 1
                    }
                ],
                "abc": [
                    0.17417077,
                    0.34834155,
                    0.32638067
                ],
                "xyz": [
                    -3.1455976712280176e-08,
                    1.7927962602070862,
                    2.496502302121389
                ],
                "label": "O",
                "properties": {}
            },
            {
                "species": [
                    {
                        "element": "O",
                        "occu": 1
                    }
                ],
                "abc": [
                    0.82582923,
                    0.65165845,
                    0.67361933
                ],
                "xyz": [
                    2.9714269114559766,
                    3.353865859792914,
                    5.15254842787861
                ],
                "label": "O",
                "properties": {}
            },
            {
                "species": [
                    {
                        "element": "O",
                        "occu": 1
                    }
                ],
                "abc": [
                    0.65165845,
                    0.82582923,
                    0.32638067
                ],