{
    "mp_id": "mp-10547",
    "nelements": 3,
    "nsites": 12,
    "elements": [
        "Au",
        "O",
        "Rb"
    ],
    "structure": {
        "@module": "pymatgen.core.structure",
        "@class": "Structure",
        "charge": null,
        "lattice": {
            "matrix": [
                [
                    -4.93150917,
                    4.93150917,
                    2.90017335
                ],
                [
                    4.93150917,
                    -4.93150917,
                    2.90017335
                ],
                [
                    4.93150917,
                    4.93150917,
                    -2.90017335
                ]
            ],
            "a": 7.553182828956174,
            "b": 7.553182828956174,
            "c": 7.553182828956174,
            "alpha": 98.47806095345226,
            "beta": 98.47806095345226,
            "gamma": 134.8407428049212,
            "volume": 282.1263425853313
        },
        "sites": [
            {
                "species": [
                    {
                        "element": "Rb",
                        "occu": 1
                    }
                ],
                "abc": [
                    0.5,
                    0.80598838,
                    0.30598838
                ],
                "xyz": [
                    3.017969003766889,
                    2.220446049250313e-16,
                    2.90017335
                ],
                "label": "Rb",
                "properties": {}
            },
            {
                "species": [
                    {
                        "element": "Rb",
                        "occu": 1
                    }
                ],
                "abc": [
                    0.19401162,
                    0.5,
                    0.69401162
                ],
                "xyz": [
                    4.93150917,
                    1.913540166233111,
                    -4.440892098500626e-16
                ],
                "label": "Rb",
                "properties": {}
            },
            {
                "species": [
                    {
                        "element": "Rb",
                        "occu": 1
                    }
                ],
                "abc": [
                    0.5,
                    0.19401162,
                    0.69401162
                ],
                "xyz": [
                    1.913540166233111,
                    4.93150917,
                    -4.440892098500626e-16
                ],
                "label": "Rb",
                "properties": {}
            },
            {
                "species": [
                    {
                        "element": "Rb",
                        "occu": 1
                    }
                ],
                "abc": [
                    0.80598838,
                    0.5,
                    0.30598838
                ],
                "xyz": [
                    2.220446049250313e-16,
                    3.017969003766889,
                    2.90017335
                ],
                "label": "Rb",
                "properties": {}
            },
            {
                "species": [
                    {
                        "element": "Au",
                        "occu": 1
                    }
                ],
                "abc": [
                    0.14880906,
                    0.14880906,
                    0.29761712
                ],
                "xyz": [
                    1.4677015564289904,
                    1.4677015564289904,
                    2.9001733500289006e-06
                ],
                "label": "Au",
                "properties": {}
            },
            {
                "species": [
                    {
                        "element": "Au",
                        "occu": 1
                    }
                ],
                "abc": [
                    0.85119094,
                    0.85119094,
                    0.70238288
                ],
                "xyz": [
                    3.4638076135710096,
                    3.4638076135710096,
                    2.90017044982665
                ],
                "label": "Au",
                "properties": {}
            },
            {
                "species": [
                    {
                        "element": "Au",
                        "occu": 1
                    }
                ],
                "abc": [
                    0.85119094,
                    0.14880906,
                    0.0
                ],
                "xyz": [
                    -3.4638026820618393,
                    3.4638026820618393,
                    2.90017335
                ],
                "label": "Au",
                "properties": {}
            },
            {
                "species": [
                    {
                        "element": "Au",
                        "occu": 1
                    }
                ],
                "abc": [
                    0.14880906,
                    0.85119094,
                    0.0
                ],
                "xyz": [
                    3.4638026820618393,
                    -3.4638026820618393,
                    2.90017335
                ],
                "label": "Au",
                "properties": {}
            },
            {
                "species": [
                    {
                        "element": "O",
                        "occu": 1
                    }
                ],
                "abc": [
                    0.0,
                    0.28911495,
                    0.28911495
                ],
                "xyz": [
                    2.8515460542181827,
                    0.0,
                    0.0
                ],
                "label": "O",
                "properties": {}
            },
            {
                "species": [
                    {
                        "element": "O",
                        "occu": 1
                    }
                ],
                "abc": [
                    0.71088505,
                    0.0,
                    0.71088505
                ],
                "xyz": [
                    0.0,
                    7.011472285781817,
                    0.0
                ],
                "label": "O",
                "properties": {}
            },
            {
                "species": [
                    {
                        "element": "O",
                        "occu": 1
                    }
                ],
                "abc": [
                    0.28911495,
                    0.0,
                    0.28911495
                ],
                "xyz": [
                    0.0,
                    2.8515460542181827,
                    0.0
                ],
                "label": "O",
                "properties": {}
            },
            {
                "species": [
                    {
                        "element": "O",
                        "occu": 1
                    }
                ],
                "abc": [
                    0.0,
                    0.71088505,
                    0.71088505
                ],
                "xyz": [
                    7.011472285781817,
                    0.0,
                    0.0
                ],
                "label": "O",
                "properties": {}
            }
        ]
    },
    "spacegroup": {
        "source": "spglib",
        "symbol": "I4/mmm",
        "number": 139,
        "point_group": "4/mmm",
        "crystal_system": "tetragonal",
        "hall": "-I 4 2"
    },