{
    "mp_id": "mp-1227081",
    "nelements": 4,
    "nsites": 12,
    "elements": [
        "Ca",
        "O",
        "Th",
        "V"
    ],
    "structure": {
        "@module": "pymatgen.core.structure",
        "@class": "Structure",
        "charge": null,
        "lattice": {
            "matrix": [
                [
                    -3.70391262,
                    3.70391262,
                    3.24279393
                ],
                [
                    3.70391262,
                    -3.70391262,
                    3.24279393
                ],
                [
                    3.70391262,
                    3.70391262,
                    -3.24279393
                ]
            ],
            "a": 6.160653363535022,
            "b": 6.160653363535022,
            "c": 6.160653363535022,
            "alpha": 106.0852452750085,
            "beta": 106.0852452750085,
            "gamma": 116.4787296246424,
            "volume": 177.95115366071653
        },
        "sites": [
            {
                "species": [
                    {
                        "element": "Ca",
                        "occu": 1
                    }
                ],
                "abc": [
                    0.0,
                    0.0,
                    0.0
                ],
                "xyz": [
                    0.0,
                    0.0,
                    0.0
                ],
                "label": "Ca",
                "properties": {}
            },
            {
                "species": [
                    {
                        "element": "Th",
                        "occu": 1
                    }
                ],
                "abc": [
                    0.75,
                    0.25,
                    0.5
                ],
                "xyz": [
                    2.220446049250313e-16,
                    3.7039126199999997,
                    1.621396965
                ],
                "label": "Th",
                "properties": {}
            },
            {
                "species": [
                    {
                        "element": "V",
                        "occu": 1
                    }
                ],
                "abc": [
                    0.25,
                    0.75,
                    0.5
                ],
                "xyz": [
                    3.7039126199999997,
                    2.220446049250313e-16,
                    1.621396965
                ],
                "label": "V",
                "properties": {}
            },
            {
                "species": [
                    {
                        "element": "V",
                        "occu": 1
                    }
                ],
                "abc": [
                    0.5,
                    0.5,
                    0.0
                ],
                "xyz": [
                    0.0,
                    0.0,
                    3.24279393
                ],
                "label": "V",
                "properties": {}
            },
            {
                "species": [
                    {
                        "element": "O",
                        "occu": 1
                    }
                ],
                "abc": [
                    0.59974515,
                    0.91918707,
                    0.68055808
                ],
                "xyz": [
                    3.70391262,
                    1.3375427023099387,
                    2.7186745722609698
                ],
                "label": "O",
                "properties": {}
            },
            {
                "species": [
                    {
                        "element": "O",
                        "occu": 1
                    }
                ],
                "abc": [
                    0.66891642,
                    0.48974489,
                    0.82082847
                ],
                "xyz": [
                    2.376641237776583,
                    3.70391262,
                    1.095522282906661
                ],
                "label": "O",
                "properties": {}
            },
            {
                "species": [
                    {
                        "element": "O",
                        "occu": 1
                    }
                ],
                "abc": [
                    0.66891642,
                    0.84808795,
                    0.17917153
                ],
                "xyz": [
                    1.3272713822234175,
                    -3.3306690738754696e-16,
                    4.33831621290666
                ],
                "label": "O",
                "properties": {}
            },
            {
                "species": [
                    {
                        "element": "O",
                        "occu": 1
                    }
                ],
                "abc": [
                    0.23862899,
                    0.91918707,
                    0.31944192
                ],
                "xyz": [
                    3.7039126199999997,
                    -1.3375427023099389,
                    2.71867457226097
                ],
                "label": "O",
                "properties": {}
            },
            {
                "species": [
                    {
                        "element": "O",
                        "occu": 1
                    }
                ],
                "abc": [
                    0.15191205,
                    0.33108358,
                    0.82082847
                ],
                "xyz": [
                    3.70391262,
                    2.376641237776583,
                    -1.095522282906661
                ],
                "label": "O",
                "properties": {}
            },
            {
                "species": [
                    {
                        "element": "O",
                        "occu": 1
                    }
                ],
                "abc": [
                    0.08081293,
                    0.76137101,
                    0.68055808
                ],
                "xyz": [
                    5.041455322309939,
                    0.0,
                    0.5241193577390297
                ],
                "label": "O",
                "properties": {}
            },
            {
                "species": [
                    {
                        "element": "O",
                        "occu": 1
                    }
                ],
                "abc": [
                    0.08081293,
                    0.40025485,
                    0.31944192
                ],
                "xyz": [
                    2.3663699176900606,
                    2.220446049250313e-16,
                    0.5241193577390297
                ],
                "label": "O",
                "properties": {}
            },
            {
                "species": [
                    {
                        "element": "O",
                        "occu": 1
                    }
                ],
                "abc": [
                    0.51025511,
                    0.33108358,
                    0.17917153
                ],
                "xyz": [
                    -1.1102230246251565e-16,
                    1.3272713822234175,
                    2.147271647093339
                ],
                "label": "O",
                "properties": {}
            }
        ]
    },
    "spacegroup": {
        "source": "spglib",
        "symbol": "I-4m2",
        "number": 119,
        "point_group": "-42m",
        "crystal_system": "tetragonal",
        "hall": "I -4 -2"
    },