{
    "mp_id": "mp-14116",
    "nelements": 3,
    "nsites": 4,
    "elements": [
        "Cu",
        "O",
        "Rh"
    ],
    "structure": {
        "@module": "pymatgen.core.structure",
        "@class": "Structure",
        "charge": null,
        "lattice": {
            "matrix": [
                [
                    1.5255157,
                    0.88075672,
                    5.65663035
                ],
                [
                    -1.5255157,
                    0.88075672,
                    5.65663035
                ],
                [
                    0.0,
                    -1.76151444,
                    5.65663035
                ]
            ],
            "a": 5.924558841577386,
            "b": 5.924558841577386,
            "c": 5.924559058602559,
            "alpha": 29.842383506864444,
            "beta": 29.842383506864444,
            "gamma": 29.842380080348697,
            "volume": 45.60178693825182
        },
        "sites": [
            {
                "species": [
                    {
                        "element": "Cu",
                        "occu": 1
                    }
                ],
                "abc": [
                    0.0,
                    0.0,
                    0.0
                ],
                "xyz": [
                    0.0,
                    0.0,
                    0.0
                ],
                "label": "Cu",
                "properties": {}
            },
            {
                "species": [
                    {
                        "element": "Rh",
                        "occu": 1
                    }
                ],
                "abc": [
                    0.5,
                    0.5,
                    0.5
                ],
                "xyz": [
                    0.0,
                    -4.999999999588667e-07,
                    8.484945525
                ],
                "label": "Rh",
                "properties": {}
            },
            {
                "species": [
                    {
                        "element": "O",
                        "occu": 1
                    }
                ],
                "abc": [
                    0.89291148,
                    0.89291148,
                    0.89291148
                ],
                "xyz": [
                    0.0,
                    -8.929114798661431e-07,
                    15.152610532894254
                ],
                "label": "O",
                "properties": {}
            },
            {
                "species": [
                    {
                        "element": "O",
                        "occu": 1
                    }
                ],
                "abc": [
                    0.10708852,
                    0.10708852,
                    0.10708852
                ],
                "xyz": [
                    0.0,
                    -1.0708851999607916e-07,
                    1.817280517105746
                ],
                "label": "O",
                "properties": {}
            }
        ]
    },
    "spacegroup": {
        "source": "spglib",
        "symbol": "R-3m",
        "number": 166,
        "point_group": "-3m",
        "crystal_system": "trigonal",
        "hall": "-R 3 2\""
    },
    "dielectric": {
        "epsilon_ionic": [
            [
                1.75794522,
                4e-08,
                1e-08
            ],
            [
                4e-08,
                1.75799598,
                -2e-08
            ],
            [
                1e-08,
                -2e-08,
                0.59115947
            ]
        ],
        "epsilon_ionic_avg": 1.3690335566666658,
        "epsilon_ionic_eig": [
            1.7579452199684786,
            1.75799598003152,
            0.5911594699999996
        ],
        "epsilon_electronic": [
            [
                8.75287649,
                0.0,
                0.0
            ],
            [
                0.0,
                8.75287503,
                0.0
            ],
            [
                0.0,
                -0.0,
                7.32804374
            ]
        ],
        "epsilon_electronic_avg": 8.277931753333334,
        "epsilon_electronic_eig": [
            8.75287649,
            8.75287503,
            7.32804374
        ]
    },
    "phonon": {
        "lowest_freq": -0.014471829956813244,
        "frequency": [
            -0.014471829956813244,
            -0.014471828749321852,
            -0.009104183745500049,
            3.916129310452456,
            3.9161296349771413,
            9.808952608446264,
            15.095959896012197,
            15.095961150719384,
            17.51391782966533,
            17.513919294900752,
            19.80104255853596,
            21.07438605903813
        ]
    },
    "born_effective_charge": {
        "avg_abs_trace": 1.696505,
        "tensors": [
            [
                [
                    0.40523,
                    -0.0,
                    0.0
                ],
                [
                    0.0,
                    0.40524,
                    -0.0
                ],
                [
                    0.0,
                    -0.0,
                    1.50567
                ]
            ],
            [
                [
                    3.36177,
                    -0.0,
                    0.0
                ],
                [
                    0.0,
                    3.36182,
                    0.0
                ],
                [
                    -0.0,
                    -0.0,
                    1.1393
                ]
            ],
            [
                [
                    -1.8835,
                    -0.00025,
                    0.00048
                ],
                [
                    0.0,
                    -1.88359,
                    0.00022
                ],
                [
                    0.0,
                    -0.0,
                    -1.32245
                ]
            ],
            [
                [
                    -1.8835,
                    0.00025,
                    -0.00048
                ],
                [
                    0.0,
                    -1.88347,
                    -0.00022
                ],
                [
                    0.0,
                    0.0,
                    -1.32252
                ]
            ]
        ]
    },
    "band_gap": 1.3824999999999994,
    "is_direct": false,
    "formula": "CuRhO2"
}