{
    "mp_id": "mp-1095520",
    "nelements": 3,
    "nsites": 12,
    "elements": [
        "K",
        "O",
        "Pd"
    ],
    "structure": {
        "@module": "pymatgen.core.structure",
        "@class": "Structure",
        "charge": null,
        "lattice": {
            "matrix": [
                [
                    3.02138134,
                    1.74439592,
                    6.16135461
                ],
                [
                    -3.02138134,
                    1.74439592,
                    6.16135461
                ],
                [
                    0.0,
                    -3.48879084,
                    6.16135461
                ]
            ],
            "a": 7.080533380867652,
            "b": 7.080533380867652,
            "c": 7.080533324223265,
            "alpha": 50.51874405443227,
            "beta": 50.51874405443227,
            "gamma": 50.51873787097823,
            "volume": 194.83993551314006
        },
        "sites": [
            {
                "species": [
                    {
                        "element": "K",
                        "occu": 1
                    }
                ],
                "abc": [
                    0.82972077,
                    0.82972077,
                    0.82972077
                ],
                "xyz": [
                    0.0,
                    8.297207703122922e-07,
                    15.33661167375675
                ],
                "label": "K",
                "properties": {}
            },
            {
                "species": [
                    {
                        "element": "K",
                        "occu": 1
                    }
                ],
                "abc": [
                    0.17027923,
                    0.17027923,
                    0.17027923
                ],
                "xyz": [
                    0.0,
                    1.7027923004953038e-07,
                    3.1474521562432507
                ],
                "label": "K",
                "properties": {}
            },
            {
                "species": [
                    {
                        "element": "Pd",
                        "occu": 1
                    }
                ],
                "abc": [
                    0.5,
                    0.0,
                    0.5
                ],
                "xyz": [
                    1.51069067,
                    -0.87219746,
                    6.16135461
                ],
                "label": "Pd",
                "properties": {}
            },
            {
                "species": [
                    {
                        "element": "Pd",
                        "occu": 1
                    }
                ],
                "abc": [
                    0.0,
                    0.5,
                    0.5
                ],
                "xyz": [
                    -1.51069067,
                    -0.87219746,
                    6.16135461
                ],
                "label": "Pd",
                "properties": {}
            },
            {
                "species": [
                    {
                        "element": "Pd",
                        "occu": 1
                    }
                ],
                "abc": [
                    0.5,
                    0.5,
                    0.0
                ],
                "xyz": [
                    0.0,
                    1.74439592,
                    6.16135461
                ],
                "label": "Pd",
                "properties": {}
            },
            {
                "species": [
                    {
                        "element": "Pd",
                        "occu": 1
                    }
                ],
                "abc": [
                    0.0,
                    0.0,
                    0.0
                ],
                "xyz": [
                    0.0,
                    0.0,
                    0.0
                ],
                "label": "Pd",
                "properties": {}
            },
            {
                "species": [
                    {
                        "element": "O",
                        "occu": 1
                    }
                ],
                "abc": [
                    0.3863648,
                    0.88781358,
                    0.88781358
                ],
                "xyz": [
                    -1.515067986857765,
                    -0.8747243181073974,
                    13.320799129528936
                ],
                "label": "O",
                "properties": {}
            },
            {
                "species": [
                    {
                        "element": "O",
                        "occu": 1
                    }
                ],
                "abc": [
                    0.88781358,
                    0.88781358,
                    0.3863648
                ],
                "xyz": [
                    0.0,
                    1.7494507982067553,
                    13.320799129528936
                ],
                "label": "O",
                "properties": {}
            },
            {
                "species": [
                    {
                        "element": "O",
                        "occu": 1
                    }
                ],
                "abc": [
                    0.88781358,
                    0.3863648,
                    0.88781358
                ],
                "xyz": [
                    1.515067986857765,
                    -0.8747243181073974,
                    13.320799129528936
                ],
                "label": "O",
                "properties": {}
            },
            {
                "species": [
                    {
                        "element": "O",
                        "occu": 1
                    }
                ],
                "abc": [
                    0.6136352,
                    0.11218642,
                    0.11218642
                ],
                "xyz": [
                    1.5150679868577654,
                    0.8747253181073977,
                    5.163264700471065
                ],
                "label": "O",
                "properties": {}
            },
            {
                "species": [
                    {
                        "element": "O",
                        "occu": 1
                    }
                ],
                "abc": [
                    0.11218642,
                    0.11218642,
                    0.6136352
                ],
                "xyz": [
                    0.0,
                    -1.7494497982067552,
                    5.163264700471065
                ],
                "label": "O",
                "properties": {}
            },
            {
                "species": [
                    {
                        "element": "O",
                        "occu": 1
                    }
                ],
                "abc": [
                    0.11218642,
                    0.6136352,
                    0.11218642
                ],
                "xyz": [
                    -1.5150679868577654,
                    0.8747253181073977,
                    5.163264700471065
                ],
                "label": "O",
                "properties": {}
            }
        ]
    },
    "spacegroup": {
        "source": "spglib",
        "symbol": "R-3m",
        "number": 166,
        "point_group": "-3m",
        "crystal_system": "trigonal",
        "hall": "-R 3 2\""
    },