{
    "mp_id": "mp-1201259",
    "nelements": 4,
    "nsites": 16,
    "elements": [
        "As",
        "Na",
        "O",
        "Ti"
    ],
    "structure": {
        "@module": "pymatgen.core.structure",
        "@class": "Structure",
        "charge": null,
        "lattice": {
            "matrix": [
                [
                    3.36680947,
                    -4.42027776,
                    5e-06
                ],
                [
                    3.36680947,
                    4.42027776,
                    5e-06
                ],
                [
                    -2.94075187,
                    0.0,
                    6.53995323
                ]
            ],
            "a": 5.556461237411569,
            "b": 5.556461237411569,
            "c": 7.170704973117771,
            "alpha": 104.38839369690658,
            "beta": 104.38839369690658,
            "gamma": 105.40885556781951,
            "volume": 194.65834583829488
        },
        "sites": [
            {
                "species": [
                    {
                        "element": "Na",
                        "occu": 1
                    }
                ],
                "abc": [
                    0.67601958,
                    0.32398042,
                    0.75
                ],
                "xyz": [
                    1.1612455674999995,
                    -1.5561108695970813,
                    4.904969922499999
                ],
                "label": "Na",
                "properties": {}
            },
            {
                "species": [
                    {
                        "element": "Na",
                        "occu": 1
                    }
                ],
                "abc": [
                    0.32398042,
                    0.67601958,
                    0.25
                ],
                "xyz": [
                    2.6316215025,
                    1.5561108695970813,
                    1.6349933075
                ],
                "label": "Na",
                "properties": {}
            },
            {
                "species": [
                    {
                        "element": "Ti",
                        "occu": 1
                    }
                ],
                "abc": [
                    0.0,
                    0.0,
                    0.0
                ],
                "xyz": [
                    0.0,
                    0.0,
                    0.0
                ],
                "label": "Ti",
                "properties": {}
            },
            {
                "species": [
                    {
                        "element": "Ti",
                        "occu": 1
                    }
                ],
                "abc": [
                    0.0,
                    0.0,
                    0.5
                ],
                "xyz": [
                    -1.470375935,
                    0.0,
                    3.269976615
                ],
                "label": "Ti",
                "properties": {}
            },
            {
                "species": [
                    {
                        "element": "As",
                        "occu": 1
                    }
                ],
                "abc": [
                    0.31766695,
                    0.68233305,
                    0.75
                ],
                "xyz": [
                    1.1612455675000004,
                    1.611925451655936,
                    4.904969922499999
                ],
                "label": "As",
                "properties": {}
            },
            {
                "species": [
                    {
                        "element": "As",
                        "occu": 1
                    }
                ],
                "abc": [
                    0.68233305,
                    0.31766695,
                    0.25
                ],
                "xyz": [
                    2.6316215025000007,
                    -1.611925451655936,
                    1.6349933075
                ],
                "label": "As",
                "properties": {}
            },
            {
                "species": [
                    {
                        "element": "O",
                        "occu": 1
                    }
                ],
                "abc": [
                    0.62350052,
                    0.75101192,
                    0.92107236
                ],
                "xyz": [
                    1.9190762345494932,
                    0.5636358055664643,
                    6.023777028407923
                ],
                "label": "O",
                "properties": {}
            },
            {
                "species": [
                    {
                        "element": "O",
                        "occu": 1
                    }
                ],
                "abc": [
                    0.24898808,
                    0.37649948,
                    0.57892764
                ],
                "xyz": [
                    0.40341490045050654,
                    0.5636358055664641,
                    3.7861628165920767
                ],
                "label": "O",
                "properties": {}
            },
            {
                "species": [
                    {
                        "element": "O",
                        "occu": 1
                    }
                ],
                "abc": [
                    0.37649948,
                    0.24898808,
                    0.07892764
                ],
                "xyz": [
                    1.8737908354505066,
                    -0.5636358055664641,
                    0.5161862015920771
                ],
                "label": "O",
                "properties": {}
            },
            {
                "species": [
                    {
                        "element": "O",
                        "occu": 1
                    }
                ],
                "abc": [
                    0.75101192,
                    0.62350052,
                    0.42107236
                ],
                "xyz": [
                    3.3894521695494935,
                    -0.5636358055664643,
                    2.753800413407923
                ],
                "label": "O",
                "properties": {}
            },
            {
                "species": [
                    {
                        "element": "O",
                        "occu": 1
                    }
                ],
                "abc": [
                    0.31878895,
                    0.89709143,
                    0.61482751
                ],
                "xyz": [
                    2.285582428011255,
                    2.556257590896845,
                    4.020949239319258
                ],
                "label": "O",
                "properties": {}
            },
            {
                "species": [
                    {
                        "element": "O",
                        "occu": 1
                    }
                ],
                "abc": [
                    0.10290857,
                    0.68121105,
                    0.88517249
                ],
                "xyz": [
                    0.03690870698874482,
                    2.5562575908968452,
                    5.788990605680743
                ],
                "label": "O",
                "properties": {}
            },
            {
                "species": [
                    {
                        "element": "O",
                        "occu": 1
                    }
                ],
                "abc": [
                    0.68121105,
                    0.10290857,
                    0.38517249
                ],