{
    "mp_id": "mp-14333",
    "nelements": 3,
    "nsites": 12,
    "elements": [
        "Al",
        "O",
        "Ta"
    ],
    "structure": {
        "@module": "pymatgen.core.structure",
        "@class": "Structure",
        "charge": null,
        "lattice": {
            "matrix": [
                [
                    6.0983056,
                    -1.91357632,
                    -3.78e-05
                ],
                [
                    6.0983056,
                    1.91357632,
                    -3.78e-05
                ],
                [
                    -1.94916723,
                    0.0,
                    6.12563271
                ]
            ],
            "a": 6.391486957264713,
            "b": 6.391486957264713,
            "c": 6.428267961770715,
            "alpha": 106.81694714373842,
            "beta": 106.81694714373842,
            "gamma": 34.84248328623361,
            "volume": 142.9667564888282
        },
        "sites": [
            {
                "species": [
                    {
                        "element": "Ta",
                        "occu": 1
                    }
                ],
                "abc": [
                    0.10677431,
                    0.10677431,
                    0.22794619
                ],
                "xyz": [
                    0.8579795014669183,
                    0.0,
                    1.396306565446039
                ],
                "label": "Ta",
                "properties": {}
            },
            {
                "species": [
                    {
                        "element": "Ta",
                        "occu": 1
                    }
                ],
                "abc": [
                    0.89322569,
                    0.89322569,
                    0.77205381
                ],
                "xyz": [
                    9.389464468533081,
                    0.0,
                    4.7292505445539605
                ],
                "label": "Ta",
                "properties": {}
            },
            {
                "species": [
                    {
                        "element": "Al",
                        "occu": 1
                    }
                ],
                "abc": [
                    0.20095425,
                    0.20095425,
                    0.81888097
                ],
                "xyz": [
                    0.8548249042429865,
                    0.0,
                    5.016148863287229
                ],
                "label": "Al",
                "properties": {}
            },
            {
                "species": [
                    {
                        "element": "Al",
                        "occu": 1
                    }
                ],
                "abc": [
                    0.79904575,
                    0.79904575,
                    0.18111903
                ],
                "xyz": [
                    9.392619065757012,
                    0.0,
                    1.109408246712771
                ],
                "label": "Al",
                "properties": {}
            },
            {
                "species": [
                    {
                        "element": "O",
                        "occu": 1
                    }
                ],
                "abc": [
                    0.64152274,
                    0.64152274,
                    0.2023175
                ],
                "xyz": [
                    7.430052794683162,
                    0.0,
                    1.239274196686281
                ],
                "label": "O",
                "properties": {}
            },
            {
                "species": [
                    {
                        "element": "O",
                        "occu": 1
                    }
                ],
                "abc": [
                    0.35847726,
                    0.35847726,
                    0.7976825
                ],
                "xyz": [
                    2.8173911753168372,
                    0.0,
                    4.8862829133137184
                ],
                "label": "O",
                "properties": {}
            },
            {
                "species": [
                    {
                        "element": "O",
                        "occu": 1
                    }
                ],
                "abc": [
                    0.05905416,
                    0.05905416,
                    0.86771117
                ],
                "xyz": [
                    -0.971053548406367,
                    0.0,
                    5.3152754612898745
                ],
                "label": "O",
                "properties": {}
            },
            {
                "species": [
                    {
                        "element": "O",
                        "occu": 1
                    }
                ],
                "abc": [
                    0.94094584,
                    0.94094584,
                    0.13228883
                ],
                "xyz": [
                    11.218497518406366,
                    0.0,
                    0.8102816487101253
                ],
                "label": "O",
                "properties": {}
            },
            {
                "species": [
                    {
                        "element": "O",
                        "occu": 1
                    }
                ],
                "abc": [
                    0.8584407,
                    0.8584407,
                    0.47549775
                ],
                "xyz": [
                    9.543242823917106,
                    0.0,
                    2.9126596728144825
                ],
                "label": "O",
                "properties": {}
            },
            {
                "species": [
                    {
                        "element": "O",
                        "occu": 1
                    }
                ],
                "abc": [
                    0.1415593,
                    0.1415593,
                    0.52450225
                ],
                "xyz": [
                    0.7042011460828925,
                    0.0,
                    3.212897437185517
                ],
                "label": "O",
                "properties": {}
            },
            {
                "species": [
                    {
                        "element": "O",
                        "occu": 1
                    }
                ],
                "abc": [
                    0.73700761,
                    0.73700761,
                    0.857371
                ],
                "xyz": [
                    7.3178358134589025,
                    0.0,
                    5.251884124430093
                ],
                "label": "O",
                "properties": {}
            },
            {
                "species": [
                    {
                        "element": "O",
                        "occu": 1
                    }
                ],
                "abc": [
                    0.26299239,
                    0.26299239,
                    0.142629
                ],
                "xyz": [
                    2.9296081565410983,
                    0.0,
                    0.873672985569906
                ],
                "label": "O",
                "properties": {}
            }
        ]
    },
    "spacegroup": {
        "source": "spglib",
        "symbol": "C2/m",
        "number": 12,
        "point_group": "2/m",
        "crystal_system": "monoclinic",
        "hall": "-C 2y"
    },