{
    "mp_id": "mp-17784",
    "nelements": 4,
    "nsites": 16,
    "elements": [
        "Ca",
        "Ge",
        "O",
        "Ti"
    ],
    "structure": {
        "@module": "pymatgen.core.structure",
        "@class": "Structure",
        "charge": null,
        "lattice": {
            "matrix": [
                [
                    3.34921645,
                    -4.46906685,
                    0.00028192
                ],
                [
                    3.34921645,
                    4.46906685,
                    0.00028192
                ],
                [
                    -2.89568829,
                    0.0,
                    6.58069445
                ]
            ],
            "a": 5.584783739608761,
            "b": 5.584783739608761,
            "c": 7.189614045072512,
            "alpha": 103.97452597523522,
            "beta": 103.97452597523522,
            "gamma": 106.30261529243651,
            "volume": 197.00528383082505
        },
        "sites": [
            {
                "species": [
                    {
                        "element": "Ca",
                        "occu": 1
                    }
                ],
                "abc": [
                    0.17369047,
                    0.82630953,
                    0.25
                ],
                "xyz": [
                    2.6252943775000004,
                    2.916598206724161,
                    1.6454555325
                ],
                "label": "Ca",
                "properties": {}
            },
            {
                "species": [
                    {
                        "element": "Ca",
                        "occu": 1
                    }
                ],
                "abc": [
                    0.82630953,
                    0.17369047,
                    0.75
                ],
                "xyz": [
                    1.1774502325,
                    -2.916598206724161,
                    4.9358027575
                ],
                "label": "Ca",
                "properties": {}
            },
            {
                "species": [
                    {
                        "element": "Ti",
                        "occu": 1
                    }
                ],
                "abc": [
                    0.5,
                    0.5,
                    0.0
                ],
                "xyz": [
                    3.34921645,
                    0.0,
                    0.00028192
                ],
                "label": "Ti",
                "properties": {}
            },
            {
                "species": [
                    {
                        "element": "Ti",
                        "occu": 1
                    }
                ],
                "abc": [
                    0.5,
                    0.5,
                    0.5
                ],
                "xyz": [
                    1.9013723050000002,
                    0.0,
                    3.290629145
                ],
                "label": "Ti",
                "properties": {}
            },
            {
                "species": [
                    {
                        "element": "Ge",
                        "occu": 1
                    }
                ],
                "abc": [
                    0.18170783,
                    0.81829217,
                    0.75
                ],
                "xyz": [
                    1.1774502324999996,
                    2.844937971123129,
                    4.9358027575
                ],
                "label": "Ge",
                "properties": {}
            },
            {
                "species": [
                    {
                        "element": "Ge",
                        "occu": 1
                    }
                ],
                "abc": [
                    0.81829217,
                    0.18170783,
                    0.25
                ],
                "xyz": [
                    2.6252943774999995,
                    -2.844937971123129,
                    1.6454555325
                ],
                "label": "Ge",
                "properties": {}
            },
            {
                "species": [
                    {
                        "element": "O",
                        "occu": 1
                    }
                ],
                "abc": [
                    0.81845402,
                    0.40160064,
                    0.10676479
                ],
                "xyz": [
                    3.777069584983848,
                    -1.8629456218684528,
                    0.7029304188181627
                ],
                "label": "O",
                "properties": {}
            },
            {
                "species": [
                    {
                        "element": "O",
                        "occu": 1
                    }
                ],
                "abc": [
                    0.59839936,
                    0.18154598,
                    0.39323521
                ],
                "xyz": [
                    1.4735191700161527,
                    -1.862945621868453,
                    2.5879806461818373
                ],
                "label": "O",
                "properties": {}
            },
            {
                "species": [
                    {
                        "element": "O",
                        "occu": 1
                    }
                ],
                "abc": [
                    0.18154598,
                    0.59839936,
                    0.89323521
                ],
                "xyz": [
                    0.02567502501615282,
                    1.862945621868453,
                    5.878327871181837
                ],
                "label": "O",
                "properties": {}
            },
            {
                "species": [
                    {
                        "element": "O",
                        "occu": 1
                    }
                ],
                "abc": [
                    0.40160064,
                    0.81845402,
                    0.60676479
                ],
                "xyz": [
                    2.3292254399838477,
                    1.8629456218684528,
                    3.993277643818163
                ],
                "label": "O",
                "properties": {}
            },
            {
                "species": [
                    {
                        "element": "O",
                        "occu": 1
                    }
                ],
                "abc": [
                    0.86748926,
                    0.75638837,
                    0.57432334
                ],
                "xyz": [
                    3.7756563008713253,
                    -0.4965173045044966,
                    3.7799042196249126
                ],
                "label": "O",
                "properties": {}
            },
            {
                "species": [
                    {
                        "element": "O",
                        "occu": 1
                    }
                ],
                "abc": [
                    0.24361163,
                    0.13251074,
                    0.92567666
                ],
                "xyz": [
                    -1.4207558358713248,
                    -0.4965173045044964,
                    6.091701295375088
                ],
                "label": "O",
                "properties": {}
            },
            {
                "species": [
                    {
                        "element": "O",
                        "occu": 1
                    }
                ],
                "abc": [
                    0.13251074,
                    0.24361163,
                    0.42567666
                ],