{
    "mp_id": "mp-1227121",
    "nelements": 4,
    "nsites": 12,
    "elements": [
        "Ca",
        "Nb",
        "O",
        "Th"
    ],
    "structure": {
        "@module": "pymatgen.core.structure",
        "@class": "Structure",
        "charge": null,
        "lattice": {
            "matrix": [
                [
                    3.59951962,
                    -5.65422498,
                    0.00054949
                ],
                [
                    3.59951962,
                    5.65422498,
                    0.00054949
                ],
                [
                    -3.31218061,
                    0.0,
                    3.9920803
                ]
            ],
            "a": 6.702745849363543,
            "b": 6.702745849363543,
            "c": 5.187219439633151,
            "alpha": 110.04998646703257,
            "beta": 110.04998646703257,
            "gamma": 115.03776169054389,
            "volume": 162.51816021511394
        },
        "sites": [
            {
                "species": [
                    {
                        "element": "Ca",
                        "occu": 1
                    }
                ],
                "abc": [
                    0.63332165,
                    0.36667835,
                    0.0
                ],
                "xyz": [
                    3.5995196199999997,
                    -1.507661207609634,
                    0.0005494899999999999
                ],
                "label": "Ca",
                "properties": {}
            },
            {
                "species": [
                    {
                        "element": "Th",
                        "occu": 1
                    }
                ],
                "abc": [
                    0.36739413,
                    0.63260587,
                    0.5
                ],
                "xyz": [
                    1.9434293150000002,
                    1.4995668452972657,
                    1.99658964
                ],
                "label": "Th",
                "properties": {}
            },
            {
                "species": [
                    {
                        "element": "Nb",
                        "occu": 1
                    }
                ],
                "abc": [
                    0.09792016,
                    0.90207984,
                    0.0
                ],
                "xyz": [
                    3.5995196199999997,
                    4.5468997505648066,
                    0.00054949
                ],
                "label": "Nb",
                "properties": {}
            },
            {
                "species": [
                    {
                        "element": "Nb",
                        "occu": 1
                    }
                ],
                "abc": [
                    0.90417753,
                    0.09582247,
                    0.5
                ],
                "xyz": [
                    1.9434293150000002,
                    -4.5706213729614,
                    1.99658964
                ],
                "label": "Nb",
                "properties": {}
            },
            {
                "species": [
                    {
                        "element": "O",
                        "occu": 1
                    }
                ],
                "abc": [
                    0.26305271,
                    0.20303195,
                    0.45850819
                ],
                "xyz": [
                    0.1590189418068335,
                    -0.33937088051058506,
                    1.8306576215474804
                ],
                "label": "O",
                "properties": {}
            },
            {
                "species": [
                    {
                        "element": "O",
                        "occu": 1
                    }
                ],
                "abc": [
                    0.20584284,
                    0.26546528,
                    0.95745029
                ],
                "xyz": [
                    -1.4747654605715625,
                    0.33711868961655145,
                    3.822477420037146
                ],
                "label": "O",
                "properties": {}
            },
            {
                "species": [
                    {
                        "element": "O",
                        "occu": 1
                    }
                ],
                "abc": [
                    0.73453472,
                    0.79415716,
                    0.04254971
                ],
                "xyz": [
                    5.361624090571563,
                    0.33711868961655167,
                    0.1707018599628542
                ],
                "label": "O",
                "properties": {}
            },
            {
                "species": [
                    {
                        "element": "O",
                        "occu": 1
                    }
                ],
                "abc": [
                    0.79696805,
                    0.73694729,
                    0.54149181
                ],
                "xyz": [
                    3.7278396881931672,
                    -0.33937088051058506,
                    2.1625216584525195
                ],
                "label": "O",
                "properties": {}
            },
            {
                "species": [
                    {
                        "element": "O",
                        "occu": 1
                    }
                ],
                "abc": [
                    0.36109402,
                    0.94689113,
                    0.91373727
                ],
                "xyz": [
                    1.6816553417653077,
                    3.3122286525738085,
                    3.6484312797028546
                ],
                "label": "O",
                "properties": {}
            },
            {
                "species": [
                    {
                        "element": "O",
                        "occu": 1
                    }
                ],
                "abc": [
                    0.93865316,
                    0.35606785,
                    0.40905949
                ],
                "xyz": [
                    3.305494766806727,
                    -3.2940684127830435,
                    1.633709767804832
                ],
                "label": "O",
                "properties": {}
            },
            {
                "species": [
                    {
                        "element": "O",
                        "occu": 1
                    }
                ],
                "abc": [
                    0.64393215,
                    0.06134684,
                    0.59094051
                ],
                "xyz": [
                    0.5813638631932727,
                    -3.2940684127830444,
                    2.3594695121951683
                ],
                "label": "O",
                "properties": {}
            },
            {
                "species": [
                    {
                        "element": "O",
                        "occu": 1
                    }
                ],
                "abc": [
                    0.05310887,
                    0.63890598,
                    0.08626273
                ],
                "xyz": [
                    2.2052032882346917,
                    3.312228652573808,
                    0.34474800029714553
                ],
                "label": "O",
                "properties": {}
            }
        ]
    },
    "spacegroup": {
        "source": "spglib",
        "symbol": "C2",
        "number": 5,
        "point_group": "2",
        "crystal_system": "monoclinic",
        "hall": "C 2y"
    },