{
    "mp_id": "mp-14364",
    "nelements": 4,
    "nsites": 16,
    "elements": [
        "As",
        "Cs",
        "Li",
        "O"
    ],
    "structure": {
        "@module": "pymatgen.core.structure",
        "@class": "Structure",
        "charge": null,
        "lattice": {
            "matrix": [
                [
                    2.9811361,
                    -6.09470209,
                    0.0
                ],
                [
                    2.9811361,
                    6.09470209,
                    0.0
                ],
                [
                    0.0,
                    0.0,
                    8.15329547
                ]
            ],
            "a": 6.784730356659252,
            "b": 6.784730356659252,
            "c": 8.15329547,
            "alpha": 90.0,
            "beta": 90.0,
            "gamma": 127.87018912045144,
            "volume": 296.27667532167555
        },
        "sites": [
            {
                "species": [
                    {
                        "element": "Cs",
                        "occu": 1
                    }
                ],
                "abc": [
                    0.93526603,
                    0.06473397,
                    0.14742412
                ],
                "xyz": [
                    2.9811361,
                    -5.305633565494006,
                    1.2019924097647363
                ],
                "label": "Cs",
                "properties": {}
            },
            {
                "species": [
                    {
                        "element": "Cs",
                        "occu": 1
                    }
                ],
                "abc": [
                    0.06473397,
                    0.93526603,
                    0.64742412
                ],
                "xyz": [
                    2.9811361,
                    5.305633565494006,
                    5.278640144764736
                ],
                "label": "Cs",
                "properties": {}
            },
            {
                "species": [
                    {
                        "element": "Cs",
                        "occu": 1
                    }
                ],
                "abc": [
                    0.39570796,
                    0.60429204,
                    0.50279526
                ],
                "xyz": [
                    2.9811361,
                    1.271257828316727,
                    4.099438315695472
                ],
                "label": "Cs",
                "properties": {}
            },
            {
                "species": [
                    {
                        "element": "Cs",
                        "occu": 1
                    }
                ],
                "abc": [
                    0.60429204,
                    0.39570796,
                    0.00279526
                ],
                "xyz": [
                    2.9811361,
                    -1.271257828316727,
                    0.0227905806954722
                ],
                "label": "Cs",
                "properties": {}
            },
            {
                "species": [
                    {
                        "element": "Li",
                        "occu": 1
                    }
                ],
                "abc": [
                    0.20594744,
                    0.79405256,
                    0.23144332
                ],
                "xyz": [
                    2.9811361,
                    3.5843255040037008,
                    1.8870257725177604
                ],
                "label": "Li",
                "properties": {}
            },
            {
                "species": [
                    {
                        "element": "Li",
                        "occu": 1
                    }
                ],
                "abc": [
                    0.79405256,
                    0.20594744,
                    0.73144332
                ],
                "xyz": [
                    2.9811361,
                    -3.5843255040037008,
                    5.96367350751776
                ],
                "label": "Li",
                "properties": {}
            },
            {
                "species": [
                    {
                        "element": "As",
                        "occu": 1
                    }
                ],
                "abc": [
                    0.30462703,
                    0.69537297,
                    0.9455315
                ],
                "xyz": [
                    2.9811361,
                    2.3814800971770147,
                    7.709197695692304
                ],
                "label": "As",
                "properties": {}
            },
            {
                "species": [
                    {
                        "element": "As",
                        "occu": 1
                    }
                ],
                "abc": [
                    0.69537297,
                    0.30462703,
                    0.4455315
                ],
                "xyz": [
                    2.9811361,
                    -2.3814800971770147,
                    3.6325499606923053
                ],
                "label": "As",
                "properties": {}
            },
            {
                "species": [
                    {
                        "element": "O",
                        "occu": 1
                    }
                ],
                "abc": [
                    0.57959373,
                    0.89056358,
                    0.84010853
                ],
                "xyz": [
                    4.382739029519891,
                    1.8952685947219865,
                    6.849653071957358
                ],
                "label": "O",
                "properties": {}
            },
            {
                "species": [
                    {
                        "element": "O",
                        "occu": 1
                    }
                ],
                "abc": [
                    0.42040627,
                    0.10943642,
                    0.34010853
                ],
                "xyz": [
                    1.579533170480109,
                    -1.8952685947219865,
                    2.7730053369573593
                ],
                "label": "O",
                "properties": {}
            },
            {
                "species": [
                    {
                        "element": "O",
                        "occu": 1
                    }
                ],
                "abc": [
                    0.36311704,
                    0.63688296,
                    0.13824953
                ],
                "xyz": [
                    2.9811361,
                    1.6685217247947728,
                    1.1271892666786292
                ],
                "label": "O",
                "properties": {}
            },
            {
                "species": [
                    {
                        "element": "O",
                        "occu": 1
                    }
                ],
                "abc": [
                    0.63688296,
                    0.36311704,
                    0.63824953
                ],
                "xyz": [
                    2.9811361,
                    -1.6685217247947728,
                    5.203837001678629
                ],
                "label": "O",
                "properties": {}
            },
            {
                "species": [
                    {
                        "element": "O",
                        "occu": 1
                    }
                ],
                "abc": [
                    0.10943642,
                    0.42040627,
                    0.84010853
                ],