{
    "mp_id": "mp-19133",
    "nelements": 3,
    "nsites": 12,
    "elements": [
        "O",
        "V",
        "Y"
    ],
    "structure": {
        "@module": "pymatgen.core.structure",
        "@class": "Structure",
        "charge": null,
        "lattice": {
            "matrix": [
                [
                    -3.56000175,
                    3.56000175,
                    3.1323133
                ],
                [
                    3.56000175,
                    -3.56000175,
                    3.1323133
                ],
                [
                    3.56000175,
                    3.56000175,
                    -3.1323133
                ]
            ],
            "a": 5.9294697511129115,
            "b": 5.9294697511129115,
            "c": 5.9294697511129115,
            "alpha": 106.20415212781008,
            "beta": 106.20415212781008,
            "gamma": 116.22380525694494,
            "volume": 158.79089947005326
        },
        "sites": [
            {
                "species": [
                    {
                        "element": "Y",
                        "occu": 1
                    }
                ],
                "abc": [
                    0.0,
                    0.0,
                    0.0
                ],
                "xyz": [
                    0.0,
                    0.0,
                    0.0
                ],
                "label": "Y",
                "properties": {}
            },
            {
                "species": [
                    {
                        "element": "Y",
                        "occu": 1
                    }
                ],
                "abc": [
                    0.75,
                    0.25,
                    0.5
                ],
                "xyz": [
                    -2.220446049250313e-16,
                    3.5600017500000005,
                    1.56615665
                ],
                "label": "Y",
                "properties": {}
            },
            {
                "species": [
                    {
                        "element": "V",
                        "occu": 1
                    }
                ],
                "abc": [
                    0.5,
                    0.5,
                    0.0
                ],
                "xyz": [
                    0.0,
                    0.0,
                    3.1323133
                ],
                "label": "V",
                "properties": {}
            },
            {
                "species": [
                    {
                        "element": "V",
                        "occu": 1
                    }
                ],
                "abc": [
                    0.25,
                    0.75,
                    0.5
                ],
                "xyz": [
                    3.5600017500000005,
                    -2.220446049250313e-16,
                    1.56615665
                ],
                "label": "V",
                "properties": {}
            },
            {
                "species": [
                    {
                        "element": "O",
                        "occu": 1
                    }
                ],
                "abc": [
                    0.07327336,
                    0.75839226,
                    0.68511889
                ],
                "xyz": [
                    4.878048930316133,
                    -3.560001760050113e-08,
                    0.459030271450509
                ],
                "label": "O",
                "properties": {}
            },
            {
                "species": [
                    {
                        "element": "O",
                        "occu": 1
                    }
                ],
                "abc": [
                    0.50839226,
                    0.32327336,
                    0.18511889
                ],
                "xyz": [
                    -3.560001760050113e-08,
                    1.3180471803161327,
                    2.025186921450509
                ],
                "label": "O",
                "properties": {}
            },
            {
                "species": [
                    {
                        "element": "O",
                        "occu": 1
                    }
                ],
                "abc": [
                    0.13815547,
                    0.32327336,
                    0.81488111
                ],
                "xyz": [
                    3.55999818999825,
                    2.241958165285635,
                    -1.1071232775593238
                ],
                "label": "O",
                "properties": {}
            },
            {
                "species": [
                    {
                        "element": "O",
                        "occu": 1
                    }
                ],
                "abc": [
                    0.07327336,
                    0.38815547,
                    0.31488111
                ],
                "xyz": [
                    2.2419581652856353,
                    -3.560001750058106e-06,
                    0.459033372440676
                ],
                "label": "O",
                "properties": {}
            },
            {
                "species": [
                    {
                        "element": "O",
                        "occu": 1
                    }
                ],
                "abc": [
                    0.61184453,
                    0.92672664,
                    0.68511889
                ],
                "xyz": [
                    3.56000531000175,
                    1.3180435847143652,
                    2.6732799275593244
                ],
                "label": "O",
                "properties": {}
            },
            {
                "species": [
                    {
                        "element": "O",
                        "occu": 1
                    }
                ],
                "abc": [
                    0.67672664,
                    0.86184453,
                    0.18511889
                ],
                "xyz": [
                    1.318043584714365,
                    3.560001750058106e-06,
                    4.239436577559324
                ],
                "label": "O",
                "properties": {}
            },
            {
                "species": [
                    {
                        "element": "O",
                        "occu": 1
                    }
                ],
                "abc": [
                    0.67672664,
                    0.49160774,
                    0.81488111
                ],
                "xyz": [
                    2.241954569683867,
                    3.5600017856000177,
                    1.1071263785494914
                ],
                "label": "O",
                "properties": {}
            },
            {
                "species": [
                    {
                        "element": "O",
                        "occu": 1
                    }
                ],
                "abc": [
                    0.24160774,
                    0.92672664,
                    0.31488111
                ],
                "xyz": [
                    3.5600017856000177,
                    -1.3180471803161327,
                    2.673283028549491
                ],
                "label": "O",
                "properties": {}
            }
        ]
    },
    "spacegroup": {
        "source": "spglib",
        "symbol": "I4_1/amd",
        "number": 141,
        "point_group": "4/mmm",
        "crystal_system": "tetragonal",
        "hall": "I 4bw 2bw -1bw"
    },