{
    "mp_id": "mp-1018031",
    "nelements": 3,
    "nsites": 4,
    "elements": [
        "In",
        "K",
        "O"
    ],
    "structure": {
        "@module": "pymatgen.core.structure",
        "@class": "Structure",
        "charge": null,
        "lattice": {
            "matrix": [
                [
                    1.66782118,
                    0.96291664,
                    6.1351511
                ],
                [
                    -1.66782118,
                    0.96291664,
                    6.1351511
                ],
                [
                    0.0,
                    -1.92583429,
                    6.1351511
                ]
            ],
            "a": 6.430312198010038,
            "b": 6.430312198010038,
            "c": 6.430312335522358,
            "alpha": 30.06520174525916,
            "beta": 30.06520174525916,
            "gamma": 30.065202806990598,
            "volume": 59.11733418889942
        },
        "sites": [
            {
                "species": [
                    {
                        "element": "K",
                        "occu": 1
                    }
                ],
                "abc": [
                    0.5,
                    0.5,
                    0.5
                ],
                "xyz": [
                    0.0,
                    -5.050000000395016e-07,
                    9.202726649999999
                ],
                "label": "K",
                "properties": {}
            },
            {
                "species": [
                    {
                        "element": "In",
                        "occu": 1
                    }
                ],
                "abc": [
                    0.0,
                    0.0,
                    0.0
                ],
                "xyz": [
                    0.0,
                    0.0,
                    0.0
                ],
                "label": "In",
                "properties": {}
            },
            {
                "species": [
                    {
                        "element": "O",
                        "occu": 1
                    }
                ],
                "abc": [
                    0.27079514,
                    0.27079514,
                    0.27079514
                ],
                "xyz": [
                    0.0,
                    -2.7350309139695383e-07,
                    4.984107303136962
                ],
                "label": "O",
                "properties": {}
            },
            {
                "species": [
                    {
                        "element": "O",
                        "occu": 1
                    }
                ],
                "abc": [
                    0.72920486,
                    0.72920486,
                    0.72920486
                ],
                "xyz": [
                    0.0,
                    -7.364969085710271e-07,
                    13.421345996863037
                ],
                "label": "O",
                "properties": {}
            }
        ]
    },
    "spacegroup": {
        "source": "spglib",
        "symbol": "R-3m",
        "number": 166,
        "point_group": "-3m",
        "crystal_system": "trigonal",
        "hall": "-R 3 2\""
    },
    "dielectric": {
        "epsilon_ionic": [
            [
                6.0830898,
                -0.0,
                0.0
            ],
            [
                -0.0,
                6.08313146,
                2.94e-05
            ],
            [
                0.0,
                2.94e-05,
                4.01925059
            ]
        ],
        "epsilon_ionic_avg": 5.395157283333333,
        "epsilon_ionic_eig": [
            4.019250589581197,
            6.083131460418803,
            6.0830898
        ],
        "epsilon_electronic": [
            [
                4.05301292,
                -0.0,
                0.0
            ],
            [
                0.0,
                4.05301373,
                0.0
            ],
            [
                0.0,
                0.0,
                3.42994923
            ]
        ],
        "epsilon_electronic_avg": 3.8453252933333335,
        "epsilon_electronic_eig": [
            4.05301292,
            4.05301373,
            3.42994923
        ]
    },
    "phonon": {
        "lowest_freq": -0.009094159567355927,
        "frequency": [
            -0.009094159567355927,
            -0.0017602063044221048,
            -0.0017602061308628018,
            3.504465751213636,
            3.5044660999117494,
            6.430301002285949,
            10.113006356885633,
            10.113007371895872,
            10.167294821890989,
            10.167295843500497,
            12.194119876570426,
            14.40505697609188
        ]
    },
    "born_effective_charge": {
        "avg_abs_trace": 2.1170316666666666,
        "tensors": [
            [
                [
                    1.04032,
                    0.0,
                    0.0
                ],
                [
                    0.0,
                    1.04033,
                    2e-05
                ],
                [
                    -0.0,
                    0.0,
                    1.58892
                ]
            ],
            [
                [
                    3.51218,
                    0.0,
                    0.0
                ],
                [
                    0.0,
                    3.51219,
                    -0.0
                ],
                [
                    0.0,
                    0.0,
                    2.00825
                ]
            ],
            [
                [
                    -2.27625,
                    0.0002,
                    6e-05
                ],
                [
                    0.0,
                    -2.27628,
                    -1e-05
                ],
                [
                    -0.0,
                    -0.0,
                    -1.79856
                ]
            ],
            [
                [
                    -2.27625,
                    -0.0002,
                    -6e-05
                ],
                [
                    0.0,
                    -2.27624,
                    -1e-05
                ],
                [
                    -0.0,
                    -0.0,
                    -1.79861
                ]
            ]
        ]
    },
    "band_gap": 2.146,
    "is_direct": false,
    "formula": "KInO2"
}