{
    "mp_id": "mp-18733",
    "nelements": 4,
    "nsites": 12,
    "elements": [
        "Al",
        "Mo",
        "O",
        "Tl"
    ],
    "structure": {
        "@module": "pymatgen.core.structure",
        "@class": "Structure",
        "charge": null,
        "lattice": {
            "matrix": [
                [
                    5.59244469,
                    0.0,
                    0.0
                ],
                [
                    -2.79622185,
                    4.84319856,
                    0.0
                ],
                [
                    0.0,
                    0.0,
                    7.28953752
                ]
            ],
            "a": 5.59244469,
            "b": 5.592443913532214,
            "c": 7.28953752,
            "alpha": 90.0,
            "beta": 90.0,
            "gamma": 119.99999873694063,
            "volume": 197.4394568877392
        },
        "sites": [
            {
                "species": [
                    {
                        "element": "Al",
                        "occu": 1
                    }
                ],
                "abc": [
                    0.0,
                    0.0,
                    0.0
                ],
                "xyz": [
                    0.0,
                    0.0,
                    0.0
                ],
                "label": "Al",
                "properties": {}
            },
            {
                "species": [
                    {
                        "element": "Tl",
                        "occu": 1
                    }
                ],
                "abc": [
                    0.0,
                    0.0,
                    0.5
                ],
                "xyz": [
                    0.0,
                    0.0,
                    3.64476876
                ],
                "label": "Tl",
                "properties": {}
            },
            {
                "species": [
                    {
                        "element": "Mo",
                        "occu": 1
                    }
                ],
                "abc": [
                    0.666667,
                    0.333333,
                    0.22927409
                ],
                "xyz": [
                    2.79622530622218,
                    1.61439790560048,
                    1.6713020814188568
                ],
                "label": "Mo",
                "properties": {}
            },
            {
                "species": [
                    {
                        "element": "Mo",
                        "occu": 1
                    }
                ],
                "abc": [
                    0.333333,
                    0.666667,
                    0.77072591
                ],
                "xyz": [
                    -2.466222180030897e-06,
                    3.22880065439952,
                    5.618235438581143
                ],
                "label": "Mo",
                "properties": {}
            },
            {
                "species": [
                    {
                        "element": "O",
                        "occu": 1
                    }
                ],
                "abc": [
                    0.84307252,
                    0.15692748,
                    0.15333896
                ],
                "xyz": [
                    4.276032389317481,
                    0.7600309451604289,
                    1.117770102197779
                ],
                "label": "O",
                "properties": {}
            },
            {
                "species": [
                    {
                        "element": "O",
                        "occu": 1
                    }
                ],
                "abc": [
                    0.84307252,
                    0.68614503,
                    0.15333896
                ],
                "xyz": [
                    2.7962227126040133,
                    3.323136621247157,
                    1.117770102197779
                ],
                "label": "O",
                "properties": {}
            },
            {
                "species": [
                    {
                        "element": "O",
                        "occu": 1
                    }
                ],
                "abc": [
                    0.31385497,
                    0.15692748,
                    0.15333896
                ],
                "xyz": [
                    1.3164125119651713,
                    0.7600309451604289,
                    1.117770102197779
                ],
                "label": "O",
                "properties": {}
            },
            {
                "species": [
                    {
                        "element": "O",
                        "occu": 1
                    }
                ],
                "abc": [
                    0.68614503,
                    0.84307252,
                    0.84666104
                ],
                "xyz": [
                    1.4798103280348291,
                    4.083167614839572,
                    6.17176741780222
                ],
                "label": "O",
                "properties": {}
            },
            {
                "species": [
                    {
                        "element": "O",
                        "occu": 1
                    }
                ],
                "abc": [
                    0.333333,
                    0.666667,
                    0.53152573
                ],
                "xyz": [
                    -2.466222180030897e-06,
                    3.22880065439952,
                    3.8745767516803897
                ],
                "label": "O",
                "properties": {}
            },
            {
                "species": [
                    {
                        "element": "O",
                        "occu": 1
                    }
                ],
                "abc": [
                    0.666667,
                    0.333333,
                    0.46847427
                ],
                "xyz": [
                    2.79622530622218,
                    1.61439790560048,
                    3.4149607683196104
                ],
                "label": "O",
                "properties": {}
            },
            {
                "species": [
                    {
                        "element": "O",
                        "occu": 1
                    }
                ],
                "abc": [
                    0.15692748,
                    0.84307252,
                    0.84666104
                ],
                "xyz": [
                    -1.4798095493174803,
                    4.083167614839572,
                    6.17176741780222
                ],
                "label": "O",
                "properties": {}
            },
            {
                "species": [
                    {
                        "element": "O",
                        "occu": 1
                    }
                ],
                "abc": [
                    0.15692748,
                    0.31385497,
                    0.84666104
                ],
                "xyz": [
                    1.2739598675981512e-07,
                    1.5200619387528433,
                    6.17176741780222
                ],
                "label": "O",
                "properties": {}
            }
        ]
    },
    "spacegroup": {
        "source": "spglib",
        "symbol": "P-3m1",
        "number": 164,
        "point_group": "-3m",
        "crystal_system": "trigonal",
        "hall": "-P 3 2\""
    },