{
    "mp_id": "mp-18740",
    "nelements": 3,
    "nsites": 11,
    "elements": [
        "Cd",
        "O",
        "V"
    ],
    "structure": {
        "@module": "pymatgen.core.structure",
        "@class": "Structure",
        "charge": null,
        "lattice": {
            "matrix": [
                [
                    3.48581826,
                    -4.5421978,
                    0.00089509
                ],
                [
                    3.48581826,
                    4.5421978,
                    0.00089509
                ],
                [
                    -1.12189651,
                    0.0,
                    4.90820559
                ]
            ],
            "a": 5.725599584083783,
            "b": 5.725599584083783,
            "c": 5.034792338603195,
            "alpha": 97.78803052882957,
            "beta": 97.78803052882957,
            "gamma": 104.99257829021117,
            "volume": 155.43507038935726
        },
        "sites": [
            {
                "species": [
                    {
                        "element": "V",
                        "occu": 1
                    }
                ],
                "abc": [
                    0.23041823,
                    0.23041823,
                    0.90674865
                ],
                "xyz": [
                    0.5891140012595479,
                    0.0,
                    4.450921282761935
                ],
                "label": "V",
                "properties": {}
            },
            {
                "species": [
                    {
                        "element": "V",
                        "occu": 1
                    }
                ],
                "abc": [
                    0.76958177,
                    0.76958177,
                    0.09325135
                ],
                "xyz": [
                    5.260626008740452,
                    0.0,
                    0.4590744872380651
                ],
                "label": "V",
                "properties": {}
            },
            {
                "species": [
                    {
                        "element": "Cd",
                        "occu": 1
                    }
                ],
                "abc": [
                    0.30662312,
                    0.69337688,
                    0.5
                ],
                "xyz": [
                    2.924870005,
                    1.756712077813728,
                    2.454997885
                ],
                "label": "Cd",
                "properties": {}
            },
            {
                "species": [
                    {
                        "element": "Cd",
                        "occu": 1
                    }
                ],
                "abc": [
                    0.69337688,
                    0.30662312,
                    0.5
                ],
                "xyz": [
                    2.924870005,
                    -1.756712077813728,
                    2.454997885
                ],
                "label": "Cd",
                "properties": {}
            },
            {
                "species": [
                    {
                        "element": "O",
                        "occu": 1
                    }
                ],
                "abc": [
                    0.9194457,
                    0.60586283,
                    0.28126426
                ],
                "xyz": [
                    5.0013989343260254,
                    -1.4243554222316859,
                    1.381868101611331
                ],
                "label": "O",
                "properties": {}
            },
            {
                "species": [
                    {
                        "element": "O",
                        "occu": 1
                    }
                ],
                "abc": [
                    0.39413717,
                    0.0805543,
                    0.71873574
                ],
                "xyz": [
                    0.8483410756739747,
                    -1.4243554222316859,
                    3.5281276683886684
                ],
                "label": "O",
                "properties": {}
            },
            {
                "species": [
                    {
                        "element": "O",
                        "occu": 1
                    }
                ],
                "abc": [
                    0.0805543,
                    0.39413717,
                    0.71873574
                ],
                "xyz": [
                    0.8483410756739747,
                    1.4243554222316859,
                    3.5281276683886684
                ],
                "label": "O",
                "properties": {}
            },
            {
                "species": [
                    {
                        "element": "O",
                        "occu": 1
                    }
                ],
                "abc": [
                    0.60586283,
                    0.9194457,
                    0.28126426
                ],
                "xyz": [
                    5.0013989343260254,
                    1.4243554222316859,
                    1.381868101611331
                ],
                "label": "O",
                "properties": {}
            },
            {
                "species": [
                    {
                        "element": "O",
                        "occu": 1
                    }
                ],
                "abc": [
                    0.0,
                    0.0,
                    0.0
                ],
                "xyz": [
                    0.0,
                    0.0,
                    0.0
                ],
                "label": "O",
                "properties": {}
            },
            {
                "species": [
                    {
                        "element": "O",
                        "occu": 1
                    }
                ],
                "abc": [
                    0.59931325,
                    0.59931325,
                    0.78782667
                ],
                "xyz": [
                    3.2943341490619686,
                    0.0,
                    3.86788814423897
                ],
                "label": "O",
                "properties": {}
            },
            {
                "species": [
                    {
                        "element": "O",
                        "occu": 1
                    }
                ],
                "abc": [
                    0.40068675,
                    0.40068675,
                    0.21217333
                ],
                "xyz": [
                    2.5554058609380315,
                    0.0,
                    1.0421076257610296
                ],
                "label": "O",
                "properties": {}
            }
        ]
    },
    "spacegroup": {
        "source": "spglib",
        "symbol": "C2/m",
        "number": 12,
        "point_group": "2/m",
        "crystal_system": "monoclinic",
        "hall": "-C 2y"
    },
    "dielectric": {
        "epsilon_ionic": [
            [
                32.85335336,
                -1e-08,
                -3.3782585
            ],
            [
                -1e-08,
                6.99857702,
                1e-08
            ],
            [
                -3.3782585,
                1e-08,
                7.25248757
            ]
        ],
        "epsilon_ionic_avg": 15.701472650000008,
        "epsilon_ionic_eig": [
            33.291640674756714,
            6.814200255243313,
            6.998577020000001
        ],