{
    "mp_id": "mp-1078539",
    "nelements": 4,
    "nsites": 10,
    "elements": [
        "Mg",
        "Mo",
        "O",
        "Sr"
    ],
    "structure": {
        "@module": "pymatgen.core.structure",
        "@class": "Structure",
        "charge": null,
        "lattice": {
            "matrix": [
                [
                    -2.77506338,
                    2.77506341,
                    3.98884094
                ],
                [
                    2.77506338,
                    -2.77506341,
                    3.98884094
                ],
                [
                    2.77506341,
                    2.77506338,
                    -3.98884094
                ]
            ],
            "a": 5.595784639990887,
            "b": 5.595784639990887,
            "c": 5.595784639990887,
            "alpha": 120.53908676982468,
            "beta": 120.53908676982468,
            "gamma": 89.06878317625858,
            "volume": 122.87188688955831
        },
        "sites": [
            {
                "species": [
                    {
                        "element": "Sr",
                        "occu": 1
                    }
                ],
                "abc": [
                    0.25,
                    0.75,
                    0.5
                ],
                "xyz": [
                    2.775063395,
                    -1.500000013088254e-08,
                    1.99442047
                ],
                "label": "Sr",
                "properties": {}
            },
            {
                "species": [
                    {
                        "element": "Sr",
                        "occu": 1
                    }
                ],
                "abc": [
                    0.75,
                    0.25,
                    0.5
                ],
                "xyz": [
                    1.500000013088254e-08,
                    2.775063395,
                    1.99442047
                ],
                "label": "Sr",
                "properties": {}
            },
            {
                "species": [
                    {
                        "element": "Mg",
                        "occu": 1
                    }
                ],
                "abc": [
                    0.0,
                    0.0,
                    0.0
                ],
                "xyz": [
                    0.0,
                    0.0,
                    0.0
                ],
                "label": "Mg",
                "properties": {}
            },
            {
                "species": [
                    {
                        "element": "Mo",
                        "occu": 1
                    }
                ],
                "abc": [
                    0.5,
                    0.5,
                    0.0
                ],
                "xyz": [
                    0.0,
                    0.0,
                    3.98884094
                ],
                "label": "Mo",
                "properties": {}
            },
            {
                "species": [
                    {
                        "element": "O",
                        "occu": 1
                    }
                ],
                "abc": [
                    0.25762,
                    0.25762,
                    0.0
                ],
                "xyz": [
                    0.0,
                    0.0,
                    2.0552104059256
                ],
                "label": "O",
                "properties": {}
            },
            {
                "species": [
                    {
                        "element": "O",
                        "occu": 1
                    }
                ],
                "abc": [
                    0.74238,
                    0.74238,
                    0.0
                ],
                "xyz": [
                    0.0,
                    0.0,
                    5.9224714740744
                ],
                "label": "O",
                "properties": {}
            },
            {
                "species": [
                    {
                        "element": "O",
                        "occu": 1
                    }
                ],
                "abc": [
                    0.29949678,
                    0.21639523,
                    0.51589201
                ],
                "xyz": [
                    1.201020972236115,
                    1.6622450957048793,
                    4.440892098500626e-16
                ],
                "label": "O",
                "properties": {}
            },
            {
                "species": [
                    {
                        "element": "O",
                        "occu": 1
                    }
                ],
                "abc": [
                    0.70050322,
                    0.78360477,
                    0.48410799
                ],
                "xyz": [
                    1.5740424377638849,
                    1.1128182842951206,
                    3.9888409399999993
                ],
                "label": "O",
                "properties": {}
            },
            {
                "species": [
                    {
                        "element": "O",
                        "occu": 1
                    }
                ],
                "abc": [
                    0.21639523,
                    0.70050322,
                    0.91689845
                ],
                "xyz": [
                    3.887881694295121,
                    1.201020942236115,
                    0.0
                ],
                "label": "O",
                "properties": {}
            },
            {
                "species": [
                    {
                        "element": "O",
                        "occu": 1
                    }
                ],
                "abc": [
                    0.78360477,
                    0.29949678,
                    0.08310155
                ],
                "xyz": [
                    -1.1128182842951204,
                    1.5740424377638849,
                    3.98884094
                ],
                "label": "O",
                "properties": {}
            }
        ]
    },
    "spacegroup": {
        "source": "spglib",
        "symbol": "I4/m",
        "number": 87,
        "point_group": "4/m",
        "crystal_system": "tetragonal",
        "hall": "-I 4"
    },
    "dielectric": {
        "epsilon_ionic": [
            [
                19.74711483,
                -0.0020256,
                -1e-08
            ],
            [
                -0.0020256,
                19.74836159,
                -2e-08
            ],
            [
                -1e-08,
                -2e-08,
                15.05093248
            ]
        ],
        "epsilon_ionic_avg": 18.182136299999993,
        "epsilon_ionic_eig": [
            19.74561885680045,
            19.749857563199527,
            15.05093248
        ],
        "epsilon_electronic": [
            [
                4.89595917,
                4.21e-06,
                0.0
            ],
            [
                -4.21e-06,
                4.89595917,
                0.0
            ],
            [
                0.0,
                -0.0,
                4.95168897
            ]
        ],
        "epsilon_electronic_avg": 4.9145357700000005,
        "epsilon_electronic_eig": [
            4.89595917,
            4.89595917,
            4.95168897
        ]
    },
    "phonon": {
        "lowest_freq": -0.0413314496306085,