{
    "mp_id": "mp-1705",
    "nelements": 2,
    "nsites": 14,
    "elements": [
        "O",
        "Sb"
    ],
    "structure": {
        "@module": "pymatgen.core.structure",
        "@class": "Structure",
        "charge": null,
        "lattice": {
            "matrix": [
                [
                    6.36088285,
                    -2.41165377,
                    -0.00017141
                ],
                [
                    6.36088285,
                    2.41165377,
                    -0.00017141
                ],
                [
                    -1.29748687,
                    0.0,
                    5.31339892
                ]
            ],
            "a": 6.802713029899228,
            "b": 6.802713029899228,
            "c": 5.469522854955408,
            "alpha": 102.81703332681415,
            "beta": 102.81703332681415,
            "gamma": 41.52726470354717,
            "volume": 163.016632093921
        },
        "sites": [
            {
                "species": [
                    {
                        "element": "Sb",
                        "occu": 1
                    }
                ],
                "abc": [
                    0.10218798,
                    0.62191749,
                    0.71988094
                ],
                "xyz": [
                    3.6719139981009317,
                    1.2534076321717527,
                    3.824890490205972
                ],
                "label": "Sb",
                "properties": {}
            },
            {
                "species": [
                    {
                        "element": "Sb",
                        "occu": 1
                    }
                ],
                "abc": [
                    0.37808251,
                    0.89781202,
                    0.78011906
                ],
                "xyz": [
                    7.103621396899069,
                    1.2534076321717529,
                    4.144865069794028
                ],
                "label": "Sb",
                "properties": {}
            },
            {
                "species": [
                    {
                        "element": "Sb",
                        "occu": 1
                    }
                ],
                "abc": [
                    0.89781202,
                    0.37808251,
                    0.28011906
                ],
                "xyz": [
                    7.752364831899069,
                    -1.2534076321717529,
                    1.488165609794028
                ],
                "label": "Sb",
                "properties": {}
            },
            {
                "species": [
                    {
                        "element": "Sb",
                        "occu": 1
                    }
                ],
                "abc": [
                    0.62191749,
                    0.10218798,
                    0.21988094
                ],
                "xyz": [
                    4.320657433100932,
                    -1.2534076321717527,
                    1.1681910302059721
                ],
                "label": "Sb",
                "properties": {}
            },
            {
                "species": [
                    {
                        "element": "O",
                        "occu": 1
                    }
                ],
                "abc": [
                    0.42517711,
                    0.57482289,
                    0.75
                ],
                "xyz": [
                    5.3877676975,
                    0.36089380950159056,
                    3.9848777799999997
                ],
                "label": "O",
                "properties": {}
            },
            {
                "species": [
                    {
                        "element": "O",
                        "occu": 1
                    }
                ],
                "abc": [
                    0.57482289,
                    0.42517711,
                    0.25
                ],
                "xyz": [
                    6.0365111325,
                    -0.36089380950159056,
                    1.32817832
                ],
                "label": "O",
                "properties": {}
            },
            {
                "species": [
                    {
                        "element": "O",
                        "occu": 1
                    }
                ],
                "abc": [
                    0.01175821,
                    0.19017896,
                    0.94615593
                ],
                "xyz": [
                    0.05687378528289555,
                    0.4302890743837275,
                    5.027269282563286
                ],
                "label": "O",
                "properties": {}
            },
            {
                "species": [
                    {
                        "element": "O",
                        "occu": 1
                    }
                ],
                "abc": [
                    0.80982104,
                    0.98824179,
                    0.55384407
                ],
                "xyz": [
                    10.718661609717106,
                    0.43028907438372754,
                    2.942486277436714
                ],
                "label": "O",
                "properties": {}
            },
            {
                "species": [
                    {
                        "element": "O",
                        "occu": 1
                    }
                ],
                "abc": [
                    0.62250265,
                    0.78289045,
                    0.1239904
                ],
                "xyz": [
                    8.778664951292287,
                    0.38679984253200606,
                    0.6585695590190971
                ],
                "label": "O",
                "properties": {}
            },
            {
                "species": [
                    {
                        "element": "O",
                        "occu": 1
                    }
                ],
                "abc": [
                    0.21710955,
                    0.37749735,
                    0.3760096
                ],
                "xyz": [
                    3.2943573137077133,
                    0.38679984253200606,
                    1.997787080980903
                ],
                "label": "O",
                "properties": {}
            },
            {
                "species": [
                    {
                        "element": "O",
                        "occu": 1
                    }
                ],
                "abc": [
                    0.37749735,
                    0.21710955,
                    0.8760096
                ],
                "xyz": [
                    2.6456138787077133,
                    -0.38679984253200606,
                    4.654486540980903
                ],
                "label": "O",
                "properties": {}
            },
            {
                "species": [
                    {
                        "element": "O",
                        "occu": 1
                    }
                ],
                "abc": [
                    0.78289045,
                    0.62250265,
                    0.6239904
                ],
                "xyz": [
                    8.129921516292288,
                    -0.38679984253200606,
                    3.3152690190190968
                ],
                "label": "O",
                "properties": {}
            },
            {
                "species": [
                    {
                        "element": "O",
                        "occu": 1
                    }
                ],
                "abc": [
                    0.19017896,
                    0.01175821,
                    0.44615593
                ],