{
    "mp_id": "mp-1205825",
    "nelements": 4,
    "nsites": 10,
    "elements": [
        "Ba",
        "Mg",
        "Mo",
        "O"
    ],
    "structure": {
        "@module": "pymatgen.core.structure",
        "@class": "Structure",
        "charge": null,
        "lattice": {
            "matrix": [
                [
                    0.0,
                    4.04769159,
                    4.04769159
                ],
                [
                    4.04769159,
                    0.0,
                    4.04769159
                ],
                [
                    4.04769159,
                    4.04769159,
                    0.0
                ]
            ],
            "a": 5.724300342881518,
            "b": 5.724300342881518,
            "c": 5.724300342881518,
            "alpha": 60.00000000000001,
            "beta": 60.00000000000001,
            "gamma": 60.00000000000001,
            "volume": 132.63319729403662
        },
        "sites": [
            {
                "species": [
                    {
                        "element": "Ba",
                        "occu": 1
                    }
                ],
                "abc": [
                    0.25,
                    0.25,
                    0.25
                ],
                "xyz": [
                    2.023845795,
                    2.023845795,
                    2.023845795
                ],
                "label": "Ba",
                "properties": {}
            },
            {
                "species": [
                    {
                        "element": "Ba",
                        "occu": 1
                    }
                ],
                "abc": [
                    0.75,
                    0.75,
                    0.75
                ],
                "xyz": [
                    6.071537385000001,
                    6.071537385000001,
                    6.071537385000001
                ],
                "label": "Ba",
                "properties": {}
            },
            {
                "species": [
                    {
                        "element": "Mg",
                        "occu": 1
                    }
                ],
                "abc": [
                    0.5,
                    0.5,
                    0.5
                ],
                "xyz": [
                    4.04769159,
                    4.04769159,
                    4.04769159
                ],
                "label": "Mg",
                "properties": {}
            },
            {
                "species": [
                    {
                        "element": "Mo",
                        "occu": 1
                    }
                ],
                "abc": [
                    0.0,
                    0.0,
                    0.0
                ],
                "xyz": [
                    0.0,
                    0.0,
                    0.0
                ],
                "label": "Mo",
                "properties": {}
            },
            {
                "species": [
                    {
                        "element": "O",
                        "occu": 1
                    }
                ],
                "abc": [
                    0.76010797,
                    0.23989203,
                    0.23989203
                ],
                "xyz": [
                    1.9420179046780557,
                    4.04769159,
                    4.04769159
                ],
                "label": "O",
                "properties": {}
            },
            {
                "species": [
                    {
                        "element": "O",
                        "occu": 1
                    }
                ],
                "abc": [
                    0.23989203,
                    0.76010797,
                    0.76010797
                ],
                "xyz": [
                    6.153365275321945,
                    4.04769159,
                    4.04769159
                ],
                "label": "O",
                "properties": {}
            },
            {
                "species": [
                    {
                        "element": "O",
                        "occu": 1
                    }
                ],
                "abc": [
                    0.23989203,
                    0.76010797,
                    0.23989203
                ],
                "xyz": [
                    4.04769159,
                    1.9420179046780557,
                    4.04769159
                ],
                "label": "O",
                "properties": {}
            },
            {
                "species": [
                    {
                        "element": "O",
                        "occu": 1
                    }
                ],
                "abc": [
                    0.76010797,
                    0.23989203,
                    0.76010797
                ],
                "xyz": [
                    4.04769159,
                    6.153365275321945,
                    4.04769159
                ],
                "label": "O",
                "properties": {}
            },
            {
                "species": [
                    {
                        "element": "O",
                        "occu": 1
                    }
                ],
                "abc": [
                    0.23989203,
                    0.23989203,
                    0.76010797
                ],
                "xyz": [
                    4.04769159,
                    4.04769159,
                    1.9420179046780557
                ],
                "label": "O",
                "properties": {}
            },
            {
                "species": [
                    {
                        "element": "O",
                        "occu": 1
                    }
                ],
                "abc": [
                    0.76010797,
                    0.76010797,
                    0.23989203
                ],
                "xyz": [
                    4.04769159,
                    4.04769159,
                    6.153365275321945
                ],
                "label": "O",
                "properties": {}
            }
        ]
    },
    "spacegroup": {
        "source": "spglib",
        "symbol": "Fm-3m",
        "number": 225,
        "point_group": "m-3m",
        "crystal_system": "cubic",
        "hall": "-F 4 2 3"
    },
    "dielectric": {
        "epsilon_ionic": [
            [
                16.88156559,
                2e-08,
                1e-08
            ],
            [
                2e-08,
                16.88080945,
                -1e-08
            ],
            [
                1e-08,
                -1e-08,
                16.88138411
            ]
        ],
        "epsilon_ionic_avg": 16.88125305,
        "epsilon_ionic_eig": [
            16.881565590001074,
            16.880809449999305,
            16.881384109999626
        ],
        "epsilon_electronic": [
            [
                4.99632639,
                -0.0,
                -0.0
            ],
            [
                0.0,
                4.99632639,
                0.0
            ],
            [
                -0.0,
                0.0,
                4.99632639
            ]
        ],
        "epsilon_electronic_avg": 4.99632639,
        "epsilon_electronic_eig": [
            4.99632639,
            4.99632639,
            4.99632639
        ]
    },
    "phonon": {
        "lowest_freq": -0.008779179820302522,