{
    "mp_id": "mp-15733",
    "nelements": 4,
    "nsites": 16,
    "elements": [
        "Al",
        "Ca",
        "O",
        "Ta"
    ],
    "structure": {
        "@module": "pymatgen.core.structure",
        "@class": "Structure",
        "charge": null,
        "lattice": {
            "matrix": [
                [
                    3.35635325,
                    -4.47482592,
                    0.0003937
                ],
                [
                    3.35635325,
                    4.47482592,
                    0.0003937
                ],
                [
                    -3.04756933,
                    0.0,
                    6.72047303
                ]
            ],
            "a": 5.593672702982281,
            "b": 5.593672702982281,
            "c": 7.379189424870053,
            "alpha": 104.34405544380223,
            "beta": 104.34405544380223,
            "gamma": 106.25637247860256,
            "volume": 201.88160423551878
        },
        "sites": [
            {
                "species": [
                    {
                        "element": "Ca",
                        "occu": 1
                    }
                ],
                "abc": [
                    0.33318743,
                    0.66681257,
                    0.25
                ],
                "xyz": [
                    2.5944609175,
                    1.4929144240356291,
                    1.6805119575
                ],
                "label": "Ca",
                "properties": {}
            },
            {
                "species": [
                    {
                        "element": "Ca",
                        "occu": 1
                    }
                ],
                "abc": [
                    0.66681257,
                    0.33318743,
                    0.75
                ],
                "xyz": [
                    1.0706762525000002,
                    -1.4929144240356291,
                    5.0407484725
                ],
                "label": "Ca",
                "properties": {}
            },
            {
                "species": [
                    {
                        "element": "Ta",
                        "occu": 1
                    }
                ],
                "abc": [
                    0.0,
                    0.0,
                    0.5
                ],
                "xyz": [
                    -1.523784665,
                    0.0,
                    3.360236515
                ],
                "label": "Ta",
                "properties": {}
            },
            {
                "species": [
                    {
                        "element": "Ta",
                        "occu": 1
                    }
                ],
                "abc": [
                    0.0,
                    0.0,
                    0.0
                ],
                "xyz": [
                    0.0,
                    0.0,
                    0.0
                ],
                "label": "Ta",
                "properties": {}
            },
            {
                "species": [
                    {
                        "element": "Al",
                        "occu": 1
                    }
                ],
                "abc": [
                    0.68358531,
                    0.31641469,
                    0.25
                ],
                "xyz": [
                    2.5944609175,
                    -1.6430246074384705,
                    1.6805119575
                ],
                "label": "Al",
                "properties": {}
            },
            {
                "species": [
                    {
                        "element": "Al",
                        "occu": 1
                    }
                ],
                "abc": [
                    0.31641469,
                    0.68358531,
                    0.75
                ],
                "xyz": [
                    1.0706762525000002,
                    1.6430246074384705,
                    5.0407484725
                ],
                "label": "Al",
                "properties": {}
            },
            {
                "species": [
                    {
                        "element": "O",
                        "occu": 1
                    }
                ],
                "abc": [
                    0.07672507,
                    0.92327493,
                    0.25
                ],
                "xyz": [
                    2.5944609175,
                    3.788163256100371,
                    1.6805119575
                ],
                "label": "O",
                "properties": {}
            },
            {
                "species": [
                    {
                        "element": "O",
                        "occu": 1
                    }
                ],
                "abc": [
                    0.92327493,
                    0.07672507,
                    0.75
                ],
                "xyz": [
                    1.0706762525000002,
                    -3.788163256100371,
                    5.0407484725
                ],
                "label": "O",
                "properties": {}
            },
            {
                "species": [
                    {
                        "element": "O",
                        "occu": 1
                    }
                ],
                "abc": [
                    0.09760971,
                    0.68980692,
                    0.88618383
                ],
                "xyz": [
                    -0.05785829584538593,
                    2.649979425059683,
                    5.955884535064336
                ],
                "label": "O",
                "properties": {}
            },
            {
                "species": [
                    {
                        "element": "O",
                        "occu": 1
                    }
                ],
                "abc": [
                    0.31019308,
                    0.90239029,
                    0.61381617
                ],
                "xyz": [
                    2.1992108008453872,
                    2.6499794250596835,
                    4.125612409935664
                ],
                "label": "O",
                "properties": {}
            },
            {
                "species": [
                    {
                        "element": "O",
                        "occu": 1
                    }
                ],
                "abc": [
                    0.90239029,
                    0.31019308,
                    0.11381617
                ],
                "xyz": [
                    3.7229954658453868,
                    -2.6499794250596835,
                    0.765375894935664
                ],
                "label": "O",
                "properties": {}
            },
            {
                "species": [
                    {
                        "element": "O",
                        "occu": 1
                    }
                ],
                "abc": [
                    0.68980692,
                    0.09760971,
                    0.38618383
                ],
                "xyz": [
                    1.4659263691546138,
                    -2.649979425059683,
                    2.5956480200643357
                ],
                "label": "O",
                "properties": {}
            },
            {
                "species": [
                    {
                        "element": "O",
                        "occu": 1
                    }
                ],
                "abc": [
                    0.36760936,
                    0.25304886,
                    0.08592447
                ],