{
    "mp_id": "mp-1209489",
    "nelements": 3,
    "nsites": 14,
    "elements": [
        "O",
        "Pb",
        "Rb"
    ],
    "structure": {
        "@module": "pymatgen.core.structure",
        "@class": "Structure",
        "charge": null,
        "lattice": {
            "matrix": [
                [
                    -4.36205747,
                    4.36205747,
                    4.36205747
                ],
                [
                    4.36205747,
                    -4.36205747,
                    4.36205747
                ],
                [
                    4.36205747,
                    4.36205747,
                    -4.36205747
                ]
            ],
            "a": 7.555305163575353,
            "b": 7.555305163575353,
            "c": 7.555305163575353,
            "alpha": 109.47122063449069,
            "beta": 109.47122063449069,
            "gamma": 109.47122063449069,
            "volume": 331.9969856955067
        },
        "sites": [
            {
                "species": [
                    {
                        "element": "Rb",
                        "occu": 1
                    }
                ],
                "abc": [
                    0.46376993,
                    0.46376993,
                    0.46376993
                ],
                "xyz": [
                    2.022991087517877,
                    2.022991087517877,
                    2.022991087517877
                ],
                "label": "Rb",
                "properties": {}
            },
            {
                "species": [
                    {
                        "element": "Rb",
                        "occu": 1
                    }
                ],
                "abc": [
                    0.03623007,
                    0.5,
                    0.0
                ],
                "xyz": [
                    2.022991087517877,
                    -2.022991087517877,
                    2.3390663824821227
                ],
                "label": "Rb",
                "properties": {}
            },
            {
                "species": [
                    {
                        "element": "Rb",
                        "occu": 1
                    }
                ],
                "abc": [
                    0.0,
                    0.03623007,
                    0.5
                ],
                "xyz": [
                    2.3390663824821227,
                    2.022991087517877,
                    -2.022991087517877
                ],
                "label": "Rb",
                "properties": {}
            },
            {
                "species": [
                    {
                        "element": "Rb",
                        "occu": 1
                    }
                ],
                "abc": [
                    0.5,
                    0.0,
                    0.03623007
                ],
                "xyz": [
                    -2.022991087517877,
                    2.3390663824821227,
                    2.022991087517877
                ],
                "label": "Rb",
                "properties": {}
            },
            {
                "species": [
                    {
                        "element": "Pb",
                        "occu": 1
                    }
                ],
                "abc": [
                    0.99989031,
                    0.99989031,
                    0.99989031
                ],
                "xyz": [
                    4.3615789959161155,
                    4.3615789959161155,
                    4.3615789959161155
                ],
                "label": "Pb",
                "properties": {}
            },
            {
                "species": [
                    {
                        "element": "Pb",
                        "occu": 1
                    }
                ],
                "abc": [
                    0.50010969,
                    0.5,
                    0.0
                ],
                "xyz": [
                    -0.0004784740838843504,
                    0.0004784740838843504,
                    4.362535944083884
                ],
                "label": "Pb",
                "properties": {}
            },
            {
                "species": [
                    {
                        "element": "Pb",
                        "occu": 1
                    }
                ],
                "abc": [
                    0.0,
                    0.50010969,
                    0.5
                ],
                "xyz": [
                    4.362535944083884,
                    -0.0004784740838843504,
                    0.0004784740838843504
                ],
                "label": "Pb",
                "properties": {}
            },
            {
                "species": [
                    {
                        "element": "Pb",
                        "occu": 1
                    }
                ],
                "abc": [
                    0.5,
                    0.0,
                    0.50010969
                ],
                "xyz": [
                    0.0004784740838843504,
                    4.362535944083884,
                    -0.0004784740838843504
                ],
                "label": "Pb",
                "properties": {}
            },
            {
                "species": [
                    {
                        "element": "O",
                        "occu": 1
                    }
                ],
                "abc": [
                    0.21997206,
                    0.96997206,
                    0.25
                ],
                "xyz": [
                    4.36205747,
                    -2.1810287350000004,
                    4.100090270028576
                ],
                "label": "O",
                "properties": {}
            },
            {
                "species": [
                    {
                        "element": "O",
                        "occu": 1
                    }
                ],
                "abc": [
                    0.28002794,
                    0.53002794,
                    0.75
                ],
                "xyz": [
                    4.36205747,
                    2.181028735,
                    0.2619671999714237
                ],
                "label": "O",
                "properties": {}
            },
            {
                "species": [
                    {
                        "element": "O",
                        "occu": 1
                    }
                ],
                "abc": [
                    0.96997206,
                    0.25,
                    0.21997206
                ],
                "xyz": [
                    -2.1810287350000004,
                    4.100090270028577,
                    4.36205747
                ],
                "label": "O",
                "properties": {}
            },
            {
                "species": [
                    {
                        "element": "O",
                        "occu": 1
                    }
                ],
                "abc": [
                    0.53002794,
                    0.75,
                    0.28002794
                ],
                "xyz": [
                    2.181028735,
                    0.2619671999714235,
                    4.362057470000001
                ],
                "label": "O",
                "properties": {}
            },
            {
                "species": [
                    {
                        "element": "O",
                        "occu": 1
                    }
                ],
                "abc": [
                    0.25,
                    0.21997206,
                    0.96997206
                ],