{
    "mp_id": "mp-1213950",
    "nelements": 4,
    "nsites": 14,
    "elements": [
        "Ag",
        "As",
        "Ca",
        "O"
    ],
    "structure": {
        "@module": "pymatgen.core.structure",
        "@class": "Structure",
        "charge": null,
        "lattice": {
            "matrix": [
                [
                    2.91430027,
                    -4.67531847,
                    0.0
                ],
                [
                    2.91430027,
                    4.67531847,
                    0.0
                ],
                [
                    0.0,
                    0.0,
                    7.03032051
                ]
            ],
            "a": 5.5092421311506365,
            "b": 5.5092421311506365,
            "c": 7.03032051,
            "alpha": 90.0,
            "beta": 90.0,
            "gamma": 116.12634946279826,
            "volume": 191.58019730335562
        },
        "sites": [
            {
                "species": [
                    {
                        "element": "Ca",
                        "occu": 1
                    }
                ],
                "abc": [
                    0.0,
                    0.0,
                    0.5
                ],
                "xyz": [
                    0.0,
                    0.0,
                    3.515160255
                ],
                "label": "Ca",
                "properties": {}
            },
            {
                "species": [
                    {
                        "element": "Ca",
                        "occu": 1
                    }
                ],
                "abc": [
                    0.0,
                    0.0,
                    0.0
                ],
                "xyz": [
                    0.0,
                    0.0,
                    0.0
                ],
                "label": "Ca",
                "properties": {}
            },
            {
                "species": [
                    {
                        "element": "Ag",
                        "occu": 1
                    }
                ],
                "abc": [
                    0.31544442,
                    0.68455558,
                    0.75
                ],
                "xyz": [
                    2.91430027,
                    1.7257122238311253,
                    5.2727403825
                ],
                "label": "Ag",
                "properties": {}
            },
            {
                "species": [
                    {
                        "element": "Ag",
                        "occu": 1
                    }
                ],
                "abc": [
                    0.68455558,
                    0.31544442,
                    0.25
                ],
                "xyz": [
                    2.91430027,
                    -1.7257122238311253,
                    1.7575801275
                ],
                "label": "Ag",
                "properties": {}
            },
            {
                "species": [
                    {
                        "element": "As",
                        "occu": 1
                    }
                ],
                "abc": [
                    0.65187207,
                    0.34812793,
                    0.75
                ],
                "xyz": [
                    2.91430027,
                    -1.4201005878962658,
                    5.2727403825
                ],
                "label": "As",
                "properties": {}
            },
            {
                "species": [
                    {
                        "element": "As",
                        "occu": 1
                    }
                ],
                "abc": [
                    0.34812793,
                    0.65187207,
                    0.25
                ],
                "xyz": [
                    2.91430027,
                    1.4201005878962658,
                    1.7575801275
                ],
                "label": "As",
                "properties": {}
            },
            {
                "species": [
                    {
                        "element": "O",
                        "occu": 1
                    }
                ],
                "abc": [
                    0.75879426,
                    0.24120574,
                    0.55428232
                ],
                "xyz": [
                    2.9143002700000005,
                    -2.4198911674159644,
                    3.896782362626383
                ],
                "label": "O",
                "properties": {}
            },
            {
                "species": [
                    {
                        "element": "O",
                        "occu": 1
                    }
                ],
                "abc": [
                    0.24120574,
                    0.75879426,
                    0.44571768
                ],
                "xyz": [
                    2.9143002700000005,
                    2.4198911674159644,
                    3.133538147373617
                ],
                "label": "O",
                "properties": {}
            },
            {
                "species": [
                    {
                        "element": "O",
                        "occu": 1
                    }
                ],
                "abc": [
                    0.24120574,
                    0.75879426,
                    0.05428232
                ],
                "xyz": [
                    2.9143002700000005,
                    2.4198911674159644,
                    0.3816221076263832
                ],
                "label": "O",
                "properties": {}
            },
            {
                "species": [
                    {
                        "element": "O",
                        "occu": 1
                    }
                ],
                "abc": [
                    0.75879426,
                    0.24120574,
                    0.94571768
                ],
                "xyz": [
                    2.9143002700000005,
                    -2.4198911674159644,
                    6.648698402373617
                ],
                "label": "O",
                "properties": {}
            },
            {
                "species": [
                    {
                        "element": "O",
                        "occu": 1
                    }
                ],
                "abc": [
                    0.77575174,
                    0.69641142,
                    0.75
                ],
                "xyz": [
                    4.290325494672054,
                    -0.3709412635117104,
                    5.2727403825
                ],
                "label": "O",
                "properties": {}
            },
            {
                "species": [
                    {
                        "element": "O",
                        "occu": 1
                    }
                ],
                "abc": [
                    0.22424826,
                    0.30358858,
                    0.25
                ],
                "xyz": [
                    1.5382750453279468,
                    0.3709412635117102,
                    1.7575801275
                ],
                "label": "O",
                "properties": {}
            },
            {
                "species": [
                    {
                        "element": "O",
                        "occu": 1
                    }
                ],
                "abc": [
                    0.30358858,
                    0.22424826,
                    0.75
                ],
                "xyz": [
                    1.5382750453279468,
                    -0.3709412635117102,
                    5.2727403825
                ],
                "label": "O",