{
    "mp_id": "mp-18741",
    "nelements": 4,
    "nsites": 14,
    "elements": [
        "Cr",
        "Li",
        "O",
        "Rb"
    ],
    "structure": {
        "@module": "pymatgen.core.structure",
        "@class": "Structure",
        "charge": null,
        "lattice": {
            "matrix": [
                [
                    5.36374122,
                    0.0,
                    0.0
                ],
                [
                    -2.68187061,
                    4.64513634,
                    0.0
                ],
                [
                    0.0,
                    0.0,
                    9.17971216
                ]
            ],
            "a": 5.36374122,
            "b": 5.36374137948227,
            "c": 9.17971216,
            "alpha": 90.0,
            "beta": 90.0,
            "gamma": 119.99999901642704,
            "volume": 228.71536737847217
        },
        "sites": [
            {
                "species": [
                    {
                        "element": "Rb",
                        "occu": 1
                    }
                ],
                "abc": [
                    0.0,
                    0.0,
                    0.49408312
                ],
                "xyz": [
                    0.0,
                    0.0,
                    4.535540824714738
                ],
                "label": "Rb",
                "properties": {}
            },
            {
                "species": [
                    {
                        "element": "Rb",
                        "occu": 1
                    }
                ],
                "abc": [
                    0.0,
                    0.0,
                    0.99408312
                ],
                "xyz": [
                    0.0,
                    0.0,
                    9.125396904714739
                ],
                "label": "Rb",
                "properties": {}
            },
            {
                "species": [
                    {
                        "element": "Li",
                        "occu": 1
                    }
                ],
                "abc": [
                    0.666667,
                    0.333333,
                    0.68127157
                ],
                "xyz": [
                    2.68187329187061,
                    1.5483772316212199,
                    6.253876915391291
                ],
                "label": "Li",
                "properties": {}
            },
            {
                "species": [
                    {
                        "element": "Li",
                        "occu": 1
                    }
                ],
                "abc": [
                    0.333333,
                    0.666667,
                    0.18127157
                ],
                "xyz": [
                    -2.681870610032888e-06,
                    3.0967591083787798,
                    1.664020835391291
                ],
                "label": "Li",
                "properties": {}
            },
            {
                "species": [
                    {
                        "element": "Cr",
                        "occu": 1
                    }
                ],
                "abc": [
                    0.333333,
                    0.666667,
                    0.79157394
                ],
                "xyz": [
                    -2.681870610032888e-06,
                    3.0967591083787798,
                    7.26642092255711
                ],
                "label": "Cr",
                "properties": {}
            },
            {
                "species": [
                    {
                        "element": "Cr",
                        "occu": 1
                    }
                ],
                "abc": [
                    0.666667,
                    0.333333,
                    0.29157394
                ],
                "xyz": [
                    2.68187329187061,
                    1.5483772316212199,
                    2.67656484255711
                ],
                "label": "Cr",
                "properties": {}
            },
            {
                "species": [
                    {
                        "element": "O",
                        "occu": 1
                    }
                ],
                "abc": [
                    0.62091157,
                    0.96286803,
                    0.73423733
                ],
                "xyz": [
                    0.7481215110183168,
                    4.472653276777209,
                    6.740087346526932
                ],
                "label": "O",
                "properties": {}
            },
            {
                "species": [
                    {
                        "element": "O",
                        "occu": 1
                    }
                ],
                "abc": [
                    0.03713197,
                    0.65804354,
                    0.73423733
                ],
                "xyz": [
                    -1.5656213519575557,
                    3.0567019609562434,
                    6.740087346526932
                ],
                "label": "O",
                "properties": {}
            },
            {
                "species": [
                    {
                        "element": "O",
                        "occu": 1
                    }
                ],
                "abc": [
                    0.34195646,
                    0.37908843,
                    0.73423733
                ],
                "xyz": [
                    0.8174998409392391,
                    1.760917442266546,
                    6.740087346526932
                ],
                "label": "O",
                "properties": {}
            },
            {
                "species": [
                    {
                        "element": "O",
                        "occu": 1
                    }
                ],
                "abc": [
                    0.96286803,
                    0.62091157,
                    0.23423733
                ],
                "xyz": [
                    3.4993704509392387,
                    2.8842188977334535,
                    2.1502312665269327
                ],
                "label": "O",
                "properties": {}
            },
            {
                "species": [
                    {
                        "element": "O",
                        "occu": 1
                    }
                ],
                "abc": [
                    0.666667,
                    0.333333,
                    0.47176038
                ],
                "xyz": [
                    2.68187329187061,
                    1.5483772316212199,
                    4.33062449689222
                ],
                "label": "O",
                "properties": {}
            },
            {
                "species": [
                    {
                        "element": "O",
                        "occu": 1
                    }
                ],
                "abc": [
                    0.333333,
                    0.666667,
                    0.97176038
                ],
                "xyz": [
                    -2.681870610032888e-06,
                    3.0967591083787798,
                    8.92048057689222
                ],
                "label": "O",
                "properties": {}
            },
            {
                "species": [
                    {
                        "element": "O",
                        "occu": 1
                    }
                ],
                "abc": [
                    0.37908843,
                    0.34195646,
                    0.23423733
                ],