{
    "mp_id": "mp-14951",
    "nelements": 3,
    "nsites": 14,
    "elements": [
        "Al",
        "O",
        "Rb"
    ],
    "structure": {
        "@module": "pymatgen.core.structure",
        "@class": "Structure",
        "charge": null,
        "lattice": {
            "matrix": [
                [
                    3.61735725,
                    -5.69085052,
                    -0.00029103
                ],
                [
                    3.61735725,
                    5.69085052,
                    -0.00029103
                ],
                [
                    -1.64949714,
                    0.0,
                    6.53834403
                ]
            ],
            "a": 6.743222760654604,
            "b": 6.743222760654604,
            "c": 6.743202760521504,
            "alpha": 97.54267657789903,
            "beta": 97.54267657789903,
            "gamma": 115.116297086599,
            "volume": 269.18913629805576
        },
        "sites": [
            {
                "species": [
                    {
                        "element": "Rb",
                        "occu": 1
                    }
                ],
                "abc": [
                    0.37032078,
                    0.37032078,
                    0.65229875
                ],
                "xyz": [
                    1.603200194166735,
                    0.0,
                    4.264738088925756
                ],
                "label": "Rb",
                "properties": {}
            },
            {
                "species": [
                    {
                        "element": "Rb",
                        "occu": 1
                    }
                ],
                "abc": [
                    0.62967922,
                    0.62967922,
                    0.34770125
                ],
                "xyz": [
                    3.9820171658332653,
                    0.0,
                    2.2730238810742445
                ],
                "label": "Rb",
                "properties": {}
            },
            {
                "species": [
                    {
                        "element": "Rb",
                        "occu": 1
                    }
                ],
                "abc": [
                    0.19772218,
                    0.80227782,
                    0.5
                ],
                "xyz": [
                    2.79260868,
                    3.4404357782629322,
                    3.268880985
                ],
                "label": "Rb",
                "properties": {}
            },
            {
                "species": [
                    {
                        "element": "Rb",
                        "occu": 1
                    }
                ],
                "abc": [
                    0.80227782,
                    0.19772218,
                    0.5
                ],
                "xyz": [
                    2.79260868,
                    -3.4404357782629322,
                    3.268880985
                ],
                "label": "Rb",
                "properties": {}
            },
            {
                "species": [
                    {
                        "element": "Rb",
                        "occu": 1
                    }
                ],
                "abc": [
                    0.2664227,
                    0.7335773,
                    0.0
                ],
                "xyz": [
                    3.61735725,
                    2.6585069983303917,
                    -0.00029103
                ],
                "label": "Rb",
                "properties": {}
            },
            {
                "species": [
                    {
                        "element": "Rb",
                        "occu": 1
                    }
                ],
                "abc": [
                    0.7335773,
                    0.2664227,
                    0.0
                ],
                "xyz": [
                    3.61735725,
                    -2.6585069983303917,
                    -0.00029103
                ],
                "label": "Rb",
                "properties": {}
            },
            {
                "species": [
                    {
                        "element": "Al",
                        "occu": 1
                    }
                ],
                "abc": [
                    0.84222016,
                    0.84222016,
                    0.85369815
                ],
                "xyz": [
                    4.685049746896029,
                    0.0,
                    5.581281979808215
                ],
                "label": "Al",
                "properties": {}
            },
            {
                "species": [
                    {
                        "element": "Al",
                        "occu": 1
                    }
                ],
                "abc": [
                    0.15777984,
                    0.15777984,
                    0.14630185
                ],
                "xyz": [
                    0.9001676131039711,
                    0.0,
                    0.9564799901917852
                ],
                "label": "Al",
                "properties": {}
            },
            {
                "species": [
                    {
                        "element": "O",
                        "occu": 1
                    }
                ],
                "abc": [
                    0.85140468,
                    0.59616775,
                    0.73737199
                ],
                "xyz": [
                    4.020093635939509,
                    -1.4525152158137034,
                    4.820770461701416
                ],
                "label": "O",
                "properties": {}
            },
            {
                "species": [
                    {
                        "element": "O",
                        "occu": 1
                    }
                ],
                "abc": [
                    0.40383225,
                    0.14859532,
                    0.26262801
                ],
                "xyz": [
                    1.565123724060491,
                    -1.4525152158137034,
                    1.7169915082985834
                ],
                "label": "O",
                "properties": {}
            },
            {
                "species": [
                    {
                        "element": "O",
                        "occu": 1
                    }
                ],
                "abc": [
                    0.14859532,
                    0.40383225,
                    0.26262801
                ],
                "xyz": [
                    1.565123724060491,
                    1.4525152158137034,
                    1.7169915082985834
                ],
                "label": "O",
                "properties": {}
            },
            {
                "species": [
                    {
                        "element": "O",
                        "occu": 1
                    }
                ],
                "abc": [
                    0.59616775,
                    0.85140468,
                    0.73737199
                ],
                "xyz": [
                    4.020093635939509,
                    1.4525152158137034,
                    4.820770461701416
                ],
                "label": "O",
                "properties": {}
            },
            {
                "species": [
                    {
                        "element": "O",
                        "occu": 1
                    }
                ],
                "abc": [
                    0.90126125,
                    0.90126125,
                    0.13539883
                ],