{
    "mp_id": "mp-1223057",
    "nelements": 4,
    "nsites": 12,
    "elements": [
        "Ag",
        "La",
        "Mo",
        "O"
    ],
    "structure": {
        "@module": "pymatgen.core.structure",
        "@class": "Structure",
        "charge": null,
        "lattice": {
            "matrix": [
                [
                    -2.67083134,
                    2.67083132,
                    5.74216632
                ],
                [
                    2.67083134,
                    -2.67083132,
                    5.74216632
                ],
                [
                    2.67083132,
                    2.67083134,
                    -5.74216632
                ]
            ],
            "a": 6.87307456915473,
            "b": 6.87307456915473,
            "c": 6.87307456915473,
            "alpha": 134.26599170859453,
            "beta": 134.26599170859453,
            "gamma": 66.67284711774627,
            "volume": 163.84329863476492
        },
        "sites": [
            {
                "species": [
                    {
                        "element": "La",
                        "occu": 1
                    }
                ],
                "abc": [
                    0.5,
                    0.5,
                    0.0
                ],
                "xyz": [
                    0.0,
                    0.0,
                    5.74216632
                ],
                "label": "La",
                "properties": {}
            },
            {
                "species": [
                    {
                        "element": "Ag",
                        "occu": 1
                    }
                ],
                "abc": [
                    0.75,
                    0.25,
                    0.5
                ],
                "xyz": [
                    -1.0000000161269895e-08,
                    2.6708313300000004,
                    2.87108316
                ],
                "label": "Ag",
                "properties": {}
            },
            {
                "species": [
                    {
                        "element": "Mo",
                        "occu": 1
                    }
                ],
                "abc": [
                    0.25,
                    0.75,
                    0.5
                ],
                "xyz": [
                    2.6708313300000004,
                    9.999999717180685e-09,
                    2.87108316
                ],
                "label": "Mo",
                "properties": {}
            },
            {
                "species": [
                    {
                        "element": "Mo",
                        "occu": 1
                    }
                ],
                "abc": [
                    0.0,
                    0.0,
                    0.0
                ],
                "xyz": [
                    0.0,
                    0.0,
                    0.0
                ],
                "label": "Mo",
                "properties": {}
            },
            {
                "species": [
                    {
                        "element": "O",
                        "occu": 1
                    }
                ],
                "abc": [
                    0.39765907,
                    0.51485918,
                    0.58893798
                ],
                "xyz": [
                    1.885975729360981,
                    1.259932289804848,
                    1.8580517282105062
                ],
                "label": "O",
                "properties": {}
            },
            {
                "species": [
                    {
                        "element": "O",
                        "occu": 1
                    }
                ],
                "abc": [
                    0.9259212,
                    0.80872109,
                    0.41106202
                ],
                "xyz": [
                    0.7848555906390191,
                    1.4108990501951517,
                    7.6002180482105075
                ],
                "label": "O",
                "properties": {}
            },
            {
                "species": [
                    {
                        "element": "O",
                        "occu": 1
                    }
                ],
                "abc": [
                    0.06886543,
                    0.15551314,
                    0.39252891
                ],
                "xyz": [
                    1.2797999262406927,
                    0.8169570970097623,
                    -0.9655472190445491
                ],
                "label": "O",
                "properties": {}
            },
            {
                "species": [
                    {
                        "element": "O",
                        "occu": 1
                    }
                ],
                "abc": [
                    0.76298422,
                    0.67633552,
                    0.60747109
                ],
                "xyz": [
                    1.391028749636281,
                    1.8538768871132445,
                    4.776613301367467
                ],
                "label": "O",
                "properties": {}
            },
            {
                "species": [
                    {
                        "element": "O",
                        "occu": 1
                    }
                ],
                "abc": [
                    0.84448686,
                    0.23701578,
                    0.91335229
                ],
                "xyz": [
                    0.8169571037180758,
                    4.061862707050993,
                    0.9655472764662125
                ],
                "label": "O",
                "properties": {}
            },
            {
                "species": [
                    {
                        "element": "O",
                        "occu": 1
                    }
                ],
                "abc": [
                    0.32366448,
                    0.93113457,
                    0.08664771
                ],
                "xyz": [
                    1.8538715721588979,
                    -1.3910287229279874,
                    6.707719281210869
                ],
                "label": "O",
                "properties": {}
            },
            {
                "species": [
                    {
                        "element": "O",
                        "occu": 1
                    }
                ],
                "abc": [
                    0.19127891,
                    0.60234093,
                    0.11720011
                ],
                "xyz": [
                    1.410899050195152,
                    -0.784855590639019,
                    3.884114591789494
                ],
                "label": "O",
                "properties": {}
            },
            {
                "species": [
                    {
                        "element": "O",
                        "occu": 1
                    }
                ],
                "abc": [
                    0.48514082,
                    0.0740788,
                    0.88279989
                ],
                "xyz": [
                    1.2599322698048483,
                    3.455686930639019,
                    -1.8580517282105067
                ],
                "label": "O",
                "properties": {}
            }
        ]
    },
    "spacegroup": {
        "source": "spglib",
        "symbol": "I-4",
        "number": 82,
        "point_group": "-4",
        "crystal_system": "tetragonal",
        "hall": "I -4"
    },