{
    "mp_id": "mp-1228141",
    "nelements": 4,
    "nsites": 15,
    "elements": [
        "Ba",
        "Ca",
        "O",
        "Ta"
    ],
    "structure": {
        "@module": "pymatgen.core.structure",
        "@class": "Structure",
        "charge": null,
        "lattice": {
            "matrix": [
                [
                    5.90087436,
                    0.0,
                    0.0
                ],
                [
                    -2.95043718,
                    5.11030655,
                    0.0
                ],
                [
                    0.0,
                    0.0,
                    7.28211272
                ]
            ],
            "a": 5.90087436,
            "b": 5.900873883426018,
            "c": 7.28211272,
            "alpha": 90.0,
            "beta": 90.0,
            "gamma": 120.00000267162814,
            "volume": 219.59412543497982
        },
        "sites": [
            {
                "species": [
                    {
                        "element": "Ba",
                        "occu": 1
                    }
                ],
                "abc": [
                    0.666667,
                    0.333333,
                    0.3377096
                ],
                "xyz": [
                    2.95044013043718,
                    1.70343381323115,
                    2.459239373826112
                ],
                "label": "Ba",
                "properties": {}
            },
            {
                "species": [
                    {
                        "element": "Ba",
                        "occu": 1
                    }
                ],
                "abc": [
                    0.333333,
                    0.666667,
                    0.6622904
                ],
                "xyz": [
                    -2.950437180126997e-06,
                    3.40687273676885,
                    4.822873346173887
                ],
                "label": "Ba",
                "properties": {}
            },
            {
                "species": [
                    {
                        "element": "Ba",
                        "occu": 1
                    }
                ],
                "abc": [
                    0.0,
                    0.0,
                    0.0
                ],
                "xyz": [
                    0.0,
                    0.0,
                    0.0
                ],
                "label": "Ba",
                "properties": {}
            },
            {
                "species": [
                    {
                        "element": "Ca",
                        "occu": 1
                    }
                ],
                "abc": [
                    0.0,
                    0.0,
                    0.5
                ],
                "xyz": [
                    0.0,
                    0.0,
                    3.64105636
                ],
                "label": "Ca",
                "properties": {}
            },
            {
                "species": [
                    {
                        "element": "Ta",
                        "occu": 1
                    }
                ],
                "abc": [
                    0.666667,
                    0.333333,
                    0.83346712
                ],
                "xyz": [
                    2.95044013043718,
                    1.70343381323115,
                    6.069401516253766
                ],
                "label": "Ta",
                "properties": {}
            },
            {
                "species": [
                    {
                        "element": "Ta",
                        "occu": 1
                    }
                ],
                "abc": [
                    0.333333,
                    0.666667,
                    0.16653288
                ],
                "xyz": [
                    -2.950437180126997e-06,
                    3.40687273676885,
                    1.2127112037462335
                ],
                "label": "Ta",
                "properties": {}
            },
            {
                "species": [
                    {
                        "element": "O",
                        "occu": 1
                    }
                ],
                "abc": [
                    0.17634035,
                    0.82365965,
                    0.31469522
                ],
                "xyz": [
                    -1.389593805077361,
                    4.2091533043657074,
                    2.291646064485198
                ],
                "label": "O",
                "properties": {}
            },
            {
                "species": [
                    {
                        "element": "O",
                        "occu": 1
                    }
                ],
                "abc": [
                    0.82365965,
                    0.17634035,
                    0.68530478
                ],
                "xyz": [
                    4.3400309850773615,
                    0.9011532456342924,
                    4.990466655514801
                ],
                "label": "O",
                "properties": {}
            },
            {
                "species": [
                    {
                        "element": "O",
                        "occu": 1
                    }
                ],
                "abc": [
                    0.5,
                    0.5,
                    0.0
                ],
                "xyz": [
                    1.47521859,
                    2.555153275,
                    0.0
                ],
                "label": "O",
                "properties": {}
            },
            {
                "species": [
                    {
                        "element": "O",
                        "occu": 1
                    }
                ],
                "abc": [
                    0.0,
                    0.5,
                    0.0
                ],
                "xyz": [
                    -1.47521859,
                    2.555153275,
                    0.0
                ],
                "label": "O",
                "properties": {}
            },
            {
                "species": [
                    {
                        "element": "O",
                        "occu": 1
                    }
                ],
                "abc": [
                    0.64731929,
                    0.82365965,
                    0.31469522
                ],
                "xyz": [
                    1.3895937460686172,
                    4.2091533043657074,
                    2.291646064485198
                ],
                "label": "O",
                "properties": {}
            },
            {
                "species": [
                    {
                        "element": "O",
                        "occu": 1
                    }
                ],
                "abc": [
                    0.35268071,
                    0.17634035,
                    0.68530478
                ],
                "xyz": [
                    1.560843433931383,
                    0.9011532456342924,
                    4.990466655514801
                ],
                "label": "O",
                "properties": {}
            },
            {
                "species": [
                    {
                        "element": "O",
                        "occu": 1
                    }
                ],
                "abc": [
                    0.17634035,
                    0.35268071,
                    0.31469522
                ],
                "xyz": [
                    -2.950437183457666e-08,
                    1.8023065423716504,
                    2.291646064485198
                ],
                "label": "O",