{
    "mp_id": "mp-19039",
    "nelements": 3,
    "nsites": 12,
    "elements": [
        "Cd",
        "Mo",
        "O"
    ],
    "structure": {
        "@module": "pymatgen.core.structure",
        "@class": "Structure",
        "charge": null,
        "lattice": {
            "matrix": [
                [
                    -2.58424872,
                    2.58424875,
                    5.56660515
                ],
                [
                    2.58424872,
                    -2.58424875,
                    5.56660515
                ],
                [
                    2.58424875,
                    2.58424872,
                    -5.56660515
                ]
            ],
            "a": 6.65911224899421,
            "b": 6.65911224899421,
            "c": 6.65911224899421,
            "alpha": 134.33019689676735,
            "beta": 134.33019689676735,
            "gamma": 66.57272279841197,
            "volume": 148.70276129160223
        },
        "sites": [
            {
                "species": [
                    {
                        "element": "Cd",
                        "occu": 1
                    }
                ],
                "abc": [
                    0.75,
                    0.25,
                    0.5
                ],
                "xyz": [
                    1.499999968679333e-08,
                    2.584248735,
                    2.783302575
                ],
                "label": "Cd",
                "properties": {}
            },
            {
                "species": [
                    {
                        "element": "Cd",
                        "occu": 1
                    }
                ],
                "abc": [
                    0.0,
                    0.0,
                    0.0
                ],
                "xyz": [
                    0.0,
                    0.0,
                    0.0
                ],
                "label": "Cd",
                "properties": {}
            },
            {
                "species": [
                    {
                        "element": "Mo",
                        "occu": 1
                    }
                ],
                "abc": [
                    0.25,
                    0.75,
                    0.5
                ],
                "xyz": [
                    2.584248735,
                    -1.499999968679333e-08,
                    2.783302575
                ],
                "label": "Mo",
                "properties": {}
            },
            {
                "species": [
                    {
                        "element": "Mo",
                        "occu": 1
                    }
                ],
                "abc": [
                    0.5,
                    0.5,
                    0.0
                ],
                "xyz": [
                    0.0,
                    0.0,
                    5.56660515
                ],
                "label": "Mo",
                "properties": {}
            },
            {
                "species": [
                    {
                        "element": "O",
                        "occu": 1
                    }
                ],
                "abc": [
                    0.42682094,
                    0.83249234,
                    0.08291259
                ],
                "xyz": [
                    1.2626225532573707,
                    -0.8340890537813652,
                    6.548558139417553
                ],
                "label": "O",
                "properties": {}
            },
            {
                "species": [
                    {
                        "element": "O",
                        "occu": 1
                    }
                ],
                "abc": [
                    0.58249234,
                    0.99957975,
                    0.9056714
                ],
                "xyz": [
                    3.418337788781365,
                    1.2626225382573708,
                    3.7652555644175534
                ],
                "label": "O",
                "properties": {}
            },
            {
                "species": [
                    {
                        "element": "O",
                        "occu": 1
                    }
                ],
                "abc": [
                    0.09390835,
                    0.67682094,
                    0.0943286
                ],
                "xyz": [
                    1.750159681218635,
                    -1.2626225682573704,
                    3.7652555644175543
                ],
                "label": "O",
                "properties": {}
            },
            {
                "species": [
                    {
                        "element": "O",
                        "occu": 1
                    }
                ],
                "abc": [
                    0.74957975,
                    0.34390835,
                    0.91708741
                ],
                "xyz": [
                    1.3216261967426295,
                    3.4183377737813654,
                    0.9819529894175529
                ],
                "label": "O",
                "properties": {}
            },
            {
                "species": [
                    {
                        "element": "O",
                        "occu": 1
                    }
                ],
                "abc": [
                    0.00042025,
                    0.90609165,
                    0.58291259
                ],
                "xyz": [
                    3.84687128825737,
                    -0.8340890687813654,
                    1.8013495855824466
                ],
                "label": "O",
                "properties": {}
            },
            {
                "species": [
                    {
                        "element": "O",
                        "occu": 1
                    }
                ],
                "abc": [
                    0.65609165,
                    0.57317906,
                    0.4056714
                ],
                "xyz": [
                    0.8340890537813652,
                    1.2626225532573707,
                    4.584652160582447
                ],
                "label": "O",
                "properties": {}
            },
            {
                "species": [
                    {
                        "element": "O",
                        "occu": 1
                    }
                ],
                "abc": [
                    0.16750766,
                    0.25042025,
                    0.5943286
                ],
                "xyz": [
                    1.7501596962186348,
                    1.3216261667426297,
                    -0.9819529894175534
                ],
                "label": "O",
                "properties": {}
            },
            {
                "species": [
                    {
                        "element": "O",
                        "occu": 1
                    }
                ],
                "abc": [
                    0.32317906,
                    0.41750766,
                    0.41708741
                ],
                "xyz": [
                    1.3216261817426296,
                    0.8340890387813654,
                    1.8013495855824466
                ],
                "label": "O",
                "properties": {}
            }
        ]
    },
    "spacegroup": {
        "source": "spglib",
        "symbol": "I4_1/a",
        "number": 88,
        "point_group": "4/m",
        "crystal_system": "tetragonal",
        "hall": "I 4bw -1bw"
    },