{
    "mp_id": "mp-19215",
    "nelements": 3,
    "nsites": 12,
    "elements": [
        "Ca",
        "Cr",
        "O"
    ],
    "structure": {
        "@module": "pymatgen.core.structure",
        "@class": "Structure",
        "charge": null,
        "lattice": {
            "matrix": [
                [
                    -3.61399059,
                    3.61399059,
                    3.10722704
                ],
                [
                    3.61399059,
                    -3.61399059,
                    3.10722704
                ],
                [
                    3.61399059,
                    3.61399059,
                    -3.10722704
                ]
            ],
            "a": 5.9813640457109996,
            "b": 5.9813640457109996,
            "c": 5.9813640457109996,
            "alpha": 105.65619456726574,
            "beta": 105.65619456726574,
            "gamma": 117.40461642353054,
            "volume": 162.33307440507352
        },
        "sites": [
            {
                "species": [
                    {
                        "element": "Ca",
                        "occu": 1
                    }
                ],
                "abc": [
                    0.75,
                    0.25,
                    0.5
                ],
                "xyz": [
                    2.220446049250313e-16,
                    3.6139905899999993,
                    1.55361352
                ],
                "label": "Ca",
                "properties": {}
            },
            {
                "species": [
                    {
                        "element": "Ca",
                        "occu": 1
                    }
                ],
                "abc": [
                    0.0,
                    0.0,
                    0.0
                ],
                "xyz": [
                    0.0,
                    0.0,
                    0.0
                ],
                "label": "Ca",
                "properties": {}
            },
            {
                "species": [
                    {
                        "element": "Cr",
                        "occu": 1
                    }
                ],
                "abc": [
                    0.5,
                    0.5,
                    0.0
                ],
                "xyz": [
                    0.0,
                    0.0,
                    3.10722704
                ],
                "label": "Cr",
                "properties": {}
            },
            {
                "species": [
                    {
                        "element": "Cr",
                        "occu": 1
                    }
                ],
                "abc": [
                    0.25,
                    0.75,
                    0.5
                ],
                "xyz": [
                    3.6139905899999993,
                    2.220446049250313e-16,
                    1.55361352
                ],
                "label": "Cr",
                "properties": {}
            },
            {
                "species": [
                    {
                        "element": "O",
                        "occu": 1
                    }
                ],
                "abc": [
                    0.23123757,
                    0.9122251,
                    0.31901146
                ],
                "xyz": [
                    3.613986939869504,
                    -1.3081781107851813,
                    2.5617570928727185
                ],
                "label": "O",
                "properties": {}
            },
            {
                "species": [
                    {
                        "element": "O",
                        "occu": 1
                    }
                ],
                "abc": [
                    0.6622251,
                    0.84321364,
                    0.18098854
                ],
                "xyz": [
                    1.3081817609156774,
                    -1.1102230246251565e-16,
                    4.115367474573408
                ],
                "label": "O",
                "properties": {}
            },
            {
                "species": [
                    {
                        "element": "O",
                        "occu": 1
                    }
                ],
                "abc": [
                    0.6622251,
                    0.48123757,
                    0.81901146
                ],
                "xyz": [
                    2.305812479214819,
                    3.613986939869504,
                    1.0081435728727182
                ],
                "label": "O",
                "properties": {}
            },
            {
                "species": [
                    {
                        "element": "O",
                        "occu": 1
                    }
                ],
                "abc": [
                    0.59321364,
                    0.9122251,
                    0.68098854
                ],
                "xyz": [
                    3.61399059,
                    1.308181760915677,
                    2.5617539545734083
                ],
                "label": "O",
                "properties": {}
            },
            {
                "species": [
                    {
                        "element": "O",
                        "occu": 1
                    }
                ],
                "abc": [
                    0.0877749,
                    0.40678636,
                    0.31901146
                ],
                "xyz": [
                    2.305808829084323,
                    2.220446049250313e-16,
                    0.5454730854265919
                ],
                "label": "O",
                "properties": {}
            },
            {
                "species": [
                    {
                        "element": "O",
                        "occu": 1
                    }
                ],
                "abc": [
                    0.51876243,
                    0.3377749,
                    0.18098854
                ],
                "xyz": [
                    3.650130495969073e-06,
                    1.3081781107851813,
                    2.099083467127282
                ],
                "label": "O",
                "properties": {}
            },
            {
                "species": [
                    {
                        "element": "O",
                        "occu": 1
                    }
                ],
                "abc": [
                    0.15678636,
                    0.3377749,
                    0.81901146
                ],
                "xyz": [
                    3.6139905900000002,
                    2.305808829084323,
                    -1.008140434573408
                ],
                "label": "O",
                "properties": {}
            },
            {
                "species": [
                    {
                        "element": "O",
                        "occu": 1
                    }
                ],
                "abc": [
                    0.0877749,
                    0.76876243,
                    0.68098854
                ],
                "xyz": [
                    4.922168700785181,
                    3.650130495636006e-06,
                    0.5454699471272821
                ],
                "label": "O",
                "properties": {}
            }
        ]
    },
    "spacegroup": {
        "source": "spglib",
        "symbol": "I4_1/amd",
        "number": 141,
        "point_group": "4/mmm",
        "crystal_system": "tetragonal",
        "hall": "I 4bw 2bw -1bw"
    },