{
    "mp_id": "mp-14100",
    "nelements": 3,
    "nsites": 14,
    "elements": [
        "Cd",
        "O",
        "Rh"
    ],
    "structure": {
        "@module": "pymatgen.core.structure",
        "@class": "Structure",
        "charge": null,
        "lattice": {
            "matrix": [
                [
                    0.0,
                    4.37161741,
                    4.37161741
                ],
                [
                    4.37161741,
                    0.0,
                    4.37161741
                ],
                [
                    4.37161741,
                    4.37161741,
                    0.0
                ]
            ],
            "a": 6.182400630728343,
            "b": 6.182400630728343,
            "c": 6.182400630728343,
            "alpha": 59.99999999999999,
            "beta": 59.99999999999999,
            "gamma": 59.99999999999999,
            "volume": 167.09229970255245
        },
        "sites": [
            {
                "species": [
                    {
                        "element": "Cd",
                        "occu": 1
                    }
                ],
                "abc": [
                    0.0,
                    0.0,
                    0.0
                ],
                "xyz": [
                    0.0,
                    0.0,
                    0.0
                ],
                "label": "Cd",
                "properties": {}
            },
            {
                "species": [
                    {
                        "element": "Cd",
                        "occu": 1
                    }
                ],
                "abc": [
                    0.25,
                    0.25,
                    0.25
                ],
                "xyz": [
                    2.185808705,
                    2.185808705,
                    2.185808705
                ],
                "label": "Cd",
                "properties": {}
            },
            {
                "species": [
                    {
                        "element": "Rh",
                        "occu": 1
                    }
                ],
                "abc": [
                    0.625,
                    0.625,
                    0.625
                ],
                "xyz": [
                    5.4645217624999995,
                    5.4645217624999995,
                    5.4645217624999995
                ],
                "label": "Rh",
                "properties": {}
            },
            {
                "species": [
                    {
                        "element": "Rh",
                        "occu": 1
                    }
                ],
                "abc": [
                    0.125,
                    0.625,
                    0.625
                ],
                "xyz": [
                    5.4645217624999995,
                    3.2787130574999996,
                    3.2787130574999996
                ],
                "label": "Rh",
                "properties": {}
            },
            {
                "species": [
                    {
                        "element": "Rh",
                        "occu": 1
                    }
                ],
                "abc": [
                    0.625,
                    0.625,
                    0.125
                ],
                "xyz": [
                    3.2787130574999996,
                    3.2787130574999996,
                    5.4645217624999995
                ],
                "label": "Rh",
                "properties": {}
            },
            {
                "species": [
                    {
                        "element": "Rh",
                        "occu": 1
                    }
                ],
                "abc": [
                    0.625,
                    0.125,
                    0.625
                ],
                "xyz": [
                    3.2787130574999996,
                    5.4645217624999995,
                    3.2787130574999996
                ],
                "label": "Rh",
                "properties": {}
            },
            {
                "species": [
                    {
                        "element": "O",
                        "occu": 1
                    }
                ],
                "abc": [
                    0.3933097,
                    0.8200719,
                    0.3933097
                ],
                "xyz": [
                    5.304440127533656,
                    3.438799064083754,
                    5.304440127533656
                ],
                "label": "O",
                "properties": {}
            },
            {
                "species": [
                    {
                        "element": "O",
                        "occu": 1
                    }
                ],
                "abc": [
                    0.8566903,
                    0.8566903,
                    0.4299281
                ],
                "xyz": [
                    5.624603397466344,
                    5.624603397466344,
                    7.490244460916246
                ],
                "label": "O",
                "properties": {}
            },
            {
                "species": [
                    {
                        "element": "O",
                        "occu": 1
                    }
                ],
                "abc": [
                    0.8566903,
                    0.8566903,
                    0.8566903
                ],
                "xyz": [
                    7.490244460916246,
                    7.490244460916246,
                    7.490244460916246
                ],
                "label": "O",
                "properties": {}
            },
            {
                "species": [
                    {
                        "element": "O",
                        "occu": 1
                    }
                ],
                "abc": [
                    0.4299281,
                    0.8566903,
                    0.8566903
                ],
                "xyz": [
                    7.490244460916246,
                    5.624603397466344,
                    5.624603397466344
                ],
                "label": "O",
                "properties": {}
            },
            {
                "species": [
                    {
                        "element": "O",
                        "occu": 1
                    }
                ],
                "abc": [
                    0.3933097,
                    0.3933097,
                    0.3933097
                ],
                "xyz": [
                    3.438799064083754,
                    3.438799064083754,
                    3.438799064083754
                ],
                "label": "O",
                "properties": {}
            },
            {
                "species": [
                    {
                        "element": "O",
                        "occu": 1
                    }
                ],
                "abc": [
                    0.8200719,
                    0.3933097,
                    0.3933097
                ],
                "xyz": [
                    3.438799064083754,
                    5.304440127533656,
                    5.304440127533656
                ],
                "label": "O",
                "properties": {}
            },
            {
                "species": [
                    {
                        "element": "O",
                        "occu": 1
                    }
                ],
                "abc": [
                    0.8566903,
                    0.4299281,
                    0.8566903
                ],
                "xyz": [
                    5.624603397466344,
                    7.490244460916246,
                    5.624603397466344
                ],