{
    "mp_id": "mp-1222349",
    "nelements": 4,
    "nsites": 14,
    "elements": [
        "Ge",
        "Li",
        "O",
        "Rh"
    ],
    "structure": {
        "@module": "pymatgen.core.structure",
        "@class": "Structure",
        "charge": null,
        "lattice": {
            "matrix": [
                [
                    -2.89976513,
                    3.00879576,
                    4.17126306
                ],
                [
                    2.89976513,
                    -3.00879576,
                    4.17126306
                ],
                [
                    2.89976513,
                    3.00879576,
                    -4.17126306
                ]
            ],
            "a": 5.904314121917841,
            "b": 5.904314121917841,
            "c": 5.904314121917841,
            "alpha": 121.17069984182719,
            "beta": 118.72658431111705,
            "gamma": 90.10198945359184,
            "volume": 145.5737609381191
        },
        "sites": [
            {
                "species": [
                    {
                        "element": "Li",
                        "occu": 1
                    }
                ],
                "abc": [
                    0.12642541,
                    0.87642541,
                    0.25
                ],
                "xyz": [
                    2.89976513,
                    -1.50439788,
                    3.140338815156709
                ],
                "label": "Li",
                "properties": {}
            },
            {
                "species": [
                    {
                        "element": "Li",
                        "occu": 1
                    }
                ],
                "abc": [
                    0.87357459,
                    0.12357459,
                    0.75
                ],
                "xyz": [
                    -4.440892098500626e-16,
                    4.51319364,
                    1.0309242448432911
                ],
                "label": "Li",
                "properties": {}
            },
            {
                "species": [
                    {
                        "element": "Ge",
                        "occu": 1
                    }
                ],
                "abc": [
                    0.5,
                    0.5,
                    0.5
                ],
                "xyz": [
                    1.449882565,
                    1.50439788,
                    2.08563153
                ],
                "label": "Ge",
                "properties": {}
            },
            {
                "species": [
                    {
                        "element": "Ge",
                        "occu": 1
                    }
                ],
                "abc": [
                    0.5,
                    0.0,
                    0.0
                ],
                "xyz": [
                    -1.449882565,
                    1.50439788,
                    2.08563153
                ],
                "label": "Ge",
                "properties": {}
            },
            {
                "species": [
                    {
                        "element": "Rh",
                        "occu": 1
                    }
                ],
                "abc": [
                    0.5,
                    0.5,
                    0.0
                ],
                "xyz": [
                    0.0,
                    0.0,
                    4.17126306
                ],
                "label": "Rh",
                "properties": {}
            },
            {
                "species": [
                    {
                        "element": "Rh",
                        "occu": 1
                    }
                ],
                "abc": [
                    0.0,
                    0.5,
                    0.5
                ],
                "xyz": [
                    2.89976513,
                    0.0,
                    0.0
                ],
                "label": "Rh",
                "properties": {}
            },
            {
                "species": [
                    {
                        "element": "O",
                        "occu": 1
                    }
                ],
                "abc": [
                    0.72578373,
                    0.25721051,
                    0.46857322
                ],
                "xyz": [
                    0.0,
                    2.819682235171094,
                    2.145785398013521
                ],
                "label": "O",
                "properties": {}
            },
            {
                "species": [
                    {
                        "element": "O",
                        "occu": 1
                    }
                ],
                "abc": [
                    0.28863729,
                    0.25721051,
                    0.03142678
                ],
                "xyz": [
                    -4.163336342344337e-17,
                    0.1891135248289056,
                    2.1457853980135213
                ],
                "label": "O",
                "properties": {}
            },
            {
                "species": [
                    {
                        "element": "O",
                        "occu": 1
                    }
                ],
                "abc": [
                    0.72785235,
                    0.24590324,
                    0.0180509
                ],
                "xyz": [
                    -1.3451958532274173,
                    1.5043979100879576,
                    3.9864956696657514
                ],
                "label": "O",
                "properties": {}
            },
            {
                "species": [
                    {
                        "element": "O",
                        "occu": 1
                    }
                ],
                "abc": [
                    0.72785235,
                    0.70980045,
                    0.4819491
                ],
                "xyz": [
                    1.345192924464636,
                    1.50440088879576,
                    3.9864915401153223
                ],
                "label": "O",
                "properties": {}
            },
            {
                "species": [
                    {
                        "element": "O",
                        "occu": 1
                    }
                ],
                "abc": [
                    0.27421627,
                    0.74278949,
                    0.53142678
                ],
                "xyz": [
                    2.8997651300000005,
                    0.1891135248289051,
                    2.0254776619864794
                ],
                "label": "O",
                "properties": {}
            },
            {
                "species": [
                    {
                        "element": "O",
                        "occu": 1
                    }
                ],
                "abc": [
                    0.71136271,
                    0.74278949,
                    0.96857322
                ],
                "xyz": [
                    2.8997651300000005,
                    2.819682235171094,
                    2.0254776619864794
                ],
                "label": "O",
                "properties": {}
            },
            {
                "species": [
                    {
                        "element": "O",
                        "occu": 1
                    }
                ],
                "abc": [
                    0.27214765,
                    0.75409676,
                    0.9819491
                ],
                "xyz": [
                    4.2449609832274176,
                    1.5043978499120423,
                    0.18476739033424838
                ],