{
    "mp_id": "mp-1214569",
    "nelements": 4,
    "nsites": 15,
    "elements": [
        "Ba",
        "Ca",
        "Nb",
        "O"
    ],
    "structure": {
        "@module": "pymatgen.core.structure",
        "@class": "Structure",
        "charge": null,
        "lattice": {
            "matrix": [
                [
                    5.93034085,
                    0.0,
                    0.0
                ],
                [
                    -2.96517042,
                    5.13582554,
                    0.0
                ],
                [
                    0.0,
                    0.0,
                    7.31426929
                ]
            ],
            "a": 5.93034085,
            "b": 5.930340597044934,
            "c": 7.31426929,
            "alpha": 90.0,
            "beta": 90.0,
            "gamma": 120.0000013552154,
            "volume": 222.77213335013488
        },
        "sites": [
            {
                "species": [
                    {
                        "element": "Ba",
                        "occu": 1
                    }
                ],
                "abc": [
                    0.0,
                    0.0,
                    0.0
                ],
                "xyz": [
                    0.0,
                    0.0,
                    0.0
                ],
                "label": "Ba",
                "properties": {}
            },
            {
                "species": [
                    {
                        "element": "Ba",
                        "occu": 1
                    }
                ],
                "abc": [
                    0.333333,
                    0.666667,
                    0.66685267
                ],
                "xyz": [
                    -2.9618370902539937e-06,
                    3.42388540527518,
                    4.877540005135505
                ],
                "label": "Ba",
                "properties": {}
            },
            {
                "species": [
                    {
                        "element": "Ba",
                        "occu": 1
                    }
                ],
                "abc": [
                    0.666667,
                    0.333333,
                    0.33314733
                ],
                "xyz": [
                    2.9651733918370904,
                    1.71194013472482,
                    2.436729284864496
                ],
                "label": "Ba",
                "properties": {}
            },
            {
                "species": [
                    {
                        "element": "Ca",
                        "occu": 1
                    }
                ],
                "abc": [
                    0.0,
                    0.0,
                    0.5
                ],
                "xyz": [
                    0.0,
                    0.0,
                    3.657134645
                ],
                "label": "Ca",
                "properties": {}
            },
            {
                "species": [
                    {
                        "element": "Nb",
                        "occu": 1
                    }
                ],
                "abc": [
                    0.333333,
                    0.666667,
                    0.16895378
                ],
                "xyz": [
                    -2.9618370902539937e-06,
                    3.42388540527518,
                    1.2357734444834163
                ],
                "label": "Nb",
                "properties": {}
            },
            {
                "species": [
                    {
                        "element": "Nb",
                        "occu": 1
                    }
                ],
                "abc": [
                    0.666667,
                    0.333333,
                    0.83104622
                ],
                "xyz": [
                    2.9651733918370904,
                    1.71194013472482,
                    6.078495845516584
                ],
                "label": "Nb",
                "properties": {}
            },
            {
                "species": [
                    {
                        "element": "O",
                        "occu": 1
                    }
                ],
                "abc": [
                    0.17530901,
                    0.82469099,
                    0.31599408
                ],
                "xyz": [
                    -1.4057071458124577,
                    4.235469049049884,
                    2.3112657951658035
                ],
                "label": "O",
                "properties": {}
            },
            {
                "species": [
                    {
                        "element": "O",
                        "occu": 1
                    }
                ],
                "abc": [
                    0.82469099,
                    0.17530901,
                    0.68400592
                ],
                "xyz": [
                    4.370877575812458,
                    0.9003564909501153,
                    5.003003494834197
                ],
                "label": "O",
                "properties": {}
            },
            {
                "species": [
                    {
                        "element": "O",
                        "occu": 1
                    }
                ],
                "abc": [
                    0.17530901,
                    0.35061903,
                    0.31599408
                ],
                "xyz": [
                    -2.9930690341739563e-06,
                    1.8007181690840262,
                    2.3112657951658035
                ],
                "label": "O",
                "properties": {}
            },
            {
                "species": [
                    {
                        "element": "O",
                        "occu": 1
                    }
                ],
                "abc": [
                    0.82469099,
                    0.64938097,
                    0.68400592
                ],
                "xyz": [
                    2.965173423069035,
                    3.3351073709159733,
                    5.003003494834197
                ],
                "label": "O",
                "properties": {}
            },
            {
                "species": [
                    {
                        "element": "O",
                        "occu": 1
                    }
                ],
                "abc": [
                    0.64938097,
                    0.82469099,
                    0.31599408
                ],
                "xyz": [
                    1.4057011644151083,
                    4.235469049049884,
                    2.3112657951658035
                ],
                "label": "O",
                "properties": {}
            },
            {
                "species": [
                    {
                        "element": "O",
                        "occu": 1
                    }
                ],
                "abc": [
                    0.35061903,
                    0.17530901,
                    0.68400592
                ],
                "xyz": [
                    1.5594692655848912,
                    0.9003564909501153,
                    5.003003494834197
                ],
                "label": "O",
                "properties": {}
            },
            {
                "species": [
                    {
                        "element": "O",
                        "occu": 1
                    }
                ],
                "abc": [
                    0.5,
                    0.0,
                    0.0
                ],
                "xyz": [
                    2.965170425,
                    0.0,
                    0.0
                ],
                "label": "O",