{
    "mp_id": "mp-1206097",
    "nelements": 4,
    "nsites": 10,
    "elements": [
        "Ba",
        "Mo",
        "O",
        "Zn"
    ],
    "structure": {
        "@module": "pymatgen.core.structure",
        "@class": "Structure",
        "charge": null,
        "lattice": {
            "matrix": [
                [
                    0.0,
                    4.034614,
                    4.034614
                ],
                [
                    4.034614,
                    0.0,
                    4.034614
                ],
                [
                    4.034614,
                    4.034614,
                    0.0
                ]
            ],
            "a": 5.705805837740363,
            "b": 5.705805837740363,
            "c": 5.705805837740363,
            "alpha": 60.00000000000001,
            "beta": 60.00000000000001,
            "gamma": 60.00000000000001,
            "volume": 131.35178203997816
        },
        "sites": [
            {
                "species": [
                    {
                        "element": "Ba",
                        "occu": 1
                    }
                ],
                "abc": [
                    0.25,
                    0.25,
                    0.25
                ],
                "xyz": [
                    2.017307,
                    2.017307,
                    2.017307
                ],
                "label": "Ba",
                "properties": {}
            },
            {
                "species": [
                    {
                        "element": "Ba",
                        "occu": 1
                    }
                ],
                "abc": [
                    0.75,
                    0.75,
                    0.75
                ],
                "xyz": [
                    6.051921,
                    6.051921,
                    6.051921
                ],
                "label": "Ba",
                "properties": {}
            },
            {
                "species": [
                    {
                        "element": "Zn",
                        "occu": 1
                    }
                ],
                "abc": [
                    0.5,
                    0.5,
                    0.5
                ],
                "xyz": [
                    4.034614,
                    4.034614,
                    4.034614
                ],
                "label": "Zn",
                "properties": {}
            },
            {
                "species": [
                    {
                        "element": "Mo",
                        "occu": 1
                    }
                ],
                "abc": [
                    0.0,
                    0.0,
                    0.0
                ],
                "xyz": [
                    0.0,
                    0.0,
                    0.0
                ],
                "label": "Mo",
                "properties": {}
            },
            {
                "species": [
                    {
                        "element": "O",
                        "occu": 1
                    }
                ],
                "abc": [
                    0.759389,
                    0.240611,
                    0.240611
                ],
                "xyz": [
                    1.941545018308,
                    4.034614,
                    4.034614
                ],
                "label": "O",
                "properties": {}
            },
            {
                "species": [
                    {
                        "element": "O",
                        "occu": 1
                    }
                ],
                "abc": [
                    0.240611,
                    0.759389,
                    0.759389
                ],
                "xyz": [
                    6.127682981692001,
                    4.034614,
                    4.034614
                ],
                "label": "O",
                "properties": {}
            },
            {
                "species": [
                    {
                        "element": "O",
                        "occu": 1
                    }
                ],
                "abc": [
                    0.240611,
                    0.759389,
                    0.240611
                ],
                "xyz": [
                    4.034614,
                    1.941545018308,
                    4.034614
                ],
                "label": "O",
                "properties": {}
            },
            {
                "species": [
                    {
                        "element": "O",
                        "occu": 1
                    }
                ],
                "abc": [
                    0.759389,
                    0.240611,
                    0.759389
                ],
                "xyz": [
                    4.034614,
                    6.127682981692001,
                    4.034614
                ],
                "label": "O",
                "properties": {}
            },
            {
                "species": [
                    {
                        "element": "O",
                        "occu": 1
                    }
                ],
                "abc": [
                    0.240611,
                    0.240611,
                    0.759389
                ],
                "xyz": [
                    4.034614,
                    4.034614,
                    1.941545018308
                ],
                "label": "O",
                "properties": {}
            },
            {
                "species": [
                    {
                        "element": "O",
                        "occu": 1
                    }
                ],
                "abc": [
                    0.759389,
                    0.759389,
                    0.240611
                ],
                "xyz": [
                    4.034614,
                    4.034614,
                    6.127682981692001
                ],
                "label": "O",
                "properties": {}
            }
        ]
    },
    "spacegroup": {
        "source": "spglib",
        "symbol": "Fm-3m",
        "number": 225,
        "point_group": "m-3m",
        "crystal_system": "cubic",
        "hall": "-F 4 2 3"
    },
    "dielectric": {
        "epsilon_ionic": [
            [
                26.38189916,
                2e-08,
                2e-08
            ],
            [
                2e-08,
                26.38208627,
                -0.0
            ],
            [
                2e-08,
                -0.0,
                26.3776023
            ]
        ],
        "epsilon_ionic_avg": 26.380529243333346,
        "epsilon_ionic_eig": [
            26.38189915999798,
            26.38208627000215,
            26.37760229999991
        ],
        "epsilon_electronic": [
            [
                5.42722804,
                0.0,
                0.0
            ],
            [
                0.0,
                5.42722804,
                0.0
            ],
            [
                0.0,
                0.0,
                5.42722804
            ]
        ],
        "epsilon_electronic_avg": 5.42722804,
        "epsilon_electronic_eig": [
            5.42722804,
            5.42722804,
            5.42722804
        ]
    },
    "phonon": {
        "lowest_freq": -0.027201215781349652,