{
    "mp_id": "mp-1222719",
    "nelements": 4,
    "nsites": 9,
    "elements": [
        "La",
        "O",
        "Sb",
        "Ti"
    ],
    "structure": {
        "@module": "pymatgen.core.structure",
        "@class": "Structure",
        "charge": null,
        "lattice": {
            "matrix": [
                [
                    5.25055625,
                    0.0,
                    0.0
                ],
                [
                    -2.62527812,
                    4.54711537,
                    0.0
                ],
                [
                    0.0,
                    0.0,
                    5.1504518
                ]
            ],
            "a": 5.25055625,
            "b": 5.250556484358679,
            "c": 5.1504518,
            "alpha": 90.0,
            "beta": 90.0,
            "gamma": 119.99999846048318,
            "volume": 122.96644455399097
        },
        "sites": [
            {
                "species": [
                    {
                        "element": "La",
                        "occu": 1
                    }
                ],
                "abc": [
                    0.0,
                    0.0,
                    0.0
                ],
                "xyz": [
                    0.0,
                    0.0,
                    0.0
                ],
                "label": "La",
                "properties": {}
            },
            {
                "species": [
                    {
                        "element": "Ti",
                        "occu": 1
                    }
                ],
                "abc": [
                    0.666667,
                    0.333333,
                    0.5
                ],
                "xyz": [
                    2.62528075194479,
                    1.51570360762821,
                    2.5752259
                ],
                "label": "Ti",
                "properties": {}
            },
            {
                "species": [
                    {
                        "element": "Sb",
                        "occu": 1
                    }
                ],
                "abc": [
                    0.333333,
                    0.666667,
                    0.5
                ],
                "xyz": [
                    -2.6219447901709714e-06,
                    3.03141176237179,
                    2.5752259
                ],
                "label": "Sb",
                "properties": {}
            },
            {
                "species": [
                    {
                        "element": "O",
                        "occu": 1
                    }
                ],
                "abc": [
                    0.62948562,
                    0.6289107,
                    0.7145937
                ],
                "xyz": [
                    1.6540841562322406,
                    2.859729510327459,
                    3.68048040843366
                ],
                "label": "O",
                "properties": {}
            },
            {
                "species": [
                    {
                        "element": "O",
                        "occu": 1
                    }
                ],
                "abc": [
                    0.99942508,
                    0.37051438,
                    0.7145937
                ],
                "xyz": [
                    4.274834305241384,
                    1.6847716321040205,
                    3.68048040843366
                ],
                "label": "O",
                "properties": {}
            },
            {
                "species": [
                    {
                        "element": "O",
                        "occu": 1
                    }
                ],
                "abc": [
                    0.3710893,
                    0.00057492,
                    0.7145937
                ],
                "xyz": [
                    1.9469159185263747,
                    0.0026142275685204002,
                    3.68048040843366
                ],
                "label": "O",
                "properties": {}
            },
            {
                "species": [
                    {
                        "element": "O",
                        "occu": 1
                    }
                ],
                "abc": [
                    0.3710893,
                    0.37051438,
                    0.2854063
                ],
                "xyz": [
                    0.9757219484637596,
                    1.6847716321040205,
                    1.46997139156634
                ],
                "label": "O",
                "properties": {}
            },
            {
                "species": [
                    {
                        "element": "O",
                        "occu": 1
                    }
                ],
                "abc": [
                    0.99942508,
                    0.6289107,
                    0.2854063
                ],
                "xyz": [
                    3.596472100056866,
                    2.859729510327459,
                    1.46997139156634
                ],
                "label": "O",
                "properties": {}
            },
            {
                "species": [
                    {
                        "element": "O",
                        "occu": 1
                    }
                ],
                "abc": [
                    0.62948562,
                    0.00057492,
                    0.2854063
                ],
                "xyz": [
                    3.3036403314793743,
                    0.0026142275685204002,
                    1.46997139156634
                ],
                "label": "O",
                "properties": {}
            }
        ]
    },
    "spacegroup": {
        "source": "spglib",
        "symbol": "P312",
        "number": 149,
        "point_group": "32",
        "crystal_system": "trigonal",
        "hall": "P 3 2"
    },
    "dielectric": {
        "epsilon_ionic": [
            [
                14.84664565,
                7.546e-05,
                9.005e-05
            ],
            [
                7.546e-05,
                14.8444184,
                0.0
            ],
            [
                9.005e-05,
                0.0,
                11.9118531
            ]
        ],
        "epsilon_ionic_avg": 13.867639049999994,
        "epsilon_ionic_eig": [
            11.911853097236941,
            14.846648206442811,
            14.844415846320235
        ],
        "epsilon_electronic": [
            [
                4.84983964,
                0.0,
                0.0
            ],
            [
                0.0,
                4.84983989,
                0.0
            ],
            [
                0.0,
                0.0,
                4.07386751
            ]
        ],
        "epsilon_electronic_avg": 4.591182346666667,
        "epsilon_electronic_eig": [
            4.84983964,
            4.84983989,
            4.07386751
        ]
    },
    "phonon": {
        "lowest_freq": -0.09358989401234856,