{
    "mp_id": "mp-18764",
    "nelements": 4,
    "nsites": 10,
    "elements": [
        "Ba",
        "O",
        "Sr",
        "W"
    ],
    "structure": {
        "@module": "pymatgen.core.structure",
        "@class": "Structure",
        "charge": null,
        "lattice": {
            "matrix": [
                [
                    5.20493025,
                    -3.00681991,
                    -0.00026757
                ],
                [
                    5.20493025,
                    3.00681991,
                    -0.00026757
                ],
                [
                    -3.50914478,
                    0.0,
                    5.02374262
                ]
            ],
            "a": 6.011011973880203,
            "b": 6.011011973880203,
            "c": 6.127975766842238,
            "alpha": 119.72831786517546,
            "beta": 119.72831786517546,
            "gamma": 60.02892517463577,
            "volume": 157.24039027768092
        },
        "sites": [
            {
                "species": [
                    {
                        "element": "Ba",
                        "occu": 1
                    }
                ],
                "abc": [
                    0.75261115,
                    0.75261115,
                    0.26021191
                ],
                "xyz": [
                    6.921455816574246,
                    0.0,
                    1.3068349101677932
                ],
                "label": "Ba",
                "properties": {}
            },
            {
                "species": [
                    {
                        "element": "Ba",
                        "occu": 1
                    }
                ],
                "abc": [
                    0.24738885,
                    0.24738885,
                    0.73978809
                ],
                "xyz": [
                    -0.020740096574245026,
                    0.0,
                    3.716372569832207
                ],
                "label": "Ba",
                "properties": {}
            },
            {
                "species": [
                    {
                        "element": "Sr",
                        "occu": 1
                    }
                ],
                "abc": [
                    0.0,
                    0.0,
                    0.0
                ],
                "xyz": [
                    0.0,
                    0.0,
                    0.0
                ],
                "label": "Sr",
                "properties": {}
            },
            {
                "species": [
                    {
                        "element": "W",
                        "occu": 1
                    }
                ],
                "abc": [
                    0.5,
                    0.5,
                    0.5
                ],
                "xyz": [
                    3.4503578600000004,
                    0.0,
                    2.51160374
                ],
                "label": "W",
                "properties": {}
            },
            {
                "species": [
                    {
                        "element": "O",
                        "occu": 1
                    }
                ],
                "abc": [
                    0.31477705,
                    0.76774329,
                    0.32328713
                ],
                "xyz": [
                    4.499981519225604,
                    1.3619879089898381,
                    1.6238216835111066
                ],
                "label": "O",
                "properties": {}
            },
            {
                "species": [
                    {
                        "element": "O",
                        "occu": 1
                    }
                ],
                "abc": [
                    0.23225671,
                    0.68522295,
                    0.67671287
                ],
                "xyz": [
                    2.4007342007743966,
                    1.3619879089898381,
                    3.3993857964888936
                ],
                "label": "O",
                "properties": {}
            },
            {
                "species": [
                    {
                        "element": "O",
                        "occu": 1
                    }
                ],
                "abc": [
                    0.68522295,
                    0.23225671,
                    0.67671287
                ],
                "xyz": [
                    2.4007342007743966,
                    -1.3619879089898381,
                    3.3993857964888936
                ],
                "label": "O",
                "properties": {}
            },
            {
                "species": [
                    {
                        "element": "O",
                        "occu": 1
                    }
                ],
                "abc": [
                    0.76774329,
                    0.31477705,
                    0.32328713
                ],
                "xyz": [
                    4.499981519225604,
                    -1.3619879089898381,
                    1.6238216835111066
                ],
                "label": "O",
                "properties": {}
            },
            {
                "species": [
                    {
                        "element": "O",
                        "occu": 1
                    }
                ],
                "abc": [
                    0.2807295,
                    0.2807295,
                    0.20740888
                ],
                "xyz": [
                    2.194527144657104,
                    0.0,
                    1.0418186006378356
                ],
                "label": "O",
                "properties": {}
            },
            {
                "species": [
                    {
                        "element": "O",
                        "occu": 1
                    }
                ],
                "abc": [
                    0.7192705,
                    0.7192705,
                    0.79259112
                ],
                "xyz": [
                    4.706188575342898,
                    0.0,
                    3.9813888793621643
                ],
                "label": "O",
                "properties": {}
            }
        ]
    },
    "spacegroup": {
        "source": "spglib",
        "symbol": "C2/m",
        "number": 12,
        "point_group": "2/m",
        "crystal_system": "monoclinic",
        "hall": "-C 2y"
    },
    "dielectric": {
        "epsilon_ionic": [
            [
                17.68281416,
                1e-08,
                1.29890474
            ],
            [
                1e-08,
                23.21039786,
                -1e-08
            ],
            [
                1.29890474,
                -1e-08,
                13.17390217
            ]
        ],
        "epsilon_ionic_avg": 18.022371396666667,
        "epsilon_ionic_eig": [
            12.826488576226208,
            18.030227753773794,
            23.210397860000004
        ],
        "epsilon_electronic": [
            [
                4.44395176,
                0.0,
                -0.01769307
            ],
            [
                0.0,
                4.43486477,
                0.0
            ],
            [
                -0.01768876,
                0.0,
                4.45592962
            ]
        ],
        "epsilon_electronic_avg": 4.444915383333334,
        "epsilon_electronic_eig": [
            4.431263544837045,
            4.468617835162955,
            4.43486477
        ]
    },
    "phonon": {
        "lowest_freq": -0.02662870139521122,