{
    "mp_id": "mp-19120",
    "nelements": 3,
    "nsites": 12,
    "elements": [
        "Cr",
        "Mg",
        "O"
    ],
    "structure": {
        "@module": "pymatgen.core.structure",
        "@class": "Structure",
        "charge": null,
        "lattice": {
            "matrix": [
                [
                    2.74263379,
                    -4.16702911,
                    0.0
                ],
                [
                    2.74263379,
                    4.16702911,
                    0.0
                ],
                [
                    0.0,
                    0.0,
                    6.36620355
                ]
            ],
            "a": 4.9886041845026305,
            "b": 4.9886041845026305,
            "c": 6.36620355,
            "alpha": 90.0,
            "beta": 90.0,
            "gamma": 113.29618528956655,
            "volume": 145.514031392851
        },
        "sites": [
            {
                "species": [
                    {
                        "element": "Mg",
                        "occu": 1
                    }
                ],
                "abc": [
                    0.0,
                    0.0,
                    0.0
                ],
                "xyz": [
                    0.0,
                    0.0,
                    0.0
                ],
                "label": "Mg",
                "properties": {}
            },
            {
                "species": [
                    {
                        "element": "Mg",
                        "occu": 1
                    }
                ],
                "abc": [
                    0.0,
                    0.0,
                    0.5
                ],
                "xyz": [
                    0.0,
                    0.0,
                    3.183101775
                ],
                "label": "Mg",
                "properties": {}
            },
            {
                "species": [
                    {
                        "element": "Cr",
                        "occu": 1
                    }
                ],
                "abc": [
                    0.35902923,
                    0.64097077,
                    0.75
                ],
                "xyz": [
                    2.74263379,
                    1.1748586044982297,
                    4.774652662499999
                ],
                "label": "Cr",
                "properties": {}
            },
            {
                "species": [
                    {
                        "element": "Cr",
                        "occu": 1
                    }
                ],
                "abc": [
                    0.64097077,
                    0.35902923,
                    0.25
                ],
                "xyz": [
                    2.74263379,
                    -1.1748586044982297,
                    1.5915508875
                ],
                "label": "Cr",
                "properties": {}
            },
            {
                "species": [
                    {
                        "element": "O",
                        "occu": 1
                    }
                ],
                "abc": [
                    0.72751338,
                    0.78078517,
                    0.75
                ],
                "xyz": [
                    4.136710568638005,
                    0.2219850996718069,
                    4.774652662499999
                ],
                "label": "O",
                "properties": {}
            },
            {
                "species": [
                    {
                        "element": "O",
                        "occu": 1
                    }
                ],
                "abc": [
                    0.27248662,
                    0.21921483,
                    0.25
                ],
                "xyz": [
                    1.3485570113619956,
                    -0.2219850996718069,
                    1.5915508875
                ],
                "label": "O",
                "properties": {}
            },
            {
                "species": [
                    {
                        "element": "O",
                        "occu": 1
                    }
                ],
                "abc": [
                    0.78078517,
                    0.72751338,
                    0.25
                ],
                "xyz": [
                    4.136710568638005,
                    -0.2219850996718069,
                    1.5915508875
                ],
                "label": "O",
                "properties": {}
            },
            {
                "species": [
                    {
                        "element": "O",
                        "occu": 1
                    }
                ],
                "abc": [
                    0.21921483,
                    0.27248662,
                    0.75
                ],
                "xyz": [
                    1.3485570113619956,
                    0.2219850996718069,
                    4.774652662499999
                ],
                "label": "O",
                "properties": {}
            },
            {
                "species": [
                    {
                        "element": "O",
                        "occu": 1
                    }
                ],
                "abc": [
                    0.24607051,
                    0.75392949,
                    0.95721761
                ],
                "xyz": [
                    2.74263379,
                    2.1162631534349075,
                    6.093842146904516
                ],
                "label": "O",
                "properties": {}
            },
            {
                "species": [
                    {
                        "element": "O",
                        "occu": 1
                    }
                ],
                "abc": [
                    0.75392949,
                    0.24607051,
                    0.45721761
                ],
                "xyz": [
                    2.74263379,
                    -2.1162631534349075,
                    2.9107403719045153
                ],
                "label": "O",
                "properties": {}
            },
            {
                "species": [
                    {
                        "element": "O",
                        "occu": 1
                    }
                ],
                "abc": [
                    0.75392949,
                    0.24607051,
                    0.04278239
                ],
                "xyz": [
                    2.74263379,
                    -2.1162631534349075,
                    0.27236140309548446
                ],
                "label": "O",
                "properties": {}
            },
            {
                "species": [
                    {
                        "element": "O",
                        "occu": 1
                    }
                ],
                "abc": [
                    0.24607051,
                    0.75392949,
                    0.54278239
                ],
                "xyz": [
                    2.74263379,
                    2.1162631534349075,
                    3.455463178095484
                ],
                "label": "O",
                "properties": {}
            }
        ]
    },
    "spacegroup": {
        "source": "spglib",
        "symbol": "Cmcm",
        "number": 63,
        "point_group": "mmm",
        "crystal_system": "orthorhombic",
        "hall": "-C 2c 2"
    },