{
    "mp_id": "mp-23127",
    "nelements": 4,
    "nsites": 10,
    "elements": [
        "Ba",
        "Bi",
        "O",
        "Sb"
    ],
    "structure": {
        "@module": "pymatgen.core.structure",
        "@class": "Structure",
        "charge": null,
        "lattice": {
            "matrix": [
                [
                    5.22500257,
                    -3.01510413,
                    0.00030639
                ],
                [
                    5.22500257,
                    3.01510413,
                    0.00030639
                ],
                [
                    -3.52294696,
                    0.0,
                    4.97589143
                ]
            ],
            "a": 6.032537183070196,
            "b": 6.032537183070196,
            "c": 6.096773803096248,
            "alpha": 120.02946038100907,
            "beta": 120.02946038100907,
            "gamma": 59.974460099642194,
            "volume": 156.78616796623842
        },
        "sites": [
            {
                "species": [
                    {
                        "element": "Ba",
                        "occu": 1
                    }
                ],
                "abc": [
                    0.75131229,
                    0.75131229,
                    0.25523636
                ],
                "xyz": [
                    6.952033133701705,
                    0.0,
                    1.270488805493461
                ],
                "label": "Ba",
                "properties": {}
            },
            {
                "species": [
                    {
                        "element": "Ba",
                        "occu": 1
                    }
                ],
                "abc": [
                    0.24868771,
                    0.24868771,
                    0.74476364
                ],
                "xyz": [
                    -0.02497495370170455,
                    0.0,
                    3.7060154045065388
                ],
                "label": "Ba",
                "properties": {}
            },
            {
                "species": [
                    {
                        "element": "Bi",
                        "occu": 1
                    }
                ],
                "abc": [
                    0.0,
                    0.0,
                    0.0
                ],
                "xyz": [
                    0.0,
                    0.0,
                    0.0
                ],
                "label": "Bi",
                "properties": {}
            },
            {
                "species": [
                    {
                        "element": "Sb",
                        "occu": 1
                    }
                ],
                "abc": [
                    0.5,
                    0.5,
                    0.5
                ],
                "xyz": [
                    3.4635290899999998,
                    0.0,
                    2.488252105
                ],
                "label": "Sb",
                "properties": {}
            },
            {
                "species": [
                    {
                        "element": "O",
                        "occu": 1
                    }
                ],
                "abc": [
                    0.23312329,
                    0.70260947,
                    0.69811883
                ],
                "xyz": [
                    2.429770465965936,
                    1.4155497202959233,
                    3.474050202478963
                ],
                "label": "O",
                "properties": {}
            },
            {
                "species": [
                    {
                        "element": "O",
                        "occu": 1
                    }
                ],
                "abc": [
                    0.29739053,
                    0.76687671,
                    0.30188117
                ],
                "xyz": [
                    4.497287714034063,
                    1.4155497202959233,
                    1.5024540075210366
                ],
                "label": "O",
                "properties": {}
            },
            {
                "species": [
                    {
                        "element": "O",
                        "occu": 1
                    }
                ],
                "abc": [
                    0.76687671,
                    0.29739053,
                    0.30188117
                ],
                "xyz": [
                    4.497287714034063,
                    -1.4155497202959233,
                    1.5024540075210366
                ],
                "label": "O",
                "properties": {}
            },
            {
                "species": [
                    {
                        "element": "O",
                        "occu": 1
                    }
                ],
                "abc": [
                    0.70260947,
                    0.23312329,
                    0.69811883
                ],
                "xyz": [
                    2.429770465965936,
                    -1.4155497202959233,
                    3.474050202478963
                ],
                "label": "O",
                "properties": {}
            },
            {
                "species": [
                    {
                        "element": "O",
                        "occu": 1
                    }
                ],
                "abc": [
                    0.26833536,
                    0.26833536,
                    0.20903094
                ],
                "xyz": [
                    2.067700976624808,
                    0.0,
                    1.040279693492745
                ],
                "label": "O",
                "properties": {}
            },
            {
                "species": [
                    {
                        "element": "O",
                        "occu": 1
                    }
                ],
                "abc": [
                    0.73166464,
                    0.73166464,
                    0.79096906
                ],
                "xyz": [
                    4.8593572033751915,
                    0.0,
                    3.936224516507255
                ],
                "label": "O",
                "properties": {}
            }
        ]
    },
    "spacegroup": {
        "source": "spglib",
        "symbol": "C2/m",
        "number": 12,
        "point_group": "2/m",
        "crystal_system": "monoclinic",
        "hall": "-C 2y"
    },
    "dielectric": {
        "epsilon_ionic": [
            [
                20.48740916,
                -2e-08,
                1.18966039
            ],
            [
                -2e-08,
                24.98524703,
                5e-08
            ],
            [
                1.18966039,
                5e-08,
                19.87906611
            ]
        ],
        "epsilon_ionic_avg": 21.783907433333336,
        "epsilon_ionic_eig": [
            18.95530760435665,
            21.41116766564335,
            24.985247030000007
        ],
        "epsilon_electronic": [
            [
                5.42223124,
                0.0,
                -0.05281668
            ],
            [
                0.0,
                5.39527812,
                0.0
            ],
            [
                -0.05281501,
                0.0,
                5.5657093
            ]
        ],
        "epsilon_electronic_avg": 5.461072886666667,
        "epsilon_electronic_eig": [
            5.404886029487395,
            5.583054510512605,
            5.39527812
        ]
    },
    "phonon": {
        "lowest_freq": -0.01570174018433594,