{
    "mp_id": "mp-27624",
    "nelements": 3,
    "nsites": 9,
    "elements": [
        "Ca",
        "O",
        "V"
    ],
    "structure": {
        "@module": "pymatgen.core.structure",
        "@class": "Structure",
        "charge": null,
        "lattice": {
            "matrix": [
                [
                    5.12084484,
                    -1.82748627,
                    -0.01060274
                ],
                [
                    5.12084484,
                    1.82748627,
                    -0.01060274
                ],
                [
                    -1.57774539,
                    0.0,
                    6.96805191
                ]
            ],
            "a": 5.4371748510130375,
            "b": 5.4371748510130375,
            "c": 7.144440351498562,
            "alpha": 102.1158650108247,
            "beta": 102.1158650108247,
            "gamma": 39.2800437231804,
            "volume": 130.3567310349471
        },
        "sites": [
            {
                "species": [
                    {
                        "element": "Ca",
                        "occu": 1
                    }
                ],
                "abc": [
                    0.0,
                    0.0,
                    0.0
                ],
                "xyz": [
                    0.0,
                    0.0,
                    0.0
                ],
                "label": "Ca",
                "properties": {}
            },
            {
                "species": [
                    {
                        "element": "V",
                        "occu": 1
                    }
                ],
                "abc": [
                    0.24162897,
                    0.24162897,
                    0.67234863
                ],
                "xyz": [
                    1.413893976982714,
                    0.0,
                    4.679836297166627
                ],
                "label": "V",
                "properties": {}
            },
            {
                "species": [
                    {
                        "element": "V",
                        "occu": 1
                    }
                ],
                "abc": [
                    0.75837103,
                    0.75837103,
                    0.32765137
                ],
                "xyz": [
                    7.250050313017286,
                    0.0,
                    2.2670101328333723
                ],
                "label": "V",
                "properties": {}
            },
            {
                "species": [
                    {
                        "element": "O",
                        "occu": 1
                    }
                ],
                "abc": [
                    0.75908322,
                    0.75908322,
                    0.60611238
                ],
                "xyz": [
                    6.818003767168241,
                    0.0,
                    4.2073258030936
                ],
                "label": "O",
                "properties": {}
            },
            {
                "species": [
                    {
                        "element": "O",
                        "occu": 1
                    }
                ],
                "abc": [
                    0.24091678,
                    0.24091678,
                    0.39388762
                ],
                "xyz": [
                    1.8459405228317585,
                    0.0,
                    2.7395206269063994
                ],
                "label": "O",
                "properties": {}
            },
            {
                "species": [
                    {
                        "element": "O",
                        "occu": 1
                    }
                ],
                "abc": [
                    0.36708958,
                    0.36708958,
                    0.87259836
                ],
                "xyz": [
                    2.382879523309974,
                    0.0,
                    6.0725263583139695
                ],
                "label": "O",
                "properties": {}
            },
            {
                "species": [
                    {
                        "element": "O",
                        "occu": 1
                    }
                ],
                "abc": [
                    0.09788417,
                    0.09788417,
                    0.73790628
                ],
                "xyz": [
                    -0.1617289377976836,
                    0.0,
                    5.1396935829457435
                ],
                "label": "O",
                "properties": {}
            },
            {
                "species": [
                    {
                        "element": "O",
                        "occu": 1
                    }
                ],
                "abc": [
                    0.63291042,
                    0.63291042,
                    0.12740164
                ],
                "xyz": [
                    6.281064766690026,
                    0.0,
                    0.8743200716860309
                ],
                "label": "O",
                "properties": {}
            },
            {
                "species": [
                    {
                        "element": "O",
                        "occu": 1
                    }
                ],
                "abc": [
                    0.90211583,
                    0.90211583,
                    0.26209372
                ],
                "xyz": [
                    8.825673227797683,
                    0.0,
                    1.8071528470542566
                ],
                "label": "O",
                "properties": {}
            }
        ]
    },
    "spacegroup": {
        "source": "spglib",
        "symbol": "C2/m",
        "number": 12,
        "point_group": "2/m",
        "crystal_system": "monoclinic",
        "hall": "-C 2y"
    },
    "dielectric": {
        "epsilon_ionic": [
            [
                4.46183119,
                -1e-07,
                0.743022
            ],
            [
                -1e-07,
                11.13450077,
                -9e-08
            ],
            [
                0.743022,
                -9e-08,
                5.79644132
            ]
        ],
        "epsilon_ionic_avg": 7.130924426666668,
        "epsilon_ionic_eig": [
            4.130448244528937,
            6.1278242654710615,
            11.134500770000006
        ],
        "epsilon_electronic": [
            [
                3.51592335,
                0.0,
                0.03211746
            ],
            [
                0.0,
                4.6675579,
                0.0
            ],
            [
                0.03211821,
                0.0,
                3.87499251
            ]
        ],
        "epsilon_electronic_avg": 4.019491253333333,
        "epsilon_electronic_eig": [
            3.5130731150051027,
            3.877842744994897,
            4.6675579
        ]
    },
    "phonon": {
        "lowest_freq": -0.06594039943704848,