{
    "mp_id": "mp-27345",
    "nelements": 3,
    "nsites": 16,
    "elements": [
        "Bi",
        "Na",
        "O"
    ],
    "structure": {
        "@module": "pymatgen.core.structure",
        "@class": "Structure",
        "charge": null,
        "lattice": {
            "matrix": [
                [
                    5.81165621,
                    0.0,
                    0.00027592
                ],
                [
                    0.0,
                    6.65644405,
                    0.0
                ],
                [
                    -1.91637194,
                    0.0,
                    5.31657755
                ]
            ],
            "a": 5.811656216549927,
            "b": 6.65644405,
            "c": 5.651413828201166,
            "alpha": 90.0,
            "beta": 109.81908810681334,
            "gamma": 90.0,
            "volume": 205.67513294693362
        },
        "sites": [
            {
                "species": [
                    {
                        "element": "Na",
                        "occu": 1
                    }
                ],
                "abc": [
                    0.0,
                    0.38149993,
                    0.75
                ],
                "xyz": [
                    -1.437278955,
                    2.5394329391239165,
                    3.9874331625
                ],
                "label": "Na",
                "properties": {}
            },
            {
                "species": [
                    {
                        "element": "Na",
                        "occu": 1
                    }
                ],
                "abc": [
                    0.5,
                    0.39793275,
                    0.25
                ],
                "xyz": [
                    2.42673512,
                    2.6488170860376377,
                    1.3292823475
                ],
                "label": "Na",
                "properties": {}
            },
            {
                "species": [
                    {
                        "element": "Na",
                        "occu": 1
                    }
                ],
                "abc": [
                    0.5,
                    0.13032985,
                    0.75
                ],
                "xyz": [
                    1.4685491499999999,
                    0.8675333545698926,
                    3.9875711225
                ],
                "label": "Na",
                "properties": {}
            },
            {
                "species": [
                    {
                        "element": "Na",
                        "occu": 1
                    }
                ],
                "abc": [
                    0.5,
                    0.86967015,
                    0.25
                ],
                "xyz": [
                    2.42673512,
                    5.788910695430108,
                    1.3292823475
                ],
                "label": "Na",
                "properties": {}
            },
            {
                "species": [
                    {
                        "element": "Na",
                        "occu": 1
                    }
                ],
                "abc": [
                    0.0,
                    0.61850007,
                    0.25
                ],
                "xyz": [
                    -0.479092985,
                    4.117011110876083,
                    1.3291443875
                ],
                "label": "Na",
                "properties": {}
            },
            {
                "species": [
                    {
                        "element": "Na",
                        "occu": 1
                    }
                ],
                "abc": [
                    0.5,
                    0.60206725,
                    0.75
                ],
                "xyz": [
                    1.4685491499999999,
                    4.007626963962363,
                    3.9875711225
                ],
                "label": "Na",
                "properties": {}
            },
            {
                "species": [
                    {
                        "element": "Bi",
                        "occu": 1
                    }
                ],
                "abc": [
                    0.0,
                    0.86218191,
                    0.75
                ],
                "xyz": [
                    -1.437278955,
                    5.739065644837136,
                    3.9874331625
                ],
                "label": "Bi",
                "properties": {}
            },
            {
                "species": [
                    {
                        "element": "Bi",
                        "occu": 1
                    }
                ],
                "abc": [
                    0.0,
                    0.13781809,
                    0.25
                ],
                "xyz": [
                    -0.479092985,
                    0.9173784051628645,
                    1.3291443875
                ],
                "label": "Bi",
                "properties": {}
            },
            {
                "species": [
                    {
                        "element": "O",
                        "occu": 1
                    }
                ],
                "abc": [
                    0.23842993,
                    0.65017664,
                    0.97160844
                ],
                "xyz": [
                    -0.4762903677488084,
                    4.327864426776992,
                    5.165697407080807
                ],
                "label": "O",
                "properties": {}
            },
            {
                "species": [
                    {
                        "element": "O",
                        "occu": 1
                    }
                ],
                "abc": [
                    0.76157007,
                    0.65017664,
                    0.52839156
                ],
                "xyz": [
                    3.4133886677488086,
                    4.327864426776992,
                    2.8094448379191923
                ],
                "label": "O",
                "properties": {}
            },
            {
                "species": [
                    {
                        "element": "O",
                        "occu": 1
                    }
                ],
                "abc": [
                    0.76157007,
                    0.34982336,
                    0.02839156
                ],
                "xyz": [
                    4.371574637748808,
                    2.3285796232230083,
                    0.1511560629191924
                ],
                "label": "O",
                "properties": {}
            },
            {
                "species": [
                    {
                        "element": "O",
                        "occu": 1
                    }
                ],
                "abc": [
                    0.23842993,
                    0.34982336,
                    0.47160844
                ],
                "xyz": [
                    0.48189560225119166,
                    2.3285796232230083,
                    2.5074086320808076
                ],
                "label": "O",
                "properties": {}
            },
            {
                "species": [
                    {
                        "element": "O",
                        "occu": 1
                    }
                ],
                "abc": [
                    0.21276834,
                    0.89745696,
                    0.49875558
                ],
                "xyz": [
                    0.2807352460219662,
                    5.973872041523088,
                    2.6517314266056013
                ],
                "label": "O",