{
    "mp_id": "mp-20015",
    "nelements": 3,
    "nsites": 9,
    "elements": [
        "As",
        "O",
        "Pb"
    ],
    "structure": {
        "@module": "pymatgen.core.structure",
        "@class": "Structure",
        "charge": null,
        "lattice": {
            "matrix": [
                [
                    4.92305113,
                    0.0,
                    0.0
                ],
                [
                    -2.46152506,
                    4.26348688,
                    0.0
                ],
                [
                    0.0,
                    0.0,
                    5.44487116
                ]
            ],
            "a": 4.92305113,
            "b": 4.923050476781661,
            "c": 5.44487116,
            "alpha": 90.0,
            "beta": 90.0,
            "gamma": 119.99999760265666,
            "volume": 114.28438217850996
        },
        "sites": [
            {
                "species": [
                    {
                        "element": "As",
                        "occu": 1
                    }
                ],
                "abc": [
                    0.666667,
                    0.333333,
                    0.5
                ],
                "xyz": [
                    2.4615281948587304,
                    1.42116087217104,
                    2.72243558
                ],
                "label": "As",
                "properties": {}
            },
            {
                "species": [
                    {
                        "element": "As",
                        "occu": 1
                    }
                ],
                "abc": [
                    0.333333,
                    0.666667,
                    0.5
                ],
                "xyz": [
                    -2.124858730079282e-06,
                    2.84232600782896,
                    2.72243558
                ],
                "label": "As",
                "properties": {}
            },
            {
                "species": [
                    {
                        "element": "Pb",
                        "occu": 1
                    }
                ],
                "abc": [
                    0.0,
                    0.0,
                    0.0
                ],
                "xyz": [
                    0.0,
                    0.0,
                    0.0
                ],
                "label": "Pb",
                "properties": {}
            },
            {
                "species": [
                    {
                        "element": "O",
                        "occu": 1
                    }
                ],
                "abc": [
                    0.38404401,
                    0.38404401,
                    0.69279216
                ],
                "xyz": [
                    0.9453343426423407,
                    1.6373665979775889,
                    3.7721640518581054
                ],
                "label": "O",
                "properties": {}
            },
            {
                "species": [
                    {
                        "element": "O",
                        "occu": 1
                    }
                ],
                "abc": [
                    0.61595599,
                    0.0,
                    0.69279216
                ],
                "xyz": [
                    3.032382832599769,
                    0.0,
                    3.7721640518581054
                ],
                "label": "O",
                "properties": {}
            },
            {
                "species": [
                    {
                        "element": "O",
                        "occu": 1
                    }
                ],
                "abc": [
                    0.0,
                    0.61595599,
                    0.69279216
                ],
                "xyz": [
                    -1.5161911052421095,
                    2.6261202820224114,
                    3.7721640518581054
                ],
                "label": "O",
                "properties": {}
            },
            {
                "species": [
                    {
                        "element": "O",
                        "occu": 1
                    }
                ],
                "abc": [
                    0.38404401,
                    0.0,
                    0.30720784
                ],
                "xyz": [
                    1.8906682974002313,
                    0.0,
                    1.6727071081418945
                ],
                "label": "O",
                "properties": {}
            },
            {
                "species": [
                    {
                        "element": "O",
                        "occu": 1
                    }
                ],
                "abc": [
                    0.0,
                    0.38404401,
                    0.30720784
                ],
                "xyz": [
                    -0.9453339547578906,
                    1.6373665979775889,
                    1.6727071081418945
                ],
                "label": "O",
                "properties": {}
            },
            {
                "species": [
                    {
                        "element": "O",
                        "occu": 1
                    }
                ],
                "abc": [
                    0.61595599,
                    0.61595599,
                    0.30720784
                ],
                "xyz": [
                    1.5161917273576593,
                    2.6261202820224114,
                    1.6727071081418945
                ],
                "label": "O",
                "properties": {}
            }
        ]
    },
    "spacegroup": {
        "source": "spglib",
        "symbol": "P-31m",
        "number": 162,
        "point_group": "-3m",
        "crystal_system": "trigonal",
        "hall": "-P 3 2"
    },
    "dielectric": {
        "epsilon_ionic": [
            [
                9.94025231,
                0.0,
                -0.00034144
            ],
            [
                0.0,
                9.93999905,
                1.1e-07
            ],
            [
                -0.00034144,
                1.1e-07,
                16.9711101
            ]
        ],
        "epsilon_ionic_avg": 12.28378715333333,
        "epsilon_ionic_eig": [
            16.97111011658137,
            9.940252293418622,
            9.939999049999999
        ],
        "epsilon_electronic": [
            [
                4.54267186,
                5.3e-07,
                0.0
            ],
            [
                5.3e-07,
                4.54267137,
                -0.0
            ],
            [
                0.0,
                0.0,
                4.49629364
            ]
        ],
        "epsilon_electronic_avg": 4.5272122900000005,
        "epsilon_electronic_eig": [
            4.542672198887831,
            4.542671031112168,
            4.49629364
        ]
    },
    "phonon": {
        "lowest_freq": -0.01381624897000993,