{
    "mp_id": "mp-21137",
    "nelements": 3,
    "nsites": 14,
    "elements": [
        "Ca",
        "O",
        "Pb"
    ],
    "structure": {
        "@module": "pymatgen.core.structure",
        "@class": "Structure",
        "charge": null,
        "lattice": {
            "matrix": [
                [
                    5.81813444,
                    0.0,
                    0.0
                ],
                [
                    0.0,
                    9.77664146,
                    0.0
                ],
                [
                    0.0,
                    0.0,
                    3.37365806
                ]
            ],
            "a": 5.81813444,
            "b": 9.77664146,
            "c": 3.37365806,
            "alpha": 90.0,
            "beta": 90.0,
            "gamma": 90.0,
            "volume": 191.89979157061074
        },
        "sites": [
            {
                "species": [
                    {
                        "element": "Ca",
                        "occu": 1
                    }
                ],
                "abc": [
                    0.42774309,
                    0.81806047,
                    0.5
                ],
                "xyz": [
                    2.4886668034010193,
                    7.997883907789087,
                    1.68682903
                ],
                "label": "Ca",
                "properties": {}
            },
            {
                "species": [
                    {
                        "element": "Ca",
                        "occu": 1
                    }
                ],
                "abc": [
                    0.57225691,
                    0.18193953,
                    0.5
                ],
                "xyz": [
                    3.3294676365989804,
                    1.7787575522109138,
                    1.68682903
                ],
                "label": "Ca",
                "properties": {}
            },
            {
                "species": [
                    {
                        "element": "Ca",
                        "occu": 1
                    }
                ],
                "abc": [
                    0.92774309,
                    0.68193953,
                    0.5
                ],
                "xyz": [
                    5.39773402340102,
                    6.667078282210913,
                    1.68682903
                ],
                "label": "Ca",
                "properties": {}
            },
            {
                "species": [
                    {
                        "element": "Ca",
                        "occu": 1
                    }
                ],
                "abc": [
                    0.07225691,
                    0.31806047,
                    0.5
                ],
                "xyz": [
                    0.42040041659898036,
                    3.109563177789086,
                    1.68682903
                ],
                "label": "Ca",
                "properties": {}
            },
            {
                "species": [
                    {
                        "element": "Pb",
                        "occu": 1
                    }
                ],
                "abc": [
                    0.5,
                    0.5,
                    0.0
                ],
                "xyz": [
                    2.90906722,
                    4.88832073,
                    0.0
                ],
                "label": "Pb",
                "properties": {}
            },
            {
                "species": [
                    {
                        "element": "Pb",
                        "occu": 1
                    }
                ],
                "abc": [
                    0.0,
                    0.0,
                    0.0
                ],
                "xyz": [
                    0.0,
                    0.0,
                    0.0
                ],
                "label": "Pb",
                "properties": {}
            },
            {
                "species": [
                    {
                        "element": "O",
                        "occu": 1
                    }
                ],
                "abc": [
                    0.1418771,
                    0.79642233,
                    0.0
                ],
                "xyz": [
                    0.825460041757324,
                    7.786335571147802,
                    0.0
                ],
                "label": "O",
                "properties": {}
            },
            {
                "species": [
                    {
                        "element": "O",
                        "occu": 1
                    }
                ],
                "abc": [
                    0.8581229,
                    0.20357767,
                    0.0
                ],
                "xyz": [
                    4.992674398242676,
                    1.9903058888521983,
                    0.0
                ],
                "label": "O",
                "properties": {}
            },
            {
                "species": [
                    {
                        "element": "O",
                        "occu": 1
                    }
                ],
                "abc": [
                    0.6418771,
                    0.70357767,
                    0.0
                ],
                "xyz": [
                    3.7345272617573237,
                    6.8786266188521985,
                    0.0
                ],
                "label": "O",
                "properties": {}
            },
            {
                "species": [
                    {
                        "element": "O",
                        "occu": 1
                    }
                ],
                "abc": [
                    0.3581229,
                    0.29642233,
                    0.0
                ],
                "xyz": [
                    2.083607178242676,
                    2.898014841147802,
                    0.0
                ],
                "label": "O",
                "properties": {}
            },
            {
                "species": [
                    {
                        "element": "O",
                        "occu": 1
                    }
                ],
                "abc": [
                    0.25773882,
                    0.54734566,
                    0.5
                ],
                "xyz": [
                    1.4995591051669606,
                    5.351202272507064,
                    1.68682903
                ],
                "label": "O",
                "properties": {}
            },
            {
                "species": [
                    {
                        "element": "O",
                        "occu": 1
                    }
                ],
                "abc": [
                    0.74226118,
                    0.45265434,
                    0.5
                ],
                "xyz": [
                    4.318575334833039,
                    4.425439187492937,
                    1.68682903
                ],
                "label": "O",
                "properties": {}
            },
            {
                "species": [
                    {
                        "element": "O",
                        "occu": 1
                    }
                ],
                "abc": [
                    0.24226118,
                    0.04734566,
                    0.5
                ],
                "xyz": [
                    1.409508114833039,
                    0.4628815425070636,
                    1.68682903
                ],
                "label": "O",
                "properties": {}
            },
            {
                "species": [
                    {
                        "element": "O",