{
    "mp_id": "mp-2542",
    "nelements": 2,
    "nsites": 4,
    "elements": [
        "Be",
        "O"
    ],
    "structure": {
        "@module": "pymatgen.core.structure",
        "@class": "Structure",
        "charge": null,
        "lattice": {
            "matrix": [
                [
                    2.69591268,
                    0.0,
                    0.0
                ],
                [
                    -1.34795634,
                    2.33472963,
                    0.0
                ],
                [
                    0.0,
                    0.0,
                    4.37783291
                ]
            ],
            "a": 2.69591268,
            "b": 2.69591334054827,
            "c": 4.37783291,
            "alpha": 90.0,
            "beta": 90.0,
            "gamma": 119.99999189485817,
            "volume": 27.555075039979602
        },
        "sites": [
            {
                "species": [
                    {
                        "element": "Be",
                        "occu": 1
                    }
                ],
                "abc": [
                    0.333333,
                    0.666667,
                    0.99988179
                ],
                "xyz": [
                    -1.3479563399920735e-06,
                    1.55648719824321,
                    4.377315406371709
                ],
                "label": "Be",
                "properties": {}
            },
            {
                "species": [
                    {
                        "element": "Be",
                        "occu": 1
                    }
                ],
                "abc": [
                    0.666667,
                    0.333333,
                    0.49988179
                ],
                "xyz": [
                    1.34795768795634,
                    0.77824243175679,
                    2.1883989513717093
                ],
                "label": "Be",
                "properties": {}
            },
            {
                "species": [
                    {
                        "element": "O",
                        "occu": 1
                    }
                ],
                "abc": [
                    0.333333,
                    0.666667,
                    0.37761821
                ],
                "xyz": [
                    -1.3479563399920735e-06,
                    1.55648719824321,
                    1.6531494271532914
                ],
                "label": "O",
                "properties": {}
            },
            {
                "species": [
                    {
                        "element": "O",
                        "occu": 1
                    }
                ],
                "abc": [
                    0.666667,
                    0.333333,
                    0.87761821
                ],
                "xyz": [
                    1.34795768795634,
                    0.77824243175679,
                    3.842065882153291
                ],
                "label": "O",
                "properties": {}
            }
        ]
    },
    "spacegroup": {
        "source": "spglib",
        "symbol": "P6_3mc",
        "number": 186,
        "point_group": "6mm",
        "crystal_system": "hexagonal",
        "hall": "P 6c -2c"
    },
    "dielectric": {
        "epsilon_ionic": [
            [
                3.69066993,
                -7.3e-07,
                -3.504e-05
            ],
            [
                -7.3e-07,
                3.69081632,
                -9.971e-05
            ],
            [
                -3.504e-05,
                -9.971e-05,
                4.43343608
            ]
        ],
        "epsilon_ionic_avg": 3.9383074433333327,
        "epsilon_ionic_eig": [
            4.433436095040856,
            3.6906699246594443,
            3.6908163102996996
        ],
        "epsilon_electronic": [
            [
                3.09399193,
                -6.6e-07,
                0.0
            ],
            [
                -6.6e-07,
                3.09399155,
                0.0
            ],
            [
                0.0,
                -0.0,
                3.16006067
            ]
        ],
        "epsilon_electronic_avg": 3.1160147166666667,
        "epsilon_electronic_eig": [
            3.0939924268041934,
            3.093991053195807,
            3.16006067
        ]
    },
    "phonon": {
        "lowest_freq": -0.016157713726395347,
        "frequency": [
            -0.016157713726395347,
            -0.006751008720895317,
            -0.006751007236612464,
            9.753196959060855,
            9.75319912661772,
            20.659451299138397,
            20.817263734920992,
            20.817268372323984,
            21.230820271297105,
            21.880491118372305,
            21.88049597722327,
            26.1464509662295
        ]
    },
    "born_effective_charge": {
        "avg_abs_trace": 1.8021249999999998,
        "tensors": [
            [
                [
                    1.78161,
                    -1e-05,
                    -1e-05
                ],
                [
                    -0.0,
                    1.78165,
                    -4e-05
                ],
                [
                    0.0,
                    0.0,
                    1.84312
                ]
            ],
            [
                [
                    1.78161,
                    1e-05,
                    -1e-05
                ],
                [
                    -0.0,
                    1.78164,
                    -4e-05
                ],
                [
                    0.0,
                    -0.0,
                    1.84312
                ]
            ],
            [
                [
                    -1.78161,
                    -2e-05,
                    1e-05
                ],
                [
                    0.0,
                    -1.78165,
                    4e-05
                ],
                [
                    -0.0,
                    0.0,
                    -1.84312
                ]
            ],
            [
                [
                    -1.78161,
                    2e-05,
                    1e-05
                ],
                [
                    0.0,
                    -1.78164,
                    4e-05
                ],
                [
                    0.0,
                    -0.0,
                    -1.84312
                ]
            ]
        ]
    },
    "band_gap": 7.4742999999999995,
    "is_direct": true,
    "formula": "BeO"
}