{
    "mp_id": "mp-27791",
    "nelements": 3,
    "nsites": 16,
    "elements": [
        "Be",
        "O",
        "Sr"
    ],
    "structure": {
        "@module": "pymatgen.core.structure",
        "@class": "Structure",
        "charge": null,
        "lattice": {
            "matrix": [
                [
                    4.5898249,
                    0.0,
                    0.0
                ],
                [
                    -2.29491195,
                    3.97490473,
                    0.0
                ],
                [
                    0.0,
                    0.0,
                    8.90914779
                ]
            ],
            "a": 4.5898249,
            "b": 4.589824448802936,
            "c": 8.90914779,
            "alpha": 90.0,
            "beta": 90.0,
            "gamma": 119.99999604467344,
            "volume": 162.53953202179957
        },
        "sites": [
            {
                "species": [
                    {
                        "element": "Sr",
                        "occu": 1
                    }
                ],
                "abc": [
                    0.666667,
                    0.333333,
                    0.75
                ],
                "xyz": [
                    2.29491491157895,
                    1.32496691836509,
                    6.681860842500001
                ],
                "label": "Sr",
                "properties": {}
            },
            {
                "species": [
                    {
                        "element": "Sr",
                        "occu": 1
                    }
                ],
                "abc": [
                    0.333333,
                    0.666667,
                    0.25
                ],
                "xyz": [
                    -1.961578949938314e-06,
                    2.64993781163491,
                    2.2272869475
                ],
                "label": "Sr",
                "properties": {}
            },
            {
                "species": [
                    {
                        "element": "Be",
                        "occu": 1
                    }
                ],
                "abc": [
                    0.0,
                    0.0,
                    0.0
                ],
                "xyz": [
                    0.0,
                    0.0,
                    0.0
                ],
                "label": "Be",
                "properties": {}
            },
            {
                "species": [
                    {
                        "element": "Be",
                        "occu": 1
                    }
                ],
                "abc": [
                    0.0,
                    0.0,
                    0.5
                ],
                "xyz": [
                    0.0,
                    0.0,
                    4.454573895
                ],
                "label": "Be",
                "properties": {}
            },
            {
                "species": [
                    {
                        "element": "Be",
                        "occu": 1
                    }
                ],
                "abc": [
                    0.333333,
                    0.666667,
                    0.57110973
                ],
                "xyz": [
                    -1.961578949938314e-06,
                    2.64993781163491,
                    5.088100988876997
                ],
                "label": "Be",
                "properties": {}
            },
            {
                "species": [
                    {
                        "element": "Be",
                        "occu": 1
                    }
                ],
                "abc": [
                    0.333333,
                    0.666667,
                    0.92889027
                ],
                "xyz": [
                    -1.961578949938314e-06,
                    2.64993781163491,
                    8.275620696123005
                ],
                "label": "Be",
                "properties": {}
            },
            {
                "species": [
                    {
                        "element": "Be",
                        "occu": 1
                    }
                ],
                "abc": [
                    0.666667,
                    0.333333,
                    0.42889027
                ],
                "xyz": [
                    2.29491491157895,
                    1.32496691836509,
                    3.8210468011230034
                ],
                "label": "Be",
                "properties": {}
            },
            {
                "species": [
                    {
                        "element": "Be",
                        "occu": 1
                    }
                ],
                "abc": [
                    0.666667,
                    0.333333,
                    0.07110973
                ],
                "xyz": [
                    2.29491491157895,
                    1.32496691836509,
                    0.6335270938769967
                ],
                "label": "Be",
                "properties": {}
            },
            {
                "species": [
                    {
                        "element": "O",
                        "occu": 1
                    }
                ],
                "abc": [
                    0.66497353,
                    0.0,
                    0.5
                ],
                "xyz": [
                    3.0521120658348972,
                    0.0,
                    4.454573895
                ],
                "label": "O",
                "properties": {}
            },
            {
                "species": [
                    {
                        "element": "O",
                        "occu": 1
                    }
                ],
                "abc": [
                    0.33502647,
                    0.33502647,
                    0.0
                ],
                "xyz": [
                    0.7688565845957867,
                    1.3316983002782032,
                    0.0
                ],
                "label": "O",
                "properties": {}
            },
            {
                "species": [
                    {
                        "element": "O",
                        "occu": 1
                    }
                ],
                "abc": [
                    0.666667,
                    0.333333,
                    0.25
                ],
                "xyz": [
                    2.29491491157895,
                    1.32496691836509,
                    2.2272869475
                ],
                "label": "O",
                "properties": {}
            },
            {
                "species": [
                    {
                        "element": "O",
                        "occu": 1
                    }
                ],
                "abc": [
                    0.333333,
                    0.666667,
                    0.75
                ],
                "xyz": [
                    -1.961578949938314e-06,
                    2.64993781163491,
                    6.681860842500001
                ],
                "label": "O",
                "properties": {}
            },
            {
                "species": [
                    {
                        "element": "O",
                        "occu": 1
                    }
                ],
                "abc": [
                    0.66497353,
                    0.0,
                    0.0
                ],
                "xyz": [
                    3.0521120658348972,
                    0.0,
                    0.0
                ],
                "label": "O",