{
    "mp_id": "mp-22443",
    "nelements": 3,
    "nsites": 12,
    "elements": [
        "In",
        "O",
        "V"
    ],
    "structure": {
        "@module": "pymatgen.core.structure",
        "@class": "Structure",
        "charge": null,
        "lattice": {
            "matrix": [
                [
                    2.89745154,
                    -4.29553727,
                    0.0
                ],
                [
                    2.89745154,
                    4.29553727,
                    0.0
                ],
                [
                    0.0,
                    0.0,
                    6.68808676
                ]
            ],
            "a": 5.1813961308326375,
            "b": 5.1813961308326375,
            "c": 6.68808676,
            "alpha": 90.0,
            "beta": 90.0,
            "gamma": 111.99862364984244,
            "volume": 166.48134142971134
        },
        "sites": [
            {
                "species": [
                    {
                        "element": "V",
                        "occu": 1
                    }
                ],
                "abc": [
                    0.63864858,
                    0.36135142,
                    0.25
                ],
                "xyz": [
                    2.89745154,
                    -1.1911402856451534,
                    1.67202169
                ],
                "label": "V",
                "properties": {}
            },
            {
                "species": [
                    {
                        "element": "V",
                        "occu": 1
                    }
                ],
                "abc": [
                    0.36135142,
                    0.63864858,
                    0.75
                ],
                "xyz": [
                    2.89745154,
                    1.1911402856451534,
                    5.01606507
                ],
                "label": "V",
                "properties": {}
            },
            {
                "species": [
                    {
                        "element": "In",
                        "occu": 1
                    }
                ],
                "abc": [
                    0.0,
                    0.0,
                    0.5
                ],
                "xyz": [
                    0.0,
                    0.0,
                    3.34404338
                ],
                "label": "In",
                "properties": {}
            },
            {
                "species": [
                    {
                        "element": "In",
                        "occu": 1
                    }
                ],
                "abc": [
                    0.0,
                    0.0,
                    0.0
                ],
                "xyz": [
                    0.0,
                    0.0,
                    0.0
                ],
                "label": "In",
                "properties": {}
            },
            {
                "species": [
                    {
                        "element": "O",
                        "occu": 1
                    }
                ],
                "abc": [
                    0.24983577,
                    0.75016423,
                    0.54455715
                ],
                "xyz": [
                    2.89745154,
                    2.1491795471717037,
                    3.6420454649783345
                ],
                "label": "O",
                "properties": {}
            },
            {
                "species": [
                    {
                        "element": "O",
                        "occu": 1
                    }
                ],
                "abc": [
                    0.75016423,
                    0.24983577,
                    0.04455715
                ],
                "xyz": [
                    2.89745154,
                    -2.1491795471717037,
                    0.29800208497833397
                ],
                "label": "O",
                "properties": {}
            },
            {
                "species": [
                    {
                        "element": "O",
                        "occu": 1
                    }
                ],
                "abc": [
                    0.75016423,
                    0.24983577,
                    0.45544285
                ],
                "xyz": [
                    2.89745154,
                    -2.1491795471717037,
                    3.046041295021666
                ],
                "label": "O",
                "properties": {}
            },
            {
                "species": [
                    {
                        "element": "O",
                        "occu": 1
                    }
                ],
                "abc": [
                    0.24983577,
                    0.75016423,
                    0.95544285
                ],
                "xyz": [
                    2.89745154,
                    2.1491795471717037,
                    6.390084675021666
                ],
                "label": "O",
                "properties": {}
            },
            {
                "species": [
                    {
                        "element": "O",
                        "occu": 1
                    }
                ],
                "abc": [
                    0.73378869,
                    0.78062265,
                    0.75
                ],
                "xyz": [
                    4.387933469276463,
                    0.20117702068168875,
                    5.01606507
                ],
                "label": "O",
                "properties": {}
            },
            {
                "species": [
                    {
                        "element": "O",
                        "occu": 1
                    }
                ],
                "abc": [
                    0.26621131,
                    0.21937735,
                    0.25
                ],
                "xyz": [
                    1.4069696107235363,
                    -0.20117702068168908,
                    1.67202169
                ],
                "label": "O",
                "properties": {}
            },
            {
                "species": [
                    {
                        "element": "O",
                        "occu": 1
                    }
                ],
                "abc": [
                    0.78062265,
                    0.73378869,
                    0.25
                ],
                "xyz": [
                    4.387933469276463,
                    -0.20117702068168875,
                    1.67202169
                ],
                "label": "O",
                "properties": {}
            },
            {
                "species": [
                    {
                        "element": "O",
                        "occu": 1
                    }
                ],
                "abc": [
                    0.21937735,
                    0.26621131,
                    0.75
                ],
                "xyz": [
                    1.4069696107235363,
                    0.20117702068168908,
                    5.01606507
                ],
                "label": "O",
                "properties": {}
            }
        ]
    },
    "spacegroup": {
        "source": "spglib",
        "symbol": "Cmcm",
        "number": 63,
        "point_group": "mmm",
        "crystal_system": "orthorhombic",
        "hall": "-C 2c 2"
    },
    "dielectric": {
        "epsilon_ionic": [
            [
                6.36828099,
                5e-08,
                -0.0
            ],
            [
                5e-08,
                4.09368788,
                1e-08
            ],
            [
                -0.0,
                1e-08,
                3.92339703
            ]
        ],