{
    "mp_id": "mp-223",
    "nelements": 2,
    "nsites": 9,
    "elements": [
        "Ge",
        "O"
    ],
    "structure": {
        "@module": "pymatgen.core.structure",
        "@class": "Structure",
        "charge": null,
        "lattice": {
            "matrix": [
                [
                    4.99585794,
                    -0.0,
                    0.0
                ],
                [
                    -2.49792847,
                    4.32653918,
                    0.0
                ],
                [
                    0.0,
                    0.0,
                    5.744027
                ]
            ],
            "a": 4.99585794,
            "b": 4.995857075348695,
            "c": 5.744027,
            "alpha": 90.0,
            "beta": 90.0,
            "gamma": 119.99999910379768,
            "volume": 124.15585186020088
        },
        "sites": [
            {
                "species": [
                    {
                        "element": "Ge",
                        "occu": 1
                    }
                ],
                "abc": [
                    0.55153143,
                    0.55153143,
                    0.0
                ],
                "xyz": [
                    1.377686612628242,
                    2.3862223408964276,
                    0.0
                ],
                "label": "Ge",
                "properties": {}
            },
            {
                "species": [
                    {
                        "element": "Ge",
                        "occu": 1
                    }
                ],
                "abc": [
                    0.0,
                    0.44846857,
                    0.333333
                ],
                "xyz": [
                    -1.120242408903188,
                    1.9403168391035728,
                    1.914673751991
                ],
                "label": "Ge",
                "properties": {}
            },
            {
                "species": [
                    {
                        "element": "Ge",
                        "occu": 1
                    }
                ],
                "abc": [
                    0.44846857,
                    0.0,
                    0.666667
                ],
                "xyz": [
                    2.2404852662749457,
                    0.0,
                    3.8293532480090002
                ],
                "label": "Ge",
                "properties": {}
            },
            {
                "species": [
                    {
                        "element": "O",
                        "occu": 1
                    }
                ],
                "abc": [
                    0.30974258,
                    0.39083617,
                    0.24892367
                ],
                "xyz": [
                    0.5711491315003251,
                    1.6909680024661407,
                    1.42982428141909
                ],
                "label": "O",
                "properties": {}
            },
            {
                "species": [
                    {
                        "element": "O",
                        "occu": 1
                    }
                ],
                "abc": [
                    0.60916383,
                    0.91890641,
                    0.91559067
                ],
                "xyz": [
                    0.7479334740618171,
                    3.9756845856181435,
                    5.25917752942809
                ],
                "label": "O",
                "properties": {}
            },
            {
                "species": [
                    {
                        "element": "O",
                        "occu": 1
                    }
                ],
                "abc": [
                    0.08109359,
                    0.69025742,
                    0.58225667
                ],
                "xyz": [
                    -1.319081605562143,
                    2.986425771915716,
                    3.34449803341009
                ],
                "label": "O",
                "properties": {}
            },
            {
                "species": [
                    {
                        "element": "O",
                        "occu": 1
                    }
                ],
                "abc": [
                    0.39083617,
                    0.30974258,
                    0.75107633
                ],
                "xyz": [
                    1.178847174180437,
                    1.3401134080842845,
                    4.31420271858091
                ],
                "label": "O",
                "properties": {}
            },
            {
                "species": [
                    {
                        "element": "O",
                        "occu": 1
                    }
                ],
                "abc": [
                    0.69025742,
                    0.08109359,
                    0.41774333
                ],
                "xyz": [
                    3.2458620251554073,
                    0.3508545943818562,
                    2.39952896658991
                ],
                "label": "O",
                "properties": {}
            },
            {
                "species": [
                    {
                        "element": "O",
                        "occu": 1
                    }
                ],
                "abc": [
                    0.91890641,
                    0.60916383,
                    0.08440933
                ],
                "xyz": [
                    3.0690782106641548,
                    2.6355711775338593,
                    0.48484947057191
                ],
                "label": "O",
                "properties": {}
            }
        ]
    },
    "spacegroup": {
        "source": "spglib",
        "symbol": "P3_221",
        "number": 154,
        "point_group": "32",
        "crystal_system": "trigonal",
        "hall": "P 32 2\""
    },
    "dielectric": {
        "epsilon_ionic": [
            [
                3.24625776,
                -0.00031848,
                -4e-08
            ],
            [
                -0.00031848,
                3.24507231,
                -0.00024533
            ],
            [
                -4e-08,
                -0.00024533,
                3.21688944
            ]
        ],
        "epsilon_ionic_avg": 3.2360731700000005,
        "epsilon_ionic_eig": [
            3.2463380255422676,
            3.2449941801464557,
            3.2168873043112787
        ],
        "epsilon_electronic": [
            [
                3.23179928,
                0.0,
                0.0
            ],
            [
                -0.0,
                3.23179937,
                0.0
            ],
            [
                0.0,
                0.0,
                3.37376016
            ]
        ],
        "epsilon_electronic_avg": 3.279119603333333,
        "epsilon_electronic_eig": [
            3.23179928,
            3.23179937,
            3.37376016
        ]
    },
    "phonon": {
        "lowest_freq": -0.08082951082829727,