{
    "mp_id": "mp-27684",
    "nelements": 2,
    "nsites": 14,
    "elements": [
        "O",
        "Tl"
    ],
    "structure": {
        "@module": "pymatgen.core.structure",
        "@class": "Structure",
        "charge": null,
        "lattice": {
            "matrix": [
                [
                    7.5433266,
                    0.0,
                    0.00269513
                ],
                [
                    0.0,
                    3.47264104,
                    0.0
                ],
                [
                    -3.56641537,
                    0.0,
                    10.26196947
                ]
            ],
            "a": 7.543327081466988,
            "b": 3.47264104,
            "c": 10.864038659475781,
            "alpha": 90.0,
            "beta": 109.14376625387175,
            "gamma": 90.0,
            "volume": 268.84839398270975
        },
        "sites": [
            {
                "species": [
                    {
                        "element": "Tl",
                        "occu": 1
                    }
                ],
                "abc": [
                    0.4249957,
                    0.75,
                    0.6098058
                ],
                "xyz": [
                    1.031060590860474,
                    2.6044807800000003,
                    6.258953920889867
                ],
                "label": "Tl",
                "properties": {}
            },
            {
                "species": [
                    {
                        "element": "Tl",
                        "occu": 1
                    }
                ],
                "abc": [
                    0.5750043,
                    0.25,
                    0.3901942
                ],
                "xyz": [
                    2.9458506391395267,
                    0.86816026,
                    4.005710679110132
                ],
                "label": "Tl",
                "properties": {}
            },
            {
                "species": [
                    {
                        "element": "Tl",
                        "occu": 1
                    }
                ],
                "abc": [
                    0.06587674,
                    0.25,
                    0.36597367
                ],
                "xyz": [
                    -0.8082843565400237,
                    0.86816026,
                    3.755788174742131
                ],
                "label": "Tl",
                "properties": {}
            },
            {
                "species": [
                    {
                        "element": "Tl",
                        "occu": 1
                    }
                ],
                "abc": [
                    0.93412326,
                    0.75,
                    0.63402633
                ],
                "xyz": [
                    4.785195586540025,
                    2.6044807800000003,
                    6.508876425257869
                ],
                "label": "Tl",
                "properties": {}
            },
            {
                "species": [
                    {
                        "element": "Tl",
                        "occu": 1
                    }
                ],
                "abc": [
                    0.30191659,
                    0.25,
                    0.85538341
                ],
                "xyz": [
                    -0.7731970963387176,
                    0.86816026,
                    8.7787321430237
                ],
                "label": "Tl",
                "properties": {}
            },
            {
                "species": [
                    {
                        "element": "Tl",
                        "occu": 1
                    }
                ],
                "abc": [
                    0.69808341,
                    0.75,
                    0.14461659
                ],
                "xyz": [
                    4.750108326338717,
                    2.6044807800000003,
                    1.4859324569763006
                ],
                "label": "Tl",
                "properties": {}
            },
            {
                "species": [
                    {
                        "element": "Tl",
                        "occu": 1
                    }
                ],
                "abc": [
                    0.77711755,
                    0.25,
                    0.86776532
                ],
                "xyz": [
                    2.767239911440863,
                    0.86816026,
                    8.907075653787311
                ],
                "label": "Tl",
                "properties": {}
            },
            {
                "species": [
                    {
                        "element": "Tl",
                        "occu": 1
                    }
                ],
                "abc": [
                    0.22288245,
                    0.75,
                    0.13223468
                ],
                "xyz": [
                    1.2096713185591386,
                    2.6044807800000003,
                    1.3575889462126882
                ],
                "label": "Tl",
                "properties": {}
            },
            {
                "species": [
                    {
                        "element": "O",
                        "occu": 1
                    }
                ],
                "abc": [
                    0.21987346,
                    0.25,
                    0.59928745
                ],
                "xyz": [
                    -0.4787306532760707,
                    0.86816026,
                    6.150462103212402
                ],
                "label": "O",
                "properties": {}
            },
            {
                "species": [
                    {
                        "element": "O",
                        "occu": 1
                    }
                ],
                "abc": [
                    0.78012654,
                    0.75,
                    0.40071255
                ],
                "xyz": [
                    4.455641883276071,
                    2.6044807800000003,
                    4.114202496787598
                ],
                "label": "O",
                "properties": {}
            },
            {
                "species": [
                    {
                        "element": "O",
                        "occu": 1
                    }
                ],
                "abc": [
                    0.47626007,
                    0.25,
                    0.17129222
                ],
                "xyz": [
                    2.9816860483794407,
                    0.86816026,
                    1.7590791148909826
                ],
                "label": "O",
                "properties": {}
            },
            {
                "species": [
                    {
                        "element": "O",
                        "occu": 1
                    }
                ],
                "abc": [
                    0.52373993,
                    0.75,
                    0.82870778
                ],
                "xyz": [
                    0.9952251816205591,
                    2.6044807800000003,
                    8.505585485109018
                ],
                "label": "O",
                "properties": {}
            },
            {
                "species": [
                    {
                        "element": "O",
                        "occu": 1
                    }
                ],
                "abc": [
                    0.63580056,
                    0.25,
                    0.6117813
                ],
                "xyz": [
                    2.6141850451443145,
                    0.86816026,
                    6.279794588080184
                ],