{
    "mp_id": "mp-27539",
    "nelements": 3,
    "nsites": 16,
    "elements": [
        "La",
        "O",
        "Re"
    ],
    "structure": {
        "@module": "pymatgen.core.structure",
        "@class": "Structure",
        "charge": null,
        "lattice": {
            "matrix": [
                [
                    -4.44600955,
                    4.44600955,
                    2.99163329
                ],
                [
                    4.44600955,
                    -4.44600955,
                    2.99163329
                ],
                [
                    4.44600955,
                    4.44600955,
                    -2.99163329
                ]
            ],
            "a": 6.9630360891796785,
            "b": 6.9630360891796785,
            "c": 6.9630360891796785,
            "alpha": 100.63750827344708,
            "beta": 100.63750827344708,
            "gamma": 129.10994026227803,
            "volume": 236.54247196726877
        },
        "sites": [
            {
                "species": [
                    {
                        "element": "La",
                        "occu": 1
                    }
                ],
                "abc": [
                    0.60497639,
                    0.81808778,
                    0.42306417
                ],
                "xyz": [
                    2.828442615236598,
                    0.9334520649290492,
                    2.9916332900000002
                ],
                "label": "La",
                "properties": {}
            },
            {
                "species": [
                    {
                        "element": "La",
                        "occu": 1
                    }
                ],
                "abc": [
                    0.81808778,
                    0.39502361,
                    0.21311239
                ],
                "xyz": [
                    -0.933447618919499,
                    2.8284470612461483,
                    2.99163029836671
                ],
                "label": "La",
                "properties": {}
            },
            {
                "species": [
                    {
                        "element": "La",
                        "occu": 1
                    }
                ],
                "abc": [
                    0.18191222,
                    0.60497639,
                    0.78688761
                ],
                "xyz": [
                    5.379457168919499,
                    1.6175624887538518,
                    2.9916332899837528e-06
                ],
                "label": "La",
                "properties": {}
            },
            {
                "species": [
                    {
                        "element": "La",
                        "occu": 1
                    }
                ],
                "abc": [
                    0.39502361,
                    0.18191222,
                    0.57693583
                ],
                "xyz": [
                    1.617566934763402,
                    3.5125574850709516,
                    0.0
                ],
                "label": "La",
                "properties": {}
            },
            {
                "species": [
                    {
                        "element": "Re",
                        "occu": 1
                    }
                ],
                "abc": [
                    0.81117051,
                    0.81117051,
                    0.0
                ],
                "xyz": [
                    0.0,
                    0.0,
                    4.853449403164555
                ],
                "label": "Re",
                "properties": {}
            },
            {
                "species": [
                    {
                        "element": "Re",
                        "occu": 1
                    }
                ],
                "abc": [
                    0.18882949,
                    0.18882949,
                    0.0
                ],
                "xyz": [
                    0.0,
                    0.0,
                    1.1298171768354441
                ],
                "label": "Re",
                "properties": {}
            },
            {
                "species": [
                    {
                        "element": "O",
                        "occu": 1
                    }
                ],
                "abc": [
                    0.92943648,
                    0.83588621,
                    0.28445824
                ],
                "xyz": [
                    0.8487786577911136,
                    1.6806294454412705,
                    4.430203386597539
                ],
                "label": "O",
                "properties": {}
            },
            {
                "species": [
                    {
                        "element": "O",
                        "occu": 1
                    }
                ],
                "abc": [
                    0.83588621,
                    0.55142797,
                    0.90644973
                ],
                "xyz": [
                    2.7653801045587296,
                    5.294788207791113,
                    1.4385700965975405
                ],
                "label": "O",
                "properties": {}
            },
            {
                "species": [
                    {
                        "element": "O",
                        "occu": 1
                    }
                ],
                "abc": [
                    0.64497824,
                    0.92943648,
                    0.09355027
                ],
                "xyz": [
                    1.6806294454412702,
                    -0.8487786577911133,
                    4.43020338659754
                ],
                "label": "O",
                "properties": {}
            },
            {
                "species": [
                    {
                        "element": "O",
                        "occu": 1
                    }
                ],
                "abc": [
                    0.55142797,
                    0.64497824,
                    0.71554176
                ],
                "xyz": [
                    3.597230892208887,
                    2.76538010455873,
                    1.43857009659754
                ],
                "label": "O",
                "properties": {}
            },
            {
                "species": [
                    {
                        "element": "O",
                        "occu": 1
                    }
                ],
                "abc": [
                    0.07056352,
                    0.16411379,
                    0.71554176
                ],
                "xyz": [
                    3.597230892208887,
                    2.76538010455873,
                    -1.4385700965975405
                ],
                "label": "O",
                "properties": {}
            },
            {
                "species": [
                    {
                        "element": "O",
                        "occu": 1
                    }
                ],
                "abc": [
                    0.16411379,
                    0.44857203,
                    0.09355027
                ],
                "xyz": [
                    1.6806294454412707,
                    -0.8487786577911137,
                    1.5530631934024595
                ],
                "label": "O",
                "properties": {}
            },
            {
                "species": [
                    {
                        "element": "O",
                        "occu": 1
                    }
                ],
                "abc": [
                    0.25,
                    0.75,
                    0.5
                ],