{
    "mp_id": "mp-20072",
    "nelements": 3,
    "nsites": 4,
    "elements": [
        "Cu",
        "La",
        "O"
    ],
    "structure": {
        "@module": "pymatgen.core.structure",
        "@class": "Structure",
        "charge": null,
        "lattice": {
            "matrix": [
                [
                    1.905526,
                    1.100156,
                    5.600322
                ],
                [
                    -1.905526,
                    1.100156,
                    5.600322
                ],
                [
                    0.0,
                    -2.200311,
                    5.600322
                ]
            ],
            "a": 6.0170573426464875,
            "b": 6.0170573426464875,
            "c": 6.017057004915693,
            "alpha": 36.92541015052837,
            "beta": 36.92541015052837,
            "gamma": 36.9254164418526,
            "volume": 70.44225782012873
        },
        "sites": [
            {
                "species": [
                    {
                        "element": "La",
                        "occu": 1
                    }
                ],
                "abc": [
                    0.5,
                    0.5,
                    0.5
                ],
                "xyz": [
                    0.0,
                    4.999999998478444e-07,
                    8.400483000000001
                ],
                "label": "La",
                "properties": {}
            },
            {
                "species": [
                    {
                        "element": "Cu",
                        "occu": 1
                    }
                ],
                "abc": [
                    0.0,
                    0.0,
                    0.0
                ],
                "xyz": [
                    0.0,
                    0.0,
                    0.0
                ],
                "label": "Cu",
                "properties": {}
            },
            {
                "species": [
                    {
                        "element": "O",
                        "occu": 1
                    }
                ],
                "abc": [
                    0.893786,
                    0.893786,
                    0.893786
                ],
                "xyz": [
                    0.0,
                    8.93785999878105e-07,
                    15.016468197276001
                ],
                "label": "O",
                "properties": {}
            },
            {
                "species": [
                    {
                        "element": "O",
                        "occu": 1
                    }
                ],
                "abc": [
                    0.106214,
                    0.106214,
                    0.106214
                ],
                "xyz": [
                    0.0,
                    1.0621399998411718e-07,
                    1.7844978027240002
                ],
                "label": "O",
                "properties": {}
            }
        ]
    },
    "spacegroup": {
        "source": "spglib",
        "symbol": "R-3m",
        "number": 166,
        "point_group": "-3m",
        "crystal_system": "trigonal",
        "hall": "-R 3 2\""
    },
    "dielectric": {
        "epsilon_ionic": [
            [
                9.2797318,
                0.0,
                0.0
            ],
            [
                0.0,
                9.28433297,
                -7.38e-06
            ],
            [
                0.0,
                -7.38e-06,
                3.39551654
            ]
        ],
        "epsilon_ionic_avg": 7.319860436666667,
        "epsilon_ionic_eig": [
            3.3955165399907514,
            9.284332970009249,
            9.2797318
        ],
        "epsilon_electronic": [
            [
                4.71967809,
                -0.0,
                -0.0
            ],
            [
                -0.0,
                4.71967852,
                0.0
            ],
            [
                0.0,
                0.0,
                4.22782354
            ]
        ],
        "epsilon_electronic_avg": 4.555726716666666,
        "epsilon_electronic_eig": [
            4.71967809,
            4.71967852,
            4.22782354
        ]
    },
    "phonon": {
        "lowest_freq": -0.040826237940173093,
        "frequency": [
            -0.040826237940173093,
            -0.04082623605447294,
            -0.017906119595669432,
            3.507797592466379,
            3.50779775271516,
            6.007540834455767,
            8.445170484907376,
            8.445170875592408,
            8.962451111525166,
            8.962451520565265,
            18.42787639997044,
            19.065143809496984
        ]
    },
    "born_effective_charge": {
        "avg_abs_trace": 2.202778333333333,
        "tensors": [
            [
                [
                    4.59599,
                    0.0,
                    -0.0
                ],
                [
                    0.0,
                    4.59709,
                    -1e-05
                ],
                [
                    0.0,
                    0.0,
                    3.09414
                ]
            ],
            [
                [
                    -0.17352,
                    0.0,
                    -0.0
                ],
                [
                    0.0,
                    -0.17301,
                    0.0
                ],
                [
                    -0.0,
                    0.0,
                    1.27599
                ]
            ],
            [
                [
                    -2.21123,
                    -0.00017,
                    0.00017
                ],
                [
                    0.0,
                    -2.21206,
                    5e-05
                ],
                [
                    -0.0,
                    0.0,
                    -2.18502
                ]
            ],
            [
                [
                    -2.21123,
                    0.00017,
                    -0.00017
                ],
                [
                    0.0,
                    -2.21202,
                    -5e-05
                ],
                [
                    -0.0,
                    -0.0,
                    -2.1851
                ]
            ]
        ]
    },
    "band_gap": 3.0855,
    "is_direct": true,
    "formula": "LaCuO2"
}