{
    "mp_id": "mp-29455",
    "nelements": 3,
    "nsites": 13,
    "elements": [
        "Ga",
        "Ge",
        "O"
    ],
    "structure": {
        "@module": "pymatgen.core.structure",
        "@class": "Structure",
        "charge": null,
        "lattice": {
            "matrix": [
                [
                    6.1182754,
                    -1.51007745,
                    0.00022593
                ],
                [
                    6.1182754,
                    1.51007745,
                    0.00022593
                ],
                [
                    -5.38293442,
                    0.0,
                    7.73550855
                ]
            ],
            "a": 6.301874945306993,
            "b": 6.301874945306993,
            "c": 9.424122001393224,
            "alpha": 123.6774110518621,
            "beta": 123.6774110518621,
            "gamma": 27.728642431837848,
            "volume": 142.94147855086663
        },
        "sites": [
            {
                "species": [
                    {
                        "element": "Ga",
                        "occu": 1
                    }
                ],
                "abc": [
                    0.46361506,
                    0.46361506,
                    0.28451509
                ],
                "xyz": [
                    4.14152316236465,
                    0.0,
                    2.201078400400031
                ],
                "label": "Ga",
                "properties": {}
            },
            {
                "species": [
                    {
                        "element": "Ga",
                        "occu": 1
                    }
                ],
                "abc": [
                    0.53638494,
                    0.53638494,
                    0.71548491
                ],
                "xyz": [
                    2.7120932176353496,
                    0.0,
                    5.5348820095999685
                ],
                "label": "Ga",
                "properties": {}
            },
            {
                "species": [
                    {
                        "element": "Ga",
                        "occu": 1
                    }
                ],
                "abc": [
                    0.75844989,
                    0.75844989,
                    0.36085912
                ],
                "xyz": [
                    7.3383296304205015,
                    0.0,
                    2.791771521272771
                ],
                "label": "Ga",
                "properties": {}
            },
            {
                "species": [
                    {
                        "element": "Ga",
                        "occu": 1
                    }
                ],
                "abc": [
                    0.24155011,
                    0.24155011,
                    0.63914088
                ],
                "xyz": [
                    -0.4847132504205014,
                    0.0,
                    4.944188888727228
                ],
                "label": "Ga",
                "properties": {}
            },
            {
                "species": [
                    {
                        "element": "Ge",
                        "occu": 1
                    }
                ],
                "abc": [
                    0.0,
                    0.0,
                    0.0
                ],
                "xyz": [
                    0.0,
                    0.0,
                    0.0
                ],
                "label": "Ge",
                "properties": {}
            },
            {
                "species": [
                    {
                        "element": "O",
                        "occu": 1
                    }
                ],
                "abc": [
                    0.89021868,
                    0.89021868,
                    0.30570296
                ],
                "xyz": [
                    9.247627115249061,
                    0.0,
                    2.365170115053053
                ],
                "label": "O",
                "properties": {}
            },
            {
                "species": [
                    {
                        "element": "O",
                        "occu": 1
                    }
                ],
                "abc": [
                    0.10978132,
                    0.10978132,
                    0.69429704
                ],
                "xyz": [
                    -2.3940107352490605,
                    0.0,
                    5.370790294946946
                ],
                "label": "O",
                "properties": {}
            },
            {
                "species": [
                    {
                        "element": "O",
                        "occu": 1
                    }
                ],
                "abc": [
                    0.43997177,
                    0.43997177,
                    0.07225567
                ],
                "xyz": [
                    4.994789381087754,
                    0.0,
                    0.5591331587149706
                ],
                "label": "O",
                "properties": {}
            },
            {
                "species": [
                    {
                        "element": "O",
                        "occu": 1
                    }
                ],
                "abc": [
                    0.56002823,
                    0.56002823,
                    0.92774433
                ],
                "xyz": [
                    1.858826998912246,
                    0.0,
                    7.176827251285029
                ],
                "label": "O",
                "properties": {}
            },
            {
                "species": [
                    {
                        "element": "O",
                        "occu": 1
                    }
                ],
                "abc": [
                    0.64619384,
                    0.64619384,
                    0.46289184
                ],
                "xyz": [
                    5.415467331533939,
                    0.0,
                    3.580995775193774
                ],
                "label": "O",
                "properties": {}
            },
            {
                "species": [
                    {
                        "element": "O",
                        "occu": 1
                    }
                ],
                "abc": [
                    0.83873878,
                    0.83873878,
                    0.78292457
                ],
                "xyz": [
                    6.048838073283325,
                    0.0,
                    6.056698697745205
                ],
                "label": "O",
                "properties": {}
            },
            {
                "species": [
                    {
                        "element": "O",
                        "occu": 1
                    }
                ],
                "abc": [
                    0.16126122,
                    0.16126122,
                    0.21707543
                ],
                "xyz": [
                    0.8047783067166756,
                    0.0,
                    1.6792617122547957
                ],
                "label": "O",
                "properties": {}
            },
            {
                "species": [
                    {
                        "element": "O",
                        "occu": 1
                    }
                ],
                "abc": [
                    0.35380616,
                    0.35380616,
                    0.53710816
                ],
                "xyz": [
                    1.4381490484660606,
                    0.0,
                    4.154964634806225
                ],
                "label": "O",