{
    "mp_id": "mp-306",
    "nelements": 2,
    "nsites": 15,
    "elements": [
        "B",
        "O"
    ],
    "structure": {
        "@module": "pymatgen.core.structure",
        "@class": "Structure",
        "charge": null,
        "lattice": {
            "matrix": [
                [
                    4.35025624,
                    0.0,
                    0.0
                ],
                [
                    -2.17512762,
                    3.76743228,
                    0.0
                ],
                [
                    0.0,
                    0.0,
                    8.3376895
                ]
            ],
            "a": 4.35025624,
            "b": 4.350255871517544,
            "c": 8.3376895,
            "alpha": 90.0,
            "beta": 90.0,
            "gamma": 119.99999519788439,
            "volume": 136.64885937771663
        },
        "sites": [
            {
                "species": [
                    {
                        "element": "B",
                        "occu": 1
                    }
                ],
                "abc": [
                    0.23402287,
                    0.39768988,
                    0.27459895
                ],
                "xyz": [
                    0.15303320833772316,
                    1.4982696913413263,
                    2.289520782126025
                ],
                "label": "B",
                "properties": {}
            },
            {
                "species": [
                    {
                        "element": "B",
                        "occu": 1
                    }
                ],
                "abc": [
                    0.16366602,
                    0.76597713,
                    0.94126595
                ],
                "xyz": [
                    -0.9541088869703659,
                    2.8857669653037563,
                    7.847983228022525
                ],
                "label": "B",
                "properties": {}
            },
            {
                "species": [
                    {
                        "element": "B",
                        "occu": 1
                    }
                ],
                "abc": [
                    0.39768988,
                    0.23402287,
                    0.72540105
                ],
                "xyz": [
                    1.221023273806182,
                    0.8816653146962435,
                    6.048168717873975
                ],
                "label": "B",
                "properties": {}
            },
            {
                "species": [
                    {
                        "element": "B",
                        "occu": 1
                    }
                ],
                "abc": [
                    0.83633398,
                    0.60231012,
                    0.39206705
                ],
                "xyz": [
                    2.3281657374015214,
                    2.2691625886586735,
                    3.2689333260809748
                ],
                "label": "B",
                "properties": {}
            },
            {
                "species": [
                    {
                        "element": "B",
                        "occu": 1
                    }
                ],
                "abc": [
                    0.76597713,
                    0.16366602,
                    0.05873405
                ],
                "xyz": [
                    2.976202308922319,
                    0.6166006468871256,
                    0.489706271977475
                ],
                "label": "B",
                "properties": {}
            },
            {
                "species": [
                    {
                        "element": "B",
                        "occu": 1
                    }
                ],
                "abc": [
                    0.60231012,
                    0.83633398,
                    0.60793295
                ],
                "xyz": [
                    0.8010702185026211,
                    3.1508316331128743,
                    5.068756173919025
                ],
                "label": "B",
                "properties": {}
            },
            {
                "species": [
                    {
                        "element": "O",
                        "occu": 1
                    }
                ],
                "abc": [
                    0.14913145,
                    0.59791941,
                    0.37326974
                ],
                "xyz": [
                    -0.6517910022823563,
                    2.2526208860725547,
                    3.11220719186573
                ],
                "label": "O",
                "properties": {}
            },
            {
                "species": [
                    {
                        "element": "O",
                        "occu": 1
                    }
                ],
                "abc": [
                    0.55121205,
                    0.40208059,
                    0.29339626
                ],
                "xyz": [
                    1.5233370633007959,
                    1.5148113939274452,
                    2.44624691634127
                ],
                "label": "O",
                "properties": {}
            },
            {
                "species": [
                    {
                        "element": "O",
                        "occu": 1
                    }
                ],
                "abc": [
                    0.15740473,
                    0.0,
                    0.833333
                ],
                "xyz": [
                    0.6847509088880152,
                    0.0,
                    6.9480718041035
                ],
                "label": "O",
                "properties": {}
            },
            {
                "species": [
                    {
                        "element": "O",
                        "occu": 1
                    }
                ],
                "abc": [
                    0.40208059,
                    0.55121205,
                    0.70660374
                ],
                "xyz": [
                    0.5501970411985608,
                    2.076654070294974,
                    5.89144258365873
                ],
                "label": "O",
                "properties": {}
            },
            {
                "species": [
                    {
                        "element": "O",
                        "occu": 1
                    }
                ],
                "abc": [
                    0.0,
                    0.15740473,
                    0.166667
                ],
                "xyz": [
                    -0.3423753757416426,
                    0.5930116608266843,
                    1.3896176958965
                ],
                "label": "O",
                "properties": {}
            },
            {
                "species": [
                    {
                        "element": "O",
                        "occu": 1
                    }
                ],
                "abc": [
                    0.59791941,
                    0.14913145,
                    0.62673026
                ],
                "xyz": [
                    2.2767227084639696,
                    0.5618426386932059,
                    5.22548230813427
                ],
                "label": "O",
                "properties": {}
            },
            {
                "species": [
                    {
                        "element": "O",
                        "occu": 1
                    }
                ],
                "abc": [
                    0.84259527,
                    0.84259527,
                    0.5
                ],