{
    "mp_id": "mp-3771",
    "nelements": 3,
    "nsites": 10,
    "elements": [
        "Mg",
        "O",
        "Ti"
    ],
    "structure": {
        "@module": "pymatgen.core.structure",
        "@class": "Structure",
        "charge": null,
        "lattice": {
            "matrix": [
                [
                    2.54940715,
                    1.47189974,
                    4.63804471
                ],
                [
                    -2.54940677,
                    1.4719004,
                    4.63804471
                ],
                [
                    -3.8e-07,
                    -2.94380115,
                    4.63804471
                ]
            ],
            "a": 5.493398255455558,
            "b": 5.493398255943308,
            "c": 5.493398214466201,
            "alpha": 55.30210620551461,
            "beta": 55.302106189615685,
            "gamma": 55.30211784067056,
            "volume": 104.4248292112824
        },
        "sites": [
            {
                "species": [
                    {
                        "element": "Mg",
                        "occu": 1
                    }
                ],
                "abc": [
                    0.64373586,
                    0.64373586,
                    0.64373586
                ],
                "xyz": [
                    -2.3090382839948244e-17,
                    -6.50173218597061e-07,
                    8.957027100330903
                ],
                "label": "Mg",
                "properties": {}
            },
            {
                "species": [
                    {
                        "element": "Mg",
                        "occu": 1
                    }
                ],
                "abc": [
                    0.35626414,
                    0.35626414,
                    0.35626414
                ],
                "xyz": [
                    -6.590255142817358e-17,
                    -3.5982678125989764e-07,
                    4.957107029669098
                ],
                "label": "Mg",
                "properties": {}
            },
            {
                "species": [
                    {
                        "element": "Ti",
                        "occu": 1
                    }
                ],
                "abc": [
                    0.85125265,
                    0.85125265,
                    0.85125265
                ],
                "xyz": [
                    -1.3067240804763135e-16,
                    -8.597651763864178e-07,
                    11.844443550617946
                ],
                "label": "Ti",
                "properties": {}
            },
            {
                "species": [
                    {
                        "element": "Ti",
                        "occu": 1
                    }
                ],
                "abc": [
                    0.14874735,
                    0.14874735,
                    0.14874735
                ],
                "xyz": [
                    -1.3831723773862604e-17,
                    -1.50234823526052e-07,
                    2.0696905793820557
                ],
                "label": "Ti",
                "properties": {}
            },
            {
                "species": [
                    {
                        "element": "O",
                        "occu": 1
                    }
                ],
                "abc": [
                    0.95262076,
                    0.55881795,
                    0.23006348
                ],
                "xyz": [
                    1.0039638244307898,
                    1.5474254760977804,
                    8.077165019782914
                ],
                "label": "O",
                "properties": {}
            },
            {
                "species": [
                    {
                        "element": "O",
                        "occu": 1
                    }
                ],
                "abc": [
                    0.23006348,
                    0.95262076,
                    0.55881795
                ],
                "xyz": [
                    -1.8420925462714839,
                    0.09574433023715656,
                    8.077165019782914
                ],
                "label": "O",
                "properties": {}
            },
            {
                "species": [
                    {
                        "element": "O",
                        "occu": 1
                    }
                ],
                "abc": [
                    0.55881795,
                    0.23006348,
                    0.95262076
                ],
                "xyz": [
                    0.8381287218406941,
                    -1.643171565252149,
                    8.077165019782914
                ],
                "label": "O",
                "properties": {}
            },
            {
                "species": [
                    {
                        "element": "O",
                        "occu": 1
                    }
                ],
                "abc": [
                    0.04737924,
                    0.44118205,
                    0.76993652
                ],
                "xyz": [
                    -1.00396382443079,
                    -1.5474264860977807,
                    5.836969110217085
                ],
                "label": "O",
                "properties": {}
            },
            {
                "species": [
                    {
                        "element": "O",
                        "occu": 1
                    }
                ],
                "abc": [
                    0.44118205,
                    0.76993652,
                    0.04737924
                ],
                "xyz": [
                    -0.8381287218406942,
                    1.6431705552521487,
                    5.836969110217085
                ],
                "label": "O",
                "properties": {}
            },
            {
                "species": [
                    {
                        "element": "O",
                        "occu": 1
                    }
                ],
                "abc": [
                    0.76993652,
                    0.04737924,
                    0.44118205
                ],
                "xyz": [
                    1.842092546271484,
                    -0.09574534023715686,
                    5.836969110217085
                ],
                "label": "O",
                "properties": {}
            }
        ]
    },
    "spacegroup": {
        "source": "spglib",
        "symbol": "R-3",
        "number": 148,
        "point_group": "-3",
        "crystal_system": "trigonal",
        "hall": "-R 3"
    },
    "dielectric": {
        "epsilon_ionic": [
            [
                13.80444764,
                -3.49e-06,
                1.6e-07
            ],
            [
                -3.49e-06,
                13.80450234,
                -4.15e-06
            ],
            [
                1.6e-07,
                -4.15e-06,
                8.42018028
            ]
        ],
        "epsilon_ionic_avg": 12.009710086666667,
        "epsilon_ionic_eig": [
            13.80444741822821,
            13.804502561774997,
            8.420180279996796
        ],
        "epsilon_electronic": [
            [
                5.23780652,
                -6.7e-07,
                0.0
            ],
            [
                6.7e-07,
                5.23780545,
                2.9e-07
            ],
            [
                0.0,
                2.9e-07,
                4.01473735
            ]
        ],
        "epsilon_electronic_avg": 4.830116439999999,
        "epsilon_electronic_eig": [
            5.237805985000033,
            5.237805985000033,
            4.0147373499999315
        ]
    },