{
    "mp_id": "mp-3443",
    "nelements": 3,
    "nsites": 14,
    "elements": [
        "Cd",
        "Ga",
        "O"
    ],
    "structure": {
        "@module": "pymatgen.core.structure",
        "@class": "Structure",
        "charge": null,
        "lattice": {
            "matrix": [
                [
                    0.0,
                    4.318396,
                    4.318396
                ],
                [
                    4.318396,
                    0.0,
                    4.318396
                ],
                [
                    4.318396,
                    4.318396,
                    0.0
                ]
            ],
            "a": 6.107134190897725,
            "b": 6.107134190897725,
            "c": 6.107134190897725,
            "alpha": 60.00000000000001,
            "beta": 60.00000000000001,
            "gamma": 60.00000000000001,
            "volume": 161.0635957415371
        },
        "sites": [
            {
                "species": [
                    {
                        "element": "Cd",
                        "occu": 1
                    }
                ],
                "abc": [
                    0.25,
                    0.25,
                    0.25
                ],
                "xyz": [
                    2.159198,
                    2.159198,
                    2.159198
                ],
                "label": "Cd",
                "properties": {}
            },
            {
                "species": [
                    {
                        "element": "Cd",
                        "occu": 1
                    }
                ],
                "abc": [
                    0.0,
                    0.0,
                    0.0
                ],
                "xyz": [
                    0.0,
                    0.0,
                    0.0
                ],
                "label": "Cd",
                "properties": {}
            },
            {
                "species": [
                    {
                        "element": "Ga",
                        "occu": 1
                    }
                ],
                "abc": [
                    0.625,
                    0.625,
                    0.625
                ],
                "xyz": [
                    5.397995,
                    5.397995,
                    5.397995
                ],
                "label": "Ga",
                "properties": {}
            },
            {
                "species": [
                    {
                        "element": "Ga",
                        "occu": 1
                    }
                ],
                "abc": [
                    0.125,
                    0.625,
                    0.625
                ],
                "xyz": [
                    5.397995,
                    3.238797,
                    3.238797
                ],
                "label": "Ga",
                "properties": {}
            },
            {
                "species": [
                    {
                        "element": "Ga",
                        "occu": 1
                    }
                ],
                "abc": [
                    0.625,
                    0.625,
                    0.125
                ],
                "xyz": [
                    3.238797,
                    3.238797,
                    5.397995
                ],
                "label": "Ga",
                "properties": {}
            },
            {
                "species": [
                    {
                        "element": "Ga",
                        "occu": 1
                    }
                ],
                "abc": [
                    0.625,
                    0.125,
                    0.625
                ],
                "xyz": [
                    3.238797,
                    5.397995,
                    3.238797
                ],
                "label": "Ga",
                "properties": {}
            },
            {
                "species": [
                    {
                        "element": "O",
                        "occu": 1
                    }
                ],
                "abc": [
                    0.392958,
                    0.821125,
                    0.392958
                ],
                "xyz": [
                    5.242891170868,
                    3.3938965107359995,
                    5.242891170868
                ],
                "label": "O",
                "properties": {}
            },
            {
                "species": [
                    {
                        "element": "O",
                        "occu": 1
                    }
                ],
                "abc": [
                    0.857042,
                    0.857042,
                    0.428875
                ],
                "xyz": [
                    5.553098829132,
                    5.553098829132,
                    7.402093489264
                ],
                "label": "O",
                "properties": {}
            },
            {
                "species": [
                    {
                        "element": "O",
                        "occu": 1
                    }
                ],
                "abc": [
                    0.857042,
                    0.857042,
                    0.857042
                ],
                "xyz": [
                    7.402093489264,
                    7.402093489264,
                    7.402093489264
                ],
                "label": "O",
                "properties": {}
            },
            {
                "species": [
                    {
                        "element": "O",
                        "occu": 1
                    }
                ],
                "abc": [
                    0.428875,
                    0.857042,
                    0.857042
                ],
                "xyz": [
                    7.402093489264,
                    5.553098829132,
                    5.553098829132
                ],
                "label": "O",
                "properties": {}
            },
            {
                "species": [
                    {
                        "element": "O",
                        "occu": 1
                    }
                ],
                "abc": [
                    0.392958,
                    0.392958,
                    0.392958
                ],
                "xyz": [
                    3.3938965107359995,
                    3.3938965107359995,
                    3.3938965107359995
                ],
                "label": "O",
                "properties": {}
            },
            {
                "species": [
                    {
                        "element": "O",
                        "occu": 1
                    }
                ],
                "abc": [
                    0.821125,
                    0.392958,
                    0.392958
                ],
                "xyz": [
                    3.3938965107359995,
                    5.242891170868,
                    5.242891170868
                ],
                "label": "O",
                "properties": {}
            },
            {
                "species": [
                    {
                        "element": "O",
                        "occu": 1
                    }
                ],
                "abc": [
                    0.857042,
                    0.428875,
                    0.857042
                ],
                "xyz": [
                    5.553098829132,
                    7.402093489264,
                    5.553098829132
                ],
                "label": "O",
                "properties": {}
            },
            {
                "species": [
                    {
                        "element": "O",