{
    "mp_id": "mp-3666",
    "nelements": 3,
    "nsites": 10,
    "elements": [
        "Li",
        "O",
        "Ta"
    ],
    "structure": {
        "@module": "pymatgen.core.structure",
        "@class": "Structure",
        "charge": null,
        "lattice": {
            "matrix": [
                [
                    2.58166873,
                    1.49052742,
                    4.59873376
                ],
                [
                    -2.58166873,
                    1.49052742,
                    4.59873376
                ],
                [
                    0.0,
                    -2.98105485,
                    4.59873376
                ]
            ],
            "a": 5.48042312386511,
            "b": 5.48042312386511,
            "c": 5.48042336084287,
            "alpha": 56.207695194092636,
            "beta": 56.207695194092636,
            "gamma": 56.20768767635968,
            "volume": 106.17689059064782
        },
        "sites": [
            {
                "species": [
                    {
                        "element": "Li",
                        "occu": 1
                    }
                ],
                "abc": [
                    0.72200014,
                    0.72200014,
                    0.72200014
                ],
                "xyz": [
                    0.0,
                    -7.220001485563898e-09,
                    9.96085925562818
                ],
                "label": "Li",
                "properties": {}
            },
            {
                "species": [
                    {
                        "element": "Li",
                        "occu": 1
                    }
                ],
                "abc": [
                    0.22200014,
                    0.22200014,
                    0.22200014
                ],
                "xyz": [
                    0.0,
                    -2.2200014049289507e-09,
                    3.0627586156281796
                ],
                "label": "Li",
                "properties": {}
            },
            {
                "species": [
                    {
                        "element": "Ta",
                        "occu": 1
                    }
                ],
                "abc": [
                    0.0039619,
                    0.0039619,
                    0.0039619
                ],
                "xyz": [
                    0.0,
                    -3.961899905369215e-11,
                    0.054659169851232
                ],
                "label": "Ta",
                "properties": {}
            },
            {
                "species": [
                    {
                        "element": "Ta",
                        "occu": 1
                    }
                ],
                "abc": [
                    0.5039619,
                    0.5039619,
                    0.5039619
                ],
                "xyz": [
                    0.0,
                    -5.039618944380209e-09,
                    6.952759809851232
                ],
                "label": "Ta",
                "properties": {}
            },
            {
                "species": [
                    {
                        "element": "O",
                        "occu": 1
                    }
                ],
                "abc": [
                    0.13230168,
                    0.77074665,
                    0.38278863
                ],
                "xyz": [
                    -1.648253414874788,
                    0.20490439546385297,
                    5.91322183780777
                ],
                "label": "O",
                "properties": {}
            },
            {
                "species": [
                    {
                        "element": "O",
                        "occu": 1
                    }
                ],
                "abc": [
                    0.63230168,
                    0.88278863,
                    0.27074665
                ],
                "xyz": [
                    -0.6466743260880736,
                    1.4511730367275475,
                    8.212588717807769
                ],
                "label": "O",
                "properties": {}
            },
            {
                "species": [
                    {
                        "element": "O",
                        "occu": 1
                    }
                ],
                "abc": [
                    0.27074665,
                    0.63230168,
                    0.88278863
                ],
                "xyz": [
                    -0.933415315125212,
                    -1.2856230295361468,
                    8.212588717807769
                ],
                "label": "O",
                "properties": {}
            },
            {
                "species": [
                    {
                        "element": "O",
                        "occu": 1
                    }
                ],
                "abc": [
                    0.88278863,
                    0.27074665,
                    0.63230168
                ],
                "xyz": [
                    1.5800896412132857,
                    -0.16555002504977057,
                    8.212588717807769
                ],
                "label": "O",
                "properties": {}
            },
            {
                "species": [
                    {
                        "element": "O",
                        "occu": 1
                    }
                ],
                "abc": [
                    0.77074665,
                    0.38278863,
                    0.13230168
                ],
                "xyz": [
                    1.0015790887867144,
                    1.3249773999502297,
                    5.91322183780777
                ],
                "label": "O",
                "properties": {}
            },
            {
                "species": [
                    {
                        "element": "O",
                        "occu": 1
                    }
                ],
                "abc": [
                    0.38278863,
                    0.13230168,
                    0.77074665
                ],
                "xyz": [
                    0.6466743260880735,
                    -1.5298818082724521,
                    5.91322183780777
                ],
                "label": "O",
                "properties": {}
            }
        ]
    },
    "spacegroup": {
        "source": "spglib",
        "symbol": "R3c",
        "number": 161,
        "point_group": "3m",
        "crystal_system": "trigonal",
        "hall": "R 3 -2\"c"
    },
    "dielectric": {
        "epsilon_ionic": [
            [
                25.49198574,
                -1.143e-05,
                2.097e-05
            ],
            [
                -1.143e-05,
                25.49186853,
                4.713e-05
            ],
            [
                2.097e-05,
                4.713e-05,
                38.4580605
            ]
        ],
        "epsilon_ionic_avg": 29.813971590000005,
        "epsilon_ionic_eig": [
            38.458060500205235,
            25.491986844199175,
            25.491867425595593
        ],
        "epsilon_electronic": [
            [
                4.83744034,
                0.0,
                0.0
            ],
            [
                0.0,
                4.83743844,
                0.0
            ],
            [
                0.0,
                -0.0,
                5.14681192
            ]
        ],
        "epsilon_electronic_avg": 4.940563566666667,
        "epsilon_electronic_eig": [
            4.83744034,
            4.83743844,
            5.14681192
        ]
    },
    "phonon": {
        "lowest_freq": -0.030894548657916063,