{
    "mp_id": "mp-4190",
    "nelements": 3,
    "nsites": 10,
    "elements": [
        "Ca",
        "O",
        "Sn"
    ],
    "structure": {
        "@module": "pymatgen.core.structure",
        "@class": "Structure",
        "charge": null,
        "lattice": {
            "matrix": [
                [
                    2.7534277,
                    1.58969252,
                    5.07926573
                ],
                [
                    -2.75342762,
                    1.58969265,
                    5.07926573
                ],
                [
                    -7e-08,
                    -3.17938417,
                    5.07926573
                ]
            ],
            "a": 5.992280597837828,
            "b": 5.992280595565876,
            "c": 5.99228037197852,
            "alpha": 54.70915462867409,
            "beta": 54.70915458962527,
            "gamma": 54.709152071885605,
            "volume": 133.39480390395147
        },
        "sites": [
            {
                "species": [
                    {
                        "element": "Ca",
                        "occu": 1
                    }
                ],
                "abc": [
                    0.63749459,
                    0.63749459,
                    0.63749459
                ],
                "xyz": [
                    6.374945713931819e-09,
                    6.374945895615269e-07,
                    9.714013272142203
                ],
                "label": "Ca",
                "properties": {}
            },
            {
                "species": [
                    {
                        "element": "Ca",
                        "occu": 1
                    }
                ],
                "abc": [
                    0.36250541,
                    0.36250541,
                    0.36250541
                ],
                "xyz": [
                    3.625054021915103e-09,
                    3.625054096900726e-07,
                    5.523783917857798
                ],
                "label": "Ca",
                "properties": {}
            },
            {
                "species": [
                    {
                        "element": "Sn",
                        "occu": 1
                    }
                ],
                "abc": [
                    0.15408538,
                    0.15408538,
                    0.15408538
                ],
                "xyz": [
                    1.540853789763898e-09,
                    1.540853800108266e-07,
                    2.3479217703840822
                ],
                "label": "Sn",
                "properties": {}
            },
            {
                "species": [
                    {
                        "element": "Sn",
                        "occu": 1
                    }
                ],
                "abc": [
                    0.84591462,
                    0.84591462,
                    0.84591462
                ],
                "xyz": [
                    8.459145890571876e-09,
                    8.459146196848621e-07,
                    12.889875419615917
                ],
                "label": "Sn",
                "properties": {}
            },
            {
                "species": [
                    {
                        "element": "O",
                        "occu": 1
                    }
                ],
                "abc": [
                    0.44395597,
                    0.79018648,
                    0.03520997
                ],
                "xyz": [
                    -0.9533206160689066,
                    1.8499611028595415,
                    6.447378246198567
                ],
                "label": "O",
                "properties": {}
            },
            {
                "species": [
                    {
                        "element": "O",
                        "occu": 1
                    }
                ],
                "abc": [
                    0.03520997,
                    0.44395597,
                    0.79018648
                ],
                "xyz": [
                    -1.125452578460776,
                    -1.750579817488977,
                    6.447378246198568
                ],
                "label": "O",
                "properties": {}
            },
            {
                "species": [
                    {
                        "element": "O",
                        "occu": 1
                    }
                ],
                "abc": [
                    0.96479003,
                    0.55604403,
                    0.20981352
                ],
                "xyz": [
                    1.1254525884607758,
                    1.7505808174889765,
                    8.790418943801434
                ],
                "label": "O",
                "properties": {}
            },
            {
                "species": [
                    {
                        "element": "O",
                        "occu": 1
                    }
                ],
                "abc": [
                    0.20981352,
                    0.96479003,
                    0.55604403
                ],
                "xyz": [
                    -2.0787731972232066,
                    0.09938101601814475,
                    8.790418943801434
                ],
                "label": "O",
                "properties": {}
            },
            {
                "species": [
                    {
                        "element": "O",
                        "occu": 1
                    }
                ],
                "abc": [
                    0.79018648,
                    0.03520997,
                    0.44395597
                ],
                "xyz": [
                    2.0787732072232066,
                    -0.09938001601814483,
                    6.447378246198568
                ],
                "label": "O",
                "properties": {}
            },
            {
                "species": [
                    {
                        "element": "O",
                        "occu": 1
                    }
                ],
                "abc": [
                    0.55604403,
                    0.20981352,
                    0.96479003
                ],
                "xyz": [
                    0.9533206260689064,
                    -1.8499601028595416,
                    8.790418943801434
                ],
                "label": "O",
                "properties": {}
            }
        ]
    },
    "spacegroup": {
        "source": "spglib",
        "symbol": "R-3",
        "number": 148,
        "point_group": "-3",
        "crystal_system": "trigonal",
        "hall": "-R 3"
    },
    "dielectric": {
        "epsilon_ionic": [
            [
                6.69218522,
                9.01e-06,
                -1.37e-06
            ],
            [
                9.01e-06,
                6.69229617,
                -1.1e-06
            ],
            [
                -1.37e-06,
                -1.1e-06,
                7.03966869
            ]
        ],
        "epsilon_ionic_avg": 6.808050026666667,
        "epsilon_ionic_eig": [
            6.69218449307608,
            6.692296896915037,
            7.039668690008885
        ],
        "epsilon_electronic": [
            [
                3.93372232,
                -1.28e-06,
                0.0
            ],
            [
                1.28e-06,
                3.93372035,
                0.0
            ],
            [
                0.0,
                -0.0,
                3.59876082
            ]
        ],
        "epsilon_electronic_avg": 3.8220678300000004,
        "epsilon_electronic_eig": [
            3.9337213350000004,
            3.9337213350000004,
            3.59876082
        ]
    },