{
    "mp_id": "mp-4156",
    "nelements": 3,
    "nsites": 12,
    "elements": [
        "Li",
        "O",
        "Zr"
    ],
    "structure": {
        "@module": "pymatgen.core.structure",
        "@class": "Structure",
        "charge": null,
        "lattice": {
            "matrix": [
                [
                    2.69327021,
                    -4.53572963,
                    0.0002748
                ],
                [
                    2.69327021,
                    4.53572963,
                    0.0002748
                ],
                [
                    -2.0333381,
                    0.0,
                    5.0306789
                ]
            ],
            "a": 5.275087466198871,
            "b": 5.275087466198871,
            "c": 5.426066164710565,
            "alpha": 101.02737897323975,
            "beta": 101.02737897323975,
            "gamma": 118.59717859646862,
            "volume": 122.91406725176799
        },
        "sites": [
            {
                "species": [
                    {
                        "element": "Li",
                        "occu": 1
                    }
                ],
                "abc": [
                    0.74137571,
                    0.25862429,
                    0.25
                ],
                "xyz": [
                    2.184935685,
                    -2.1896299196185742,
                    1.2579445249999999
                ],
                "label": "Li",
                "properties": {}
            },
            {
                "species": [
                    {
                        "element": "Li",
                        "occu": 1
                    }
                ],
                "abc": [
                    0.25862429,
                    0.74137571,
                    0.75
                ],
                "xyz": [
                    1.1682666350000002,
                    2.1896299196185742,
                    3.773283975
                ],
                "label": "Li",
                "properties": {}
            },
            {
                "species": [
                    {
                        "element": "Li",
                        "occu": 1
                    }
                ],
                "abc": [
                    0.42479741,
                    0.57520259,
                    0.25
                ],
                "xyz": [
                    2.1849356849999997,
                    0.6821972314314833,
                    1.2579445249999999
                ],
                "label": "Li",
                "properties": {}
            },
            {
                "species": [
                    {
                        "element": "Li",
                        "occu": 1
                    }
                ],
                "abc": [
                    0.57520259,
                    0.42479741,
                    0.75
                ],
                "xyz": [
                    1.1682666349999997,
                    -0.6821972314314833,
                    3.773283975
                ],
                "label": "Li",
                "properties": {}
            },
            {
                "species": [
                    {
                        "element": "Zr",
                        "occu": 1
                    }
                ],
                "abc": [
                    0.09103395,
                    0.90896605,
                    0.25
                ],
                "xyz": [
                    2.184935685,
                    3.709918861298122,
                    1.2579445249999999
                ],
                "label": "Zr",
                "properties": {}
            },
            {
                "species": [
                    {
                        "element": "Zr",
                        "occu": 1
                    }
                ],
                "abc": [
                    0.90896605,
                    0.09103395,
                    0.75
                ],
                "xyz": [
                    1.1682666350000002,
                    -3.709918861298122,
                    3.773283975
                ],
                "label": "Zr",
                "properties": {}
            },
            {
                "species": [
                    {
                        "element": "O",
                        "occu": 1
                    }
                ],
                "abc": [
                    0.0,
                    0.5,
                    0.0
                ],
                "xyz": [
                    1.346635105,
                    2.267864815,
                    0.0001374
                ],
                "label": "O",
                "properties": {}
            },
            {
                "species": [
                    {
                        "element": "O",
                        "occu": 1
                    }
                ],
                "abc": [
                    0.69202918,
                    0.84414253,
                    0.98783293
                ],
                "xyz": [
                    2.1287271709841256,
                    0.6899450287135602,
                    4.969892417662085
                ],
                "label": "O",
                "properties": {}
            },
            {
                "species": [
                    {
                        "element": "O",
                        "occu": 1
                    }
                ],
                "abc": [
                    0.84414253,
                    0.69202918,
                    0.48783293
                ],
                "xyz": [
                    3.145396220984126,
                    -0.6899450287135602,
                    2.454552967662085
                ],
                "label": "O",
                "properties": {}
            },
            {
                "species": [
                    {
                        "element": "O",
                        "occu": 1
                    }
                ],
                "abc": [
                    0.30797082,
                    0.15585747,
                    0.01216707
                ],
                "xyz": [
                    1.224475149015874,
                    -0.6899450287135603,
                    0.061336082337915
                ],
                "label": "O",
                "properties": {}
            },
            {
                "species": [
                    {
                        "element": "O",
                        "occu": 1
                    }
                ],
                "abc": [
                    0.15585747,
                    0.30797082,
                    0.51216707
                ],
                "xyz": [
                    0.2078060990158741,
                    0.6899450287135603,
                    2.576675532337915
                ],
                "label": "O",
                "properties": {}
            },
            {
                "species": [
                    {
                        "element": "O",
                        "occu": 1
                    }
                ],
                "abc": [
                    0.5,
                    0.0,
                    0.5
                ],
                "xyz": [
                    0.3299660550000001,
                    -2.267864815,
                    2.5154768499999998
                ],
                "label": "O",
                "properties": {}
            }
        ]
    },
    "spacegroup": {
        "source": "spglib",
        "symbol": "C2/c",
        "number": 15,
        "point_group": "2/m",
        "crystal_system": "monoclinic",
        "hall": "-C 2yc"
    },