{
    "mp_id": "mp-4280",
    "nelements": 3,
    "nsites": 4,
    "elements": [
        "Cu",
        "Ga",
        "O"
    ],
    "structure": {
        "@module": "pymatgen.core.structure",
        "@class": "Structure",
        "charge": null,
        "lattice": {
            "matrix": [
                [
                    1.488246,
                    0.85924,
                    5.68577
                ],
                [
                    -1.488246,
                    0.85924,
                    5.68577
                ],
                [
                    0.0,
                    -1.718479,
                    5.68577
                ]
            ],
            "a": 5.939793769737801,
            "b": 5.939793769737801,
            "c": 5.939793815137104,
            "alpha": 29.02074388845269,
            "beta": 29.02074388845269,
            "gamma": 29.020732664671957,
            "volume": 43.62441136742333
        },
        "sites": [
            {
                "species": [
                    {
                        "element": "Ga",
                        "occu": 1
                    }
                ],
                "abc": [
                    0.5,
                    0.5,
                    0.5
                ],
                "xyz": [
                    0.0,
                    4.999999999588667e-07,
                    8.528655
                ],
                "label": "Ga",
                "properties": {}
            },
            {
                "species": [
                    {
                        "element": "Cu",
                        "occu": 1
                    }
                ],
                "abc": [
                    0.0,
                    0.0,
                    0.0
                ],
                "xyz": [
                    0.0,
                    0.0,
                    0.0
                ],
                "label": "Cu",
                "properties": {}
            },
            {
                "species": [
                    {
                        "element": "O",
                        "occu": 1
                    }
                ],
                "abc": [
                    0.892698,
                    0.892698,
                    0.892698
                ],
                "xyz": [
                    0.0,
                    8.926979999657192e-07,
                    15.22702652238
                ],
                "label": "O",
                "properties": {}
            },
            {
                "species": [
                    {
                        "element": "O",
                        "occu": 1
                    }
                ],
                "abc": [
                    0.107302,
                    0.107302,
                    0.107302
                ],
                "xyz": [
                    0.0,
                    1.0730199997976975e-07,
                    1.8302834776199997
                ],
                "label": "O",
                "properties": {}
            }
        ]
    },
    "spacegroup": {
        "source": "spglib",
        "symbol": "R-3m",
        "number": 166,
        "point_group": "-3m",
        "crystal_system": "trigonal",
        "hall": "-R 3 2\""
    },
    "dielectric": {
        "epsilon_ionic": [
            [
                5.65913704,
                0.0,
                -0.0
            ],
            [
                0.0,
                5.6590292,
                -4.7e-07
            ],
            [
                -0.0,
                -4.7e-07,
                2.19226369
            ]
        ],
        "epsilon_ionic_avg": 4.503476643333333,
        "epsilon_ionic_eig": [
            2.1922636899999364,
            5.659029200000064,
            5.65913704
        ],
        "epsilon_electronic": [
            [
                5.44080272,
                0.0,
                0.0
            ],
            [
                0.0,
                5.44080404,
                -2.7e-07
            ],
            [
                0.0,
                -2.7e-07,
                4.66955454
            ]
        ],
        "epsilon_electronic_avg": 5.183720433333334,
        "epsilon_electronic_eig": [
            4.669554539999906,
            5.440804040000094,
            5.44080272
        ]
    },
    "phonon": {
        "lowest_freq": -0.02831702222351636,
        "frequency": [
            -0.02831702222351636,
            -0.006917238412819229,
            -0.006917237564850263,
            3.703790566109631,
            3.703791018117045,
            10.192387376526117,
            10.620405903593243,
            10.620407192282832,
            11.110045688918628,
            11.110047041802998,
            18.612637629972753,
            21.108653783761053
        ]
    },
    "born_effective_charge": {
        "avg_abs_trace": 2.045326666666667,
        "tensors": [
            [
                [
                    3.39857,
                    -0.0,
                    0.0
                ],
                [
                    0.0,
                    3.39852,
                    -0.0
                ],
                [
                    0.0,
                    -0.0,
                    2.64048
                ]
            ],
            [
                [
                    0.66646,
                    -0.0,
                    0.0
                ],
                [
                    0.0,
                    0.66648,
                    0.0
                ],
                [
                    0.0,
                    -0.0,
                    1.50144
                ]
            ],
            [
                [
                    -2.03252,
                    4e-05,
                    -0.00011
                ],
                [
                    0.0,
                    -2.0325,
                    -2e-05
                ],
                [
                    0.0,
                    0.0,
                    -2.07087
                ]
            ],
            [
                [
                    -2.03252,
                    -4e-05,
                    0.00011
                ],
                [
                    0.0,
                    -2.0325,
                    2e-05
                ],
                [
                    0.0,
                    0.0,
                    -2.07106
                ]
            ]
        ]
    },
    "band_gap": 1.2200000000000006,
    "is_direct": false,
    "formula": "GaCuO2"
}