{
    "mp_id": "mp-4236",
    "nelements": 3,
    "nsites": 12,
    "elements": [
        "Ba",
        "O",
        "Zn"
    ],
    "structure": {
        "@module": "pymatgen.core.structure",
        "@class": "Structure",
        "charge": null,
        "lattice": {
            "matrix": [
                [
                    5.82779472,
                    0.0,
                    0.0
                ],
                [
                    -2.91389736,
                    5.04701764,
                    0.0
                ],
                [
                    0.0,
                    0.0,
                    6.65858324
                ]
            ],
            "a": 5.82779472,
            "b": 5.827794169588193,
            "c": 6.65858324,
            "alpha": 90.0,
            "beta": 90.0,
            "gamma": 120.00000312424834,
            "volume": 195.84879400511804
        },
        "sites": [
            {
                "species": [
                    {
                        "element": "Ba",
                        "occu": 1
                    }
                ],
                "abc": [
                    0.65282014,
                    0.0,
                    0.833333
                ],
                "xyz": [
                    3.804501765001661,
                    0.0,
                    5.548817147138919
                ],
                "label": "Ba",
                "properties": {}
            },
            {
                "species": [
                    {
                        "element": "Ba",
                        "occu": 1
                    }
                ],
                "abc": [
                    0.0,
                    0.65282014,
                    0.166667
                ],
                "xyz": [
                    -1.9022508825008304,
                    3.2947947623272698,
                    1.10976609286108
                ],
                "label": "Ba",
                "properties": {}
            },
            {
                "species": [
                    {
                        "element": "Ba",
                        "occu": 1
                    }
                ],
                "abc": [
                    0.34717986,
                    0.34717986,
                    0.5
                ],
                "xyz": [
                    1.0116464774991696,
                    1.7522228776727304,
                    3.32929162
                ],
                "label": "Ba",
                "properties": {}
            },
            {
                "species": [
                    {
                        "element": "Zn",
                        "occu": 1
                    }
                ],
                "abc": [
                    0.4227115,
                    0.4227115,
                    0.0
                ],
                "xyz": [
                    1.23173792389164,
                    2.13343239713086,
                    0.0
                ],
                "label": "Zn",
                "properties": {}
            },
            {
                "species": [
                    {
                        "element": "Zn",
                        "occu": 1
                    }
                ],
                "abc": [
                    0.0,
                    0.5772885,
                    0.666667
                ],
                "xyz": [
                    -1.68215943610836,
                    2.91358524286914,
                    4.4390577128610795
                ],
                "label": "Zn",
                "properties": {}
            },
            {
                "species": [
                    {
                        "element": "Zn",
                        "occu": 1
                    }
                ],
                "abc": [
                    0.5772885,
                    0.0,
                    0.333333
                ],
                "xyz": [
                    3.36431887221672,
                    0.0,
                    2.2195255271389196
                ],
                "label": "Zn",
                "properties": {}
            },
            {
                "species": [
                    {
                        "element": "O",
                        "occu": 1
                    }
                ],
                "abc": [
                    0.1346744,
                    0.42593829,
                    0.87169912
                ],
                "xyz": [
                    -0.45628570151474634,
                    2.1497180631814357,
                    5.804281150754749
                ],
                "label": "O",
                "properties": {}
            },
            {
                "species": [
                    {
                        "element": "O",
                        "occu": 1
                    }
                ],
                "abc": [
                    0.57406171,
                    0.7087361,
                    0.20503212
                ],
                "xyz": [
                    1.2803295517654751,
                    3.577003598804804,
                    1.3652234378936687
                ],
                "label": "O",
                "properties": {}
            },
            {
                "species": [
                    {
                        "element": "O",
                        "occu": 1
                    }
                ],
                "abc": [
                    0.2912639,
                    0.8653256,
                    0.53836612
                ],
                "xyz": [
                    -0.8240437628338082,
                    4.367313567543584,
                    3.5847556236158282
                ],
                "label": "O",
                "properties": {}
            },
            {
                "species": [
                    {
                        "element": "O",
                        "occu": 1
                    }
                ],
                "abc": [
                    0.7087361,
                    0.57406171,
                    0.79496788
                ],
                "xyz": [
                    2.457611600207306,
                    2.8972995768185643,
                    5.29335980210633
                ],
                "label": "O",
                "properties": {}
            },
            {
                "species": [
                    {
                        "element": "O",
                        "occu": 1
                    }
                ],
                "abc": [
                    0.42593829,
                    0.1346744,
                    0.12830088
                ],
                "xyz": [
                    2.089853538888245,
                    0.679704072456416,
                    0.8543020892452512
                ],
                "label": "O",
                "properties": {}
            },
            {
                "species": [
                    {
                        "element": "O",
                        "occu": 1
                    }
                ],
                "abc": [
                    0.8653256,
                    0.2912639,
                    0.46163388
                ],
                "xyz": [
                    4.194226853487528,
                    1.470014041195196,
                    3.073827616384171
                ],
                "label": "O",
                "properties": {}
            }
        ]
    },
    "spacegroup": {
        "source": "spglib",
        "symbol": "P3_121",
        "number": 152,
        "point_group": "32",
        "crystal_system": "trigonal",
        "hall": "P 31 2\""
    },