{
    "mp_id": "mp-5175",
    "nelements": 3,
    "nsites": 4,
    "elements": [
        "In",
        "Na",
        "O"
    ],
    "structure": {
        "@module": "pymatgen.core.structure",
        "@class": "Structure",
        "charge": null,
        "lattice": {
            "matrix": [
                [
                    1.62652847,
                    0.93907683,
                    5.42329813
                ],
                [
                    -1.62652847,
                    0.93907683,
                    5.42329813
                ],
                [
                    0.0,
                    -1.87815365,
                    5.42329813
                ]
            ],
            "a": 5.739305076681748,
            "b": 5.739305076681748,
            "c": 5.739305161765649,
            "alpha": 32.92666567156402,
            "beta": 32.92666567156402,
            "gamma": 32.926661144501715,
            "volume": 49.70241859084605
        },
        "sites": [
            {
                "species": [
                    {
                        "element": "Na",
                        "occu": 1
                    }
                ],
                "abc": [
                    0.5,
                    0.5,
                    0.5
                ],
                "xyz": [
                    0.0,
                    4.999999969612645e-09,
                    8.134947195
                ],
                "label": "Na",
                "properties": {}
            },
            {
                "species": [
                    {
                        "element": "In",
                        "occu": 1
                    }
                ],
                "abc": [
                    0.0,
                    0.0,
                    0.0
                ],
                "xyz": [
                    0.0,
                    0.0,
                    0.0
                ],
                "label": "In",
                "properties": {}
            },
            {
                "species": [
                    {
                        "element": "O",
                        "occu": 1
                    }
                ],
                "abc": [
                    0.74009123,
                    0.74009123,
                    0.74009123
                ],
                "xyz": [
                    0.0,
                    7.4009123274265676e-09,
                    12.0412061510652
                ],
                "label": "O",
                "properties": {}
            },
            {
                "species": [
                    {
                        "element": "O",
                        "occu": 1
                    }
                ],
                "abc": [
                    0.25990877,
                    0.25990877,
                    0.25990877
                ],
                "xyz": [
                    0.0,
                    2.599087722821025e-09,
                    4.228688238934801
                ],
                "label": "O",
                "properties": {}
            }
        ]
    },
    "spacegroup": {
        "source": "spglib",
        "symbol": "R-3m",
        "number": 166,
        "point_group": "-3m",
        "crystal_system": "trigonal",
        "hall": "-R 3 2\""
    },
    "dielectric": {
        "epsilon_ionic": [
            [
                6.35881686,
                -0.0,
                0.0
            ],
            [
                -0.0,
                6.36031986,
                -2.9e-06
            ],
            [
                0.0,
                -2.9e-06,
                3.93128888
            ]
        ],
        "epsilon_ionic_avg": 5.550141866666666,
        "epsilon_ionic_eig": [
            3.9312888799965378,
            6.360319860003462,
            6.35881686
        ],
        "epsilon_electronic": [
            [
                4.04246458,
                0.0,
                -0.0
            ],
            [
                0.0,
                4.04246209,
                2e-07
            ],
            [
                0.0,
                2e-07,
                3.19020904
            ]
        ],
        "epsilon_electronic_avg": 3.75837857,
        "epsilon_electronic_eig": [
            3.190209039999953,
            4.042462090000047,
            4.04246458
        ]
    },
    "phonon": {
        "lowest_freq": -0.003908708731609606,
        "frequency": [
            -0.003908708731609606,
            -0.001888039597611944,
            -0.0018880390086302443,
            4.509298782693486,
            4.509300172901301,
            7.5135269975267125,
            10.247144411718297,
            10.247147559991719,
            10.555446791367244,
            10.555450044494645,
            12.82760947626079,
            14.595555816111657
        ]
    },
    "born_effective_charge": {
        "avg_abs_trace": 1.9977433333333334,
        "tensors": [
            [
                [
                    0.96285,
                    0.0,
                    0.0
                ],
                [
                    0.0,
                    0.96307,
                    -0.0
                ],
                [
                    0.0,
                    0.0,
                    1.34718
                ]
            ],
            [
                [
                    3.43125,
                    -0.0,
                    0.0
                ],
                [
                    0.0,
                    3.43147,
                    -0.0
                ],
                [
                    0.0,
                    0.0,
                    1.85065
                ]
            ],
            [
                [
                    -2.19705,
                    -0.00015,
                    -6e-05
                ],
                [
                    0.0,
                    -2.19726,
                    -0.0
                ],
                [
                    -0.0,
                    -0.0,
                    -1.59893
                ]
            ],
            [
                [
                    -2.19705,
                    0.00015,
                    6e-05
                ],
                [
                    0.0,
                    -2.19727,
                    1e-05
                ],
                [
                    -0.0,
                    -0.0,
                    -1.59889
                ]
            ]
        ]
    },
    "band_gap": 2.0357,
    "is_direct": false,
    "formula": "NaInO2"
}