{
    "mp_id": "mp-540584",
    "nelements": 3,
    "nsites": 5,
    "elements": [
        "K",
        "O",
        "Pd"
    ],
    "structure": {
        "@module": "pymatgen.core.structure",
        "@class": "Structure",
        "charge": null,
        "lattice": {
            "matrix": [
                [
                    -1.55439637,
                    3.02169616,
                    4.26903603
                ],
                [
                    1.55439637,
                    -3.02169616,
                    4.26903603
                ],
                [
                    1.55439637,
                    3.02169616,
                    -4.26903603
                ]
            ],
            "a": 5.45632333938029,
            "b": 5.45632333938029,
            "c": 5.45632333938029,
            "alpha": 146.8966709209724,
            "beta": 112.74419317084516,
            "gamma": 77.0380174750402,
            "volume": 80.20517256829605
        },
        "sites": [
            {
                "species": [
                    {
                        "element": "K",
                        "occu": 1
                    }
                ],
                "abc": [
                    0.32309097,
                    0.82309097,
                    0.5
                ],
                "xyz": [
                    1.55439637,
                    -2.220446049250313e-16,
                    2.7585739837952974
                ],
                "label": "K",
                "properties": {}
            },
            {
                "species": [
                    {
                        "element": "K",
                        "occu": 1
                    }
                ],
                "abc": [
                    0.67690903,
                    0.17690903,
                    0.5
                ],
                "xyz": [
                    0.0,
                    3.0216961600000003,
                    1.5104620462047018
                ],
                "label": "K",
                "properties": {}
            },
            {
                "species": [
                    {
                        "element": "Pd",
                        "occu": 1
                    }
                ],
                "abc": [
                    0.0,
                    0.0,
                    0.0
                ],
                "xyz": [
                    0.0,
                    0.0,
                    0.0
                ],
                "label": "Pd",
                "properties": {}
            },
            {
                "species": [
                    {
                        "element": "O",
                        "occu": 1
                    }
                ],
                "abc": [
                    0.21751882,
                    0.5,
                    0.71751882
                ],
                "xyz": [
                    1.55439637,
                    1.3145515662434621,
                    0.0
                ],
                "label": "O",
                "properties": {}
            },
            {
                "species": [
                    {
                        "element": "O",
                        "occu": 1
                    }
                ],
                "abc": [
                    0.78248118,
                    0.5,
                    0.28248118
                ],
                "xyz": [
                    5.551115123125783e-17,
                    1.7071445937565373,
                    4.2690360300000005
                ],
                "label": "O",
                "properties": {}
            }
        ]
    },
    "spacegroup": {
        "source": "spglib",
        "symbol": "Immm",
        "number": 71,
        "point_group": "mmm",
        "crystal_system": "orthorhombic",
        "hall": "-I 2 2"
    },
    "dielectric": {
        "epsilon_ionic": [
            [
                5.38675257,
                1e-08,
                0.0
            ],
            [
                1e-08,
                4.70357191,
                0.0
            ],
            [
                0.0,
                0.0,
                4.04808943
            ]
        ],
        "epsilon_ionic_avg": 4.712804636666667,
        "epsilon_ionic_eig": [
            5.38675257,
            4.70357191,
            4.04808943
        ],
        "epsilon_electronic": [
            [
                5.36345115,
                -0.0,
                0.0
            ],
            [
                0.0,
                3.71090324,
                0.0
            ],
            [
                0.0,
                0.0,
                3.3780889
            ]
        ],
        "epsilon_electronic_avg": 4.15081443,
        "epsilon_electronic_eig": [
            5.36345115,
            3.71090324,
            3.3780889
        ]
    },
    "phonon": {
        "lowest_freq": -0.015367394895273126,
        "frequency": [
            -0.015367394895273126,
            -0.01024572068481863,
            -0.006481184988818552,
            3.023721256306249,
            3.663949104230886,
            3.6817552952212744,
            4.1095876850773365,
            4.6353665896421745,
            4.706550208622235,
            5.907371736386675,
            8.16397921252423,
            13.821187822698171,
            13.93054052370501,
            15.411022736279987,
            15.53120603490423
        ]
    },
    "born_effective_charge": {
        "avg_abs_trace": 1.4838513333333334,
        "tensors": [
            [
                [
                    1.04562,
                    -0.0,
                    1e-05
                ],
                [
                    -0.0,
                    1.30282,
                    -2e-05
                ],
                [
                    0.0,
                    -0.0,
                    1.31791
                ]
            ],
            [
                [
                    1.04562,
                    0.0,
                    -1e-05
                ],
                [
                    0.0,
                    1.30282,
                    2e-05
                ],
                [
                    -0.0,
                    0.0,
                    1.31784
                ]
            ],
            [
                [
                    3.73757,
                    0.0,
                    0.0
                ],
                [
                    -0.0,
                    0.81048,
                    0.0
                ],
                [
                    0.0,
                    0.0,
                    -0.7518
                ]
            ],
            [
                [
                    -2.91441,
                    -0.00029,
                    -0.0
                ],
                [
                    -0.0,
                    -1.70819,
                    0.0
                ],
                [
                    0.0,
                    -2e-05,
                    -0.94197
                ]
            ],
            [
                [
                    -2.91441,
                    0.00029,
                    -0.0
                ],
                [
                    -0.0,
                    -1.70794,
                    -0.0
                ],
                [
                    0.0,
                    2e-05,
                    -0.94197
                ]
            ]
        ]
    },
    "band_gap": 1.9854,
    "is_direct": false,
    "formula": "K2PdO2"
}