{
    "mp_id": "mp-547792",
    "nelements": 3,
    "nsites": 10,
    "elements": [
        "K",
        "O",
        "Sb"
    ],
    "structure": {
        "@module": "pymatgen.core.structure",
        "@class": "Structure",
        "charge": null,
        "lattice": {
            "matrix": [
                [
                    2.71399045,
                    1.56692387,
                    6.14013962
                ],
                [
                    -2.71399046,
                    1.56692386,
                    6.14013962
                ],
                [
                    1e-08,
                    -3.13384673,
                    6.14013962
                ]
            ],
            "a": 6.893642660463387,
            "b": 6.893642662127336,
            "c": 6.893642714866026,
            "alpha": 46.3691886213537,
            "beta": 46.369188569955426,
            "gamma": 46.369179110652745,
            "volume": 156.6699178400329
        },
        "sites": [
            {
                "species": [
                    {
                        "element": "K",
                        "occu": 1
                    }
                ],
                "abc": [
                    0.35929152,
                    0.35929152,
                    0.35929152
                ],
                "xyz": [
                    -9.86113879493466e-17,
                    3.5929151986913155e-07,
                    6.618300291246067
                ],
                "label": "K",
                "properties": {}
            },
            {
                "species": [
                    {
                        "element": "K",
                        "occu": 1
                    }
                ],
                "abc": [
                    0.64070848,
                    0.64070848,
                    0.64070848
                ],
                "xyz": [
                    -6.265850705723761e-17,
                    6.407084800486018e-07,
                    11.802118568753935
                ],
                "label": "K",
                "properties": {}
            },
            {
                "species": [
                    {
                        "element": "Sb",
                        "occu": 1
                    }
                ],
                "abc": [
                    0.83592153,
                    0.83592153,
                    0.83592153
                ],
                "xyz": [
                    -2.419864868906965e-16,
                    8.359215297737421e-07,
                    15.398024716692056
                ],
                "label": "Sb",
                "properties": {}
            },
            {
                "species": [
                    {
                        "element": "Sb",
                        "occu": 1
                    }
                ],
                "abc": [
                    0.16407847,
                    0.16407847,
                    0.16407847
                ],
                "xyz": [
                    -8.581686222325148e-17,
                    1.6407847003296894e-07,
                    3.0223941433079444
                ],
                "label": "Sb",
                "properties": {}
            },
            {
                "species": [
                    {
                        "element": "O",
                        "occu": 1
                    }
                ],
                "abc": [
                    0.96535178,
                    0.55752094,
                    0.16502585
                ],
                "xyz": [
                    1.1068490010505267,
                    1.8690598899766466,
                    10.363932884198343
                ],
                "label": "O",
                "properties": {}
            },
            {
                "species": [
                    {
                        "element": "O",
                        "occu": 1
                    }
                ],
                "abc": [
                    0.03464822,
                    0.44247906,
                    0.83497415
                ],
                "xyz": [
                    -1.1068490010505272,
                    -1.8690588899766467,
                    8.056485975801657
                ],
                "label": "O",
                "properties": {}
            },
            {
                "species": [
                    {
                        "element": "O",
                        "occu": 1
                    }
                ],
                "abc": [
                    0.16502585,
                    0.96535178,
                    0.55752094
                ],
                "xyz": [
                    -2.1720769349856774,
                    0.02403050618198388,
                    10.363932884198343
                ],
                "label": "O",
                "properties": {}
            },
            {
                "species": [
                    {
                        "element": "O",
                        "occu": 1
                    }
                ],
                "abc": [
                    0.83497415,
                    0.03464822,
                    0.44247906
                ],
                "xyz": [
                    2.172076934985677,
                    -0.02402950618198396,
                    8.056485975801657
                ],
                "label": "O",
                "properties": {}
            },
            {
                "species": [
                    {
                        "element": "O",
                        "occu": 1
                    }
                ],
                "abc": [
                    0.55752094,
                    0.16502585,
                    0.96535178
                ],
                "xyz": [
                    1.0652279339351496,
                    -1.8930887082600607,
                    10.363932884198343
                ],
                "label": "O",
                "properties": {}
            },
            {
                "species": [
                    {
                        "element": "O",
                        "occu": 1
                    }
                ],
                "abc": [
                    0.44247906,
                    0.83497415,
                    0.03464822
                ],
                "xyz": [
                    -1.06522793393515,
                    1.8930897082600606,
                    8.056485975801657
                ],
                "label": "O",
                "properties": {}
            }
        ]
    },
    "spacegroup": {
        "source": "spglib",
        "symbol": "R-3",
        "number": 148,
        "point_group": "-3",
        "crystal_system": "trigonal",
        "hall": "-R 3"
    },
    "dielectric": {
        "epsilon_ionic": [
            [
                4.63922166,
                4e-08,
                8.1e-07
            ],
            [
                4e-08,
                4.6392271,
                1.3e-07
            ],
            [
                8.1e-07,
                1.3e-07,
                3.05692267
            ]
        ],
        "epsilon_ionic_avg": 4.111790476666666,
        "epsilon_ionic_eig": [
            3.0569226699995733,
            4.639221659706312,
            4.639227100294113
        ],
        "epsilon_electronic": [
            [
                3.43394214,
                -8.9e-07,
                0.0
            ],
            [
                8.9e-07,
                3.4339417,
                -1.5e-07
            ],
            [
                0.0,
                -1.5e-07,
                2.77379309
            ]
        ],
        "epsilon_electronic_avg": 3.2138923100000008,
        "epsilon_electronic_eig": [
            3.4339419200000183,
            3.4339419200000183,
            2.7737930899999657
        ]
    },