{
    "mp_id": "mp-5146",
    "nelements": 3,
    "nsites": 14,
    "elements": [
        "O",
        "Rh",
        "Zn"
    ],
    "structure": {
        "@module": "pymatgen.core.structure",
        "@class": "Structure",
        "charge": null,
        "lattice": {
            "matrix": [
                [
                    0.0,
                    4.21270128,
                    4.21270128
                ],
                [
                    4.21270128,
                    0.0,
                    4.21270128
                ],
                [
                    4.21270128,
                    4.21270128,
                    0.0
                ]
            ],
            "a": 5.957659284402498,
            "b": 5.957659284402498,
            "c": 5.957659284402498,
            "alpha": 60.00000000000001,
            "beta": 60.00000000000001,
            "gamma": 60.00000000000001,
            "volume": 149.52437290054854
        },
        "sites": [
            {
                "species": [
                    {
                        "element": "Zn",
                        "occu": 1
                    }
                ],
                "abc": [
                    0.0,
                    0.0,
                    0.0
                ],
                "xyz": [
                    0.0,
                    0.0,
                    0.0
                ],
                "label": "Zn",
                "properties": {}
            },
            {
                "species": [
                    {
                        "element": "Zn",
                        "occu": 1
                    }
                ],
                "abc": [
                    0.25,
                    0.25,
                    0.25
                ],
                "xyz": [
                    2.10635064,
                    2.10635064,
                    2.10635064
                ],
                "label": "Zn",
                "properties": {}
            },
            {
                "species": [
                    {
                        "element": "Rh",
                        "occu": 1
                    }
                ],
                "abc": [
                    0.125,
                    0.625,
                    0.625
                ],
                "xyz": [
                    5.2658766,
                    3.1595259600000003,
                    3.1595259600000003
                ],
                "label": "Rh",
                "properties": {}
            },
            {
                "species": [
                    {
                        "element": "Rh",
                        "occu": 1
                    }
                ],
                "abc": [
                    0.625,
                    0.625,
                    0.625
                ],
                "xyz": [
                    5.2658766,
                    5.2658766,
                    5.2658766
                ],
                "label": "Rh",
                "properties": {}
            },
            {
                "species": [
                    {
                        "element": "Rh",
                        "occu": 1
                    }
                ],
                "abc": [
                    0.625,
                    0.125,
                    0.625
                ],
                "xyz": [
                    3.1595259600000003,
                    5.2658766,
                    3.1595259600000003
                ],
                "label": "Rh",
                "properties": {}
            },
            {
                "species": [
                    {
                        "element": "Rh",
                        "occu": 1
                    }
                ],
                "abc": [
                    0.625,
                    0.625,
                    0.125
                ],
                "xyz": [
                    3.1595259600000003,
                    3.1595259600000003,
                    5.2658766
                ],
                "label": "Rh",
                "properties": {}
            },
            {
                "species": [
                    {
                        "element": "O",
                        "occu": 1
                    }
                ],
                "abc": [
                    0.866149,
                    0.866149,
                    0.866149
                ],
                "xyz": [
                    7.2976540019414395,
                    7.2976540019414395,
                    7.2976540019414395
                ],
                "label": "O",
                "properties": {}
            },
            {
                "species": [
                    {
                        "element": "O",
                        "occu": 1
                    }
                ],
                "abc": [
                    0.84844601,
                    0.383851,
                    0.383851
                ],
                "xyz": [
                    3.2340991980585603,
                    5.1912991913671735,
                    5.1912991913671735
                ],
                "label": "O",
                "properties": {}
            },
            {
                "species": [
                    {
                        "element": "O",
                        "occu": 1
                    }
                ],
                "abc": [
                    0.383851,
                    0.383851,
                    0.84844601
                ],
                "xyz": [
                    5.1912991913671735,
                    5.1912991913671735,
                    3.2340991980585603
                ],
                "label": "O",
                "properties": {}
            },
            {
                "species": [
                    {
                        "element": "O",
                        "occu": 1
                    }
                ],
                "abc": [
                    0.383851,
                    0.84844601,
                    0.383851
                ],
                "xyz": [
                    5.1912991913671735,
                    3.2340991980585603,
                    5.1912991913671735
                ],
                "label": "O",
                "properties": {}
            },
            {
                "species": [
                    {
                        "element": "O",
                        "occu": 1
                    }
                ],
                "abc": [
                    0.866149,
                    0.866149,
                    0.40155399
                ],
                "xyz": [
                    5.340454008632827,
                    5.340454008632827,
                    7.2976540019414395
                ],
                "label": "O",
                "properties": {}
            },
            {
                "species": [
                    {
                        "element": "O",
                        "occu": 1
                    }
                ],
                "abc": [
                    0.866149,
                    0.40155399,
                    0.866149
                ],
                "xyz": [
                    5.340454008632827,
                    7.2976540019414395,
                    5.340454008632827
                ],
                "label": "O",
                "properties": {}
            },
            {
                "species": [
                    {
                        "element": "O",
                        "occu": 1
                    }
                ],
                "abc": [
                    0.383851,
                    0.383851,
                    0.383851
                ],
                "xyz": [
                    3.2340991980585603,
                    3.2340991980585603,
                    3.2340991980585603
                ],
                "label": "O",