{
    "mp_id": "mp-553281",
    "nelements": 4,
    "nsites": 10,
    "elements": [
        "Ba",
        "La",
        "Nb",
        "O"
    ],
    "structure": {
        "@module": "pymatgen.core.structure",
        "@class": "Structure",
        "charge": null,
        "lattice": {
            "matrix": [
                [
                    5.26111647,
                    -3.04384492,
                    0.00018552
                ],
                [
                    5.26111647,
                    3.04384492,
                    0.00018552
                ],
                [
                    -3.54946761,
                    0.0,
                    5.0525851
                ]
            ],
            "a": 6.078185456395086,
            "b": 6.078185456395086,
            "c": 6.174733719536506,
            "alpha": 119.83731648703314,
            "beta": 119.83731648703314,
            "gamma": 60.10347973239849,
            "volume": 161.82843309821214
        },
        "sites": [
            {
                "species": [
                    {
                        "element": "Ba",
                        "occu": 1
                    }
                ],
                "abc": [
                    0.24767111,
                    0.24767111,
                    0.73939929
                ],
                "xyz": [
                    -0.018420718783633383,
                    0.0,
                    3.7359697314932334
                ],
                "label": "Ba",
                "properties": {}
            },
            {
                "species": [
                    {
                        "element": "Ba",
                        "occu": 1
                    }
                ],
                "abc": [
                    0.75232889,
                    0.75232889,
                    0.26060071
                ],
                "xyz": [
                    6.991186048783634,
                    0.0,
                    1.3169864085067666
                ],
                "label": "Ba",
                "properties": {}
            },
            {
                "species": [
                    {
                        "element": "La",
                        "occu": 1
                    }
                ],
                "abc": [
                    0.0,
                    0.0,
                    0.0
                ],
                "xyz": [
                    0.0,
                    0.0,
                    0.0
                ],
                "label": "La",
                "properties": {}
            },
            {
                "species": [
                    {
                        "element": "Nb",
                        "occu": 1
                    }
                ],
                "abc": [
                    0.5,
                    0.5,
                    0.5
                ],
                "xyz": [
                    3.486382665,
                    0.0,
                    2.52647807
                ],
                "label": "Nb",
                "properties": {}
            },
            {
                "species": [
                    {
                        "element": "O",
                        "occu": 1
                    }
                ],
                "abc": [
                    0.22368563,
                    0.6920152,
                    0.68539643
                ],
                "xyz": [
                    2.3848162900110386,
                    1.4255225825302844,
                    3.4631936706291744
                ],
                "label": "O",
                "properties": {}
            },
            {
                "species": [
                    {
                        "element": "O",
                        "occu": 1
                    }
                ],
                "abc": [
                    0.2711719,
                    0.2711719,
                    0.19596934
                ],
                "xyz": [
                    2.157747073699309,
                    0.0,
                    0.99025238296261
                ],
                "label": "O",
                "properties": {}
            },
            {
                "species": [
                    {
                        "element": "O",
                        "occu": 1
                    }
                ],
                "abc": [
                    0.6920152,
                    0.22368563,
                    0.68539643
                ],
                "xyz": [
                    2.3848162900110386,
                    -1.4255225825302844,
                    3.4631936706291744
                ],
                "label": "O",
                "properties": {}
            },
            {
                "species": [
                    {
                        "element": "O",
                        "occu": 1
                    }
                ],
                "abc": [
                    0.7288281,
                    0.7288281,
                    0.80403066
                ],
                "xyz": [
                    4.815018256300691,
                    0.0,
                    4.06270375703739
                ],
                "label": "O",
                "properties": {}
            },
            {
                "species": [
                    {
                        "element": "O",
                        "occu": 1
                    }
                ],
                "abc": [
                    0.3079848,
                    0.77631437,
                    0.31460357
                ],
                "xyz": [
                    4.5879490399889615,
                    1.4255225825302844,
                    1.5897624693708254
                ],
                "label": "O",
                "properties": {}
            },
            {
                "species": [
                    {
                        "element": "O",
                        "occu": 1
                    }
                ],
                "abc": [
                    0.77631437,
                    0.3079848,
                    0.31460357
                ],
                "xyz": [
                    4.5879490399889615,
                    -1.4255225825302844,
                    1.5897624693708254
                ],
                "label": "O",
                "properties": {}
            }
        ]
    },
    "spacegroup": {
        "source": "spglib",
        "symbol": "C2/m",
        "number": 12,
        "point_group": "2/m",
        "crystal_system": "monoclinic",
        "hall": "-C 2y"
    },
    "dielectric": {
        "epsilon_ionic": [
            [
                28.59901204,
                1e-08,
                2.29727352
            ],
            [
                1e-08,
                40.22880575,
                -2e-08
            ],
            [
                2.29727352,
                -2e-08,
                23.77076666
            ]
        ],
        "epsilon_ionic_avg": 30.866194816666667,
        "epsilon_ionic_eig": [
            22.852404693161198,
            29.517374006838796,
            40.22880575000001
        ],
        "epsilon_electronic": [
            [
                4.85590536,
                0.0,
                -0.02778783
            ],
            [
                0.0,
                4.83516592,
                0.0
            ],
            [
                -0.02785911,
                0.0,
                4.90946183
            ]
        ],
        "epsilon_electronic_avg": 4.86684437,
        "epsilon_electronic_eig": [
            4.844067302035158,
            4.921299887964842,
            4.83516592
        ]
    },
    "phonon": {
        "lowest_freq": -0.07330640511245473,