{
    "mp_id": "mp-504506",
    "nelements": 4,
    "nsites": 12,
    "elements": [
        "In",
        "Mo",
        "O",
        "Rb"
    ],
    "structure": {
        "@module": "pymatgen.core.structure",
        "@class": "Structure",
        "charge": null,
        "lattice": {
            "matrix": [
                [
                    5.90229775,
                    0.0,
                    0.0
                ],
                [
                    -2.95114887,
                    5.11153963,
                    0.0
                ],
                [
                    0.0,
                    0.0,
                    7.61913796
                ]
            ],
            "a": 5.90229775,
            "b": 5.902297607030911,
            "c": 7.61913796,
            "alpha": 90.0,
            "beta": 90.0,
            "gamma": 120.00000074523216,
            "volume": 229.86808829248037
        },
        "sites": [
            {
                "species": [
                    {
                        "element": "Rb",
                        "occu": 1
                    }
                ],
                "abc": [
                    0.0,
                    0.0,
                    0.5
                ],
                "xyz": [
                    0.0,
                    0.0,
                    3.80956898
                ],
                "label": "Rb",
                "properties": {}
            },
            {
                "species": [
                    {
                        "element": "In",
                        "occu": 1
                    }
                ],
                "abc": [
                    0.0,
                    0.0,
                    0.0
                ],
                "xyz": [
                    0.0,
                    0.0,
                    0.0
                ],
                "label": "In",
                "properties": {}
            },
            {
                "species": [
                    {
                        "element": "Mo",
                        "occu": 1
                    }
                ],
                "abc": [
                    0.666667,
                    0.333333,
                    0.75356229
                ],
                "xyz": [
                    2.95115182781554,
                    1.70384483948679,
                    5.741495048963528
                ],
                "label": "Mo",
                "properties": {}
            },
            {
                "species": [
                    {
                        "element": "Mo",
                        "occu": 1
                    }
                ],
                "abc": [
                    0.333333,
                    0.666667,
                    0.24643771
                ],
                "xyz": [
                    -2.9478155401108097e-06,
                    3.4076947905132102,
                    1.8776429110364716
                ],
                "label": "Mo",
                "properties": {}
            },
            {
                "species": [
                    {
                        "element": "O",
                        "occu": 1
                    }
                ],
                "abc": [
                    0.33160364,
                    0.16580182,
                    0.82544263
                ],
                "xyz": [
                    1.4679175645268665,
                    0.8475025736561266,
                    6.289161276035235
                ],
                "label": "O",
                "properties": {}
            },
            {
                "species": [
                    {
                        "element": "O",
                        "occu": 1
                    }
                ],
                "abc": [
                    0.83419818,
                    0.16580182,
                    0.82544263
                ],
                "xyz": [
                    4.4343801871311515,
                    0.8475025736561266,
                    6.289161276035235
                ],
                "label": "O",
                "properties": {}
            },
            {
                "species": [
                    {
                        "element": "O",
                        "occu": 1
                    }
                ],
                "abc": [
                    0.83419818,
                    0.66839636,
                    0.82544263
                ],
                "xyz": [
                    2.9511488783419813,
                    3.416534482687747,
                    6.289161276035235
                ],
                "label": "O",
                "properties": {}
            },
            {
                "species": [
                    {
                        "element": "O",
                        "occu": 1
                    }
                ],
                "abc": [
                    0.16580182,
                    0.83419818,
                    0.17455737
                ],
                "xyz": [
                    -1.4832313071311518,
                    4.264037056343874,
                    1.329976683964765
                ],
                "label": "O",
                "properties": {}
            },
            {
                "species": [
                    {
                        "element": "O",
                        "occu": 1
                    }
                ],
                "abc": [
                    0.333333,
                    0.666667,
                    0.47459268
                ],
                "xyz": [
                    -2.9478155401108097e-06,
                    3.4076947905132102,
                    3.6159871037261326
                ],
                "label": "O",
                "properties": {}
            },
            {
                "species": [
                    {
                        "element": "O",
                        "occu": 1
                    }
                ],
                "abc": [
                    0.666667,
                    0.333333,
                    0.52540732
                ],
                "xyz": [
                    2.95115182781554,
                    1.70384483948679,
                    4.003150856273868
                ],
                "label": "O",
                "properties": {}
            },
            {
                "species": [
                    {
                        "element": "O",
                        "occu": 1
                    }
                ],
                "abc": [
                    0.66839636,
                    0.83419818,
                    0.17455737
                ],
                "xyz": [
                    1.4832313154731334,
                    4.264037056343874,
                    1.329976683964765
                ],
                "label": "O",
                "properties": {}
            },
            {
                "species": [
                    {
                        "element": "O",
                        "occu": 1
                    }
                ],
                "abc": [
                    0.16580182,
                    0.33160364,
                    0.17455737
                ],
                "xyz": [
                    1.658018167205455e-09,
                    1.6950051473122532,
                    1.329976683964765
                ],
                "label": "O",
                "properties": {}
            }
        ]
    },
    "spacegroup": {
        "source": "spglib",
        "symbol": "P-3m1",
        "number": 164,
        "point_group": "-3m",
        "crystal_system": "trigonal",
        "hall": "-P 3 2\""
    },