{
    "mp_id": "mp-556550",
    "nelements": 3,
    "nsites": 12,
    "elements": [
        "Li",
        "Ni",
        "O"
    ],
    "structure": {
        "@module": "pymatgen.core.structure",
        "@class": "Structure",
        "charge": null,
        "lattice": {
            "matrix": [
                [
                    2.4128871,
                    -4.17365135,
                    -0.00055343
                ],
                [
                    2.4128871,
                    4.17365135,
                    -0.00055343
                ],
                [
                    -1.62862183,
                    0.0,
                    4.66061794
                ]
            ],
            "a": 4.820932488117625,
            "b": 4.820932488117625,
            "c": 4.936979709073392,
            "alpha": 99.50973223955977,
            "beta": 99.50973223955977,
            "gamma": 119.93354249723987,
            "volume": 93.8624436931269
        },
        "sites": [
            {
                "species": [
                    {
                        "element": "Li",
                        "occu": 1
                    }
                ],
                "abc": [
                    0.33749795,
                    0.66250205,
                    0.5
                ],
                "xyz": [
                    1.5985761849999998,
                    1.3564538007205347,
                    2.32975554
                ],
                "label": "Li",
                "properties": {}
            },
            {
                "species": [
                    {
                        "element": "Li",
                        "occu": 1
                    }
                ],
                "abc": [
                    0.0,
                    0.0,
                    0.5
                ],
                "xyz": [
                    -0.814310915,
                    0.0,
                    2.33030897
                ],
                "label": "Li",
                "properties": {}
            },
            {
                "species": [
                    {
                        "element": "Li",
                        "occu": 1
                    }
                ],
                "abc": [
                    0.66250205,
                    0.33749795,
                    0.5
                ],
                "xyz": [
                    1.5985761849999998,
                    -1.3564538007205347,
                    2.32975554
                ],
                "label": "Li",
                "properties": {}
            },
            {
                "species": [
                    {
                        "element": "Li",
                        "occu": 1
                    }
                ],
                "abc": [
                    0.5,
                    0.5,
                    0.0
                ],
                "xyz": [
                    2.4128871,
                    0.0,
                    -0.00055343
                ],
                "label": "Li",
                "properties": {}
            },
            {
                "species": [
                    {
                        "element": "Ni",
                        "occu": 1
                    }
                ],
                "abc": [
                    0.16686837,
                    0.83313163,
                    0.0
                ],
                "xyz": [
                    2.4128871,
                    2.780750554554401,
                    -0.00055343
                ],
                "label": "Ni",
                "properties": {}
            },
            {
                "species": [
                    {
                        "element": "Ni",
                        "occu": 1
                    }
                ],
                "abc": [
                    0.83313163,
                    0.16686837,
                    0.0
                ],
                "xyz": [
                    2.4128871,
                    -2.780750554554401,
                    -0.00055343
                ],
                "label": "Ni",
                "properties": {}
            },
            {
                "species": [
                    {
                        "element": "O",
                        "occu": 1
                    }
                ],
                "abc": [
                    0.57402144,
                    0.93270652,
                    0.22077004
                ],
                "xyz": [
                    3.2760135513393425,
                    1.4970264683668582,
                    1.0280909405836147
                ],
                "label": "O",
                "properties": {}
            },
            {
                "species": [
                    {
                        "element": "O",
                        "occu": 1
                    }
                ],
                "abc": [
                    0.42597856,
                    0.06729348,
                    0.77922996
                ],
                "xyz": [
                    -0.07886118133934272,
                    -1.4970264683668582,
                    3.631420139416385
                ],
                "label": "O",
                "properties": {}
            },
            {
                "species": [
                    {
                        "element": "O",
                        "occu": 1
                    }
                ],
                "abc": [
                    0.78285846,
                    0.78285846,
                    0.77616907
                ],
                "xyz": [
                    2.5138122673469336,
                    0.0,
                    3.61656097740008
                ],
                "label": "O",
                "properties": {}
            },
            {
                "species": [
                    {
                        "element": "O",
                        "occu": 1
                    }
                ],
                "abc": [
                    0.93270652,
                    0.57402144,
                    0.22077004
                ],
                "xyz": [
                    3.2760135513393425,
                    -1.4970264683668582,
                    1.0280909405836147
                ],
                "label": "O",
                "properties": {}
            },
            {
                "species": [
                    {
                        "element": "O",
                        "occu": 1
                    }
                ],
                "abc": [
                    0.06729348,
                    0.42597856,
                    0.77922996
                ],
                "xyz": [
                    -0.07886118133934272,
                    1.4970264683668582,
                    3.631420139416385
                ],
                "label": "O",
                "properties": {}
            },
            {
                "species": [
                    {
                        "element": "O",
                        "occu": 1
                    }
                ],
                "abc": [
                    0.21714154,
                    0.21714154,
                    0.22383093
                ],
                "xyz": [
                    0.683340102653066,
                    0.0,
                    1.0429501025999197
                ],
                "label": "O",
                "properties": {}
            }
        ]
    },
    "spacegroup": {
        "source": "spglib",
        "symbol": "C2/m",
        "number": 12,
        "point_group": "2/m",
        "crystal_system": "monoclinic",
        "hall": "-C 2y"
    },