{
    "mp_id": "mp-554959",
    "nelements": 4,
    "nsites": 13,
    "elements": [
        "Al",
        "K",
        "O",
        "Sb"
    ],
    "structure": {
        "@module": "pymatgen.core.structure",
        "@class": "Structure",
        "charge": null,
        "lattice": {
            "matrix": [
                [
                    5.66143987,
                    0.0,
                    0.0
                ],
                [
                    -2.83071994,
                    4.90295117,
                    0.0
                ],
                [
                    0.0,
                    0.0,
                    8.12093358
                ]
            ],
            "a": 5.66143987,
            "b": 5.661440236734639,
            "c": 8.12093358,
            "alpha": 90.0,
            "beta": 90.0,
            "gamma": 119.9999979156034,
            "volume": 225.4189515567498
        },
        "sites": [
            {
                "species": [
                    {
                        "element": "K",
                        "occu": 1
                    }
                ],
                "abc": [
                    0.666667,
                    0.333333,
                    0.40914614
                ],
                "xyz": [
                    2.8307227640532697,
                    1.63431542234961,
                    3.3226486274533813
                ],
                "label": "K",
                "properties": {}
            },
            {
                "species": [
                    {
                        "element": "K",
                        "occu": 1
                    }
                ],
                "abc": [
                    0.333333,
                    0.666667,
                    0.59085386
                ],
                "xyz": [
                    -2.8340532700621424e-06,
                    3.2686357476503898,
                    4.798284952546619
                ],
                "label": "K",
                "properties": {}
            },
            {
                "species": [
                    {
                        "element": "Al",
                        "occu": 1
                    }
                ],
                "abc": [
                    0.0,
                    0.0,
                    0.21193639
                ],
                "xyz": [
                    0.0,
                    0.0,
                    1.7211213463749764
                ],
                "label": "Al",
                "properties": {}
            },
            {
                "species": [
                    {
                        "element": "Al",
                        "occu": 1
                    }
                ],
                "abc": [
                    0.0,
                    0.0,
                    0.78806361
                ],
                "xyz": [
                    0.0,
                    0.0,
                    6.399812233625025
                ],
                "label": "Al",
                "properties": {}
            },
            {
                "species": [
                    {
                        "element": "Sb",
                        "occu": 1
                    }
                ],
                "abc": [
                    0.666667,
                    0.333333,
                    0.84556147
                ],
                "xyz": [
                    2.8307227640532697,
                    1.63431542234961,
                    6.866748535677163
                ],
                "label": "Sb",
                "properties": {}
            },
            {
                "species": [
                    {
                        "element": "Sb",
                        "occu": 1
                    }
                ],
                "abc": [
                    0.333333,
                    0.666667,
                    0.15443853
                ],
                "xyz": [
                    -2.8340532700621424e-06,
                    3.2686357476503898,
                    1.2541850443228375
                ],
                "label": "Sb",
                "properties": {}
            },
            {
                "species": [
                    {
                        "element": "O",
                        "occu": 1
                    }
                ],
                "abc": [
                    0.16863711,
                    0.83136289,
                    0.29117751
                ],
                "xyz": [
                    -1.3986266519834505,
                    4.076131654220081,
                    2.364633218699786
                ],
                "label": "O",
                "properties": {}
            },
            {
                "species": [
                    {
                        "element": "O",
                        "occu": 1
                    }
                ],
                "abc": [
                    0.83136289,
                    0.16863711,
                    0.70882249
                ],
                "xyz": [
                    4.22934658198345,
                    0.8268195157799186,
                    5.756300361300214
                ],
                "label": "O",
                "properties": {}
            },
            {
                "species": [
                    {
                        "element": "O",
                        "occu": 1
                    }
                ],
                "abc": [
                    0.33727523,
                    0.16863711,
                    0.70882249
                ],
                "xyz": [
                    1.4320990043844466,
                    0.8268195157799186,
                    5.756300361300214
                ],
                "label": "O",
                "properties": {}
            },
            {
                "species": [
                    {
                        "element": "O",
                        "occu": 1
                    }
                ],
                "abc": [
                    0.16863711,
                    0.33727523,
                    0.29117751
                ],
                "xyz": [
                    -2.8607135104108394e-06,
                    1.653643983540519,
                    2.364633218699786
                ],
                "label": "O",
                "properties": {}
            },
            {
                "species": [
                    {
                        "element": "O",
                        "occu": 1
                    }
                ],
                "abc": [
                    0.0,
                    0.0,
                    0.0
                ],
                "xyz": [
                    0.0,
                    0.0,
                    0.0
                ],
                "label": "O",
                "properties": {}
            },
            {
                "species": [
                    {
                        "element": "O",
                        "occu": 1
                    }
                ],
                "abc": [
                    0.66272477,
                    0.83136289,
                    0.29117751
                ],
                "xyz": [
                    1.3986209256155533,
                    4.076131654220081,
                    2.364633218699786
                ],
                "label": "O",
                "properties": {}
            },
            {
                "species": [
                    {
                        "element": "O",
                        "occu": 1
                    }
                ],
                "abc": [
                    0.83136289,
                    0.66272477,
                    0.70882249
                ],
                "xyz": [
                    2.83072279071351,
                    3.2493071864594807,
                    5.756300361300214
                ],