{
    "mp_id": "mp-561446",
    "nelements": 4,
    "nsites": 14,
    "elements": [
        "Ba",
        "Ca",
        "Ga",
        "O"
    ],
    "structure": {
        "@module": "pymatgen.core.structure",
        "@class": "Structure",
        "charge": null,
        "lattice": {
            "matrix": [
                [
                    -4.10441841,
                    4.58328394,
                    2.57999161
                ],
                [
                    4.10441841,
                    -4.58328394,
                    2.57999161
                ],
                [
                    4.10441841,
                    4.58328394,
                    -2.57999161
                ]
            ],
            "a": 6.671513986096353,
            "b": 6.671513986096353,
            "c": 6.671513986096353,
            "alpha": 104.06484763165223,
            "beta": 93.21489225493507,
            "gamma": 134.4991800981668,
            "volume": 194.13626728888846
        },
        "sites": [
            {
                "species": [
                    {
                        "element": "Ba",
                        "occu": 1
                    }
                ],
                "abc": [
                    0.0125208,
                    0.0125208,
                    0.0
                ],
                "xyz": [
                    0.0,
                    0.0,
                    0.06460711790097601
                ],
                "label": "Ba",
                "properties": {}
            },
            {
                "species": [
                    {
                        "element": "Ca",
                        "occu": 1
                    }
                ],
                "abc": [
                    0.93023244,
                    0.43023244,
                    0.5
                ],
                "xyz": [
                    -4.440892098500626e-16,
                    4.583283940000001,
                    2.2199921710996566
                ],
                "label": "Ca",
                "properties": {}
            },
            {
                "species": [
                    {
                        "element": "Ga",
                        "occu": 1
                    }
                ],
                "abc": [
                    0.62708017,
                    0.16858191,
                    0.87641433
                ],
                "xyz": [
                    1.7153024115428486,
                    6.118283435050806,
                    -0.20834012748862207
                ],
                "label": "Ga",
                "properties": {}
            },
            {
                "species": [
                    {
                        "element": "Ga",
                        "occu": 1
                    }
                ],
                "abc": [
                    0.29216857,
                    0.16858191,
                    0.54150174
                ],
                "xyz": [
                    1.7152983481686226,
                    3.048288982400296,
                    -0.20833757329692837
                ],
                "label": "Ga",
                "properties": {}
            },
            {
                "species": [
                    {
                        "element": "Ga",
                        "occu": 1
                    }
                ],
                "abc": [
                    0.29216857,
                    0.75066683,
                    0.12358567
                ],
                "xyz": [
                    2.389115998457151,
                    -1.5349994950508052,
                    2.3716565908947653
                ],
                "label": "Ga",
                "properties": {}
            },
            {
                "species": [
                    {
                        "element": "Ga",
                        "occu": 1
                    }
                ],
                "abc": [
                    0.62708017,
                    0.75066683,
                    0.45849826
                ],
                "xyz": [
                    2.3891200618313766,
                    1.5349949575997042,
                    2.371654036703071
                ],
                "label": "Ga",
                "properties": {}
            },
            {
                "species": [
                    {
                        "element": "O",
                        "occu": 1
                    }
                ],
                "abc": [
                    0.26465195,
                    0.39661012,
                    0.45966266
                ],
                "xyz": [
                    2.42825942639148,
                    1.5019627260828907,
                    0.5201247863809502
                ],
                "label": "O",
                "properties": {}
            },
            {
                "species": [
                    {
                        "element": "O",
                        "occu": 1
                    }
                ],
                "abc": [
                    0.93694745,
                    0.80498929,
                    0.54033734
                ],
                "xyz": [
                    1.6761590246527036,
                    3.081321168084271,
                    3.1001163705810337
                ],
                "label": "O",
                "properties": {}
            },
            {
                "species": [
                    {
                        "element": "O",
                        "occu": 1
                    }
                ],
                "abc": [
                    0.57464635,
                    0.38467439,
                    0.81002805
                ],
                "xyz": [
                    2.544969631028617,
                    4.583283985832839,
                    0.38517388763433047
                ],
                "label": "O",
                "properties": {}
            },
            {
                "species": [
                    {
                        "element": "O",
                        "occu": 1
                    }
                ],
                "abc": [
                    0.57464635,
                    0.7646183,
                    0.18997195
                ],
                "xyz": [
                    1.559448737927199,
                    2.220446049250313e-16,
                    2.965165523434247
                ],
                "label": "O",
                "properties": {}
            },
            {
                "species": [
                    {
                        "element": "O",
                        "occu": 1
                    }
                ],
                "abc": [
                    0.93694745,
                    0.39661012,
                    0.13195817
                ],
                "xyz": [
                    -1.6761589425643355,
                    3.0813211680842705,
                    3.100116370581034
                ],
                "label": "O",
                "properties": {}
            },
            {
                "species": [
                    {
                        "element": "O",
                        "occu": 1
                    }
                ],
                "abc": [
                    0.26465195,
                    0.80498929,
                    0.86804183
                ],
                "xyz": [
                    5.780577393608519,
                    1.5019627260828914,
                    0.5201247863809502
                ],
                "label": "O",
                "properties": {}
            },
            {
                "species": [
                    {
                        "element": "O",
                        "occu": 1
                    }
                ],