{
    "mp_id": "mp-556275",
    "nelements": 4,
    "nsites": 13,
    "elements": [
        "Al",
        "O",
        "Rb",
        "Sb"
    ],
    "structure": {
        "@module": "pymatgen.core.structure",
        "@class": "Structure",
        "charge": null,
        "lattice": {
            "matrix": [
                [
                    5.68689418,
                    0.0,
                    0.0
                ],
                [
                    -2.84344709,
                    4.92499468,
                    0.0
                ],
                [
                    0.0,
                    0.0,
                    8.38109584
                ]
            ],
            "a": 5.68689418,
            "b": 5.686894051383213,
            "c": 8.38109584,
            "alpha": 90.0,
            "beta": 90.0,
            "gamma": 120.00000074814284,
            "volume": 234.7370918220068
        },
        "sites": [
            {
                "species": [
                    {
                        "element": "Rb",
                        "occu": 1
                    }
                ],
                "abc": [
                    0.666667,
                    0.333333,
                    0.40720523
                ],
                "xyz": [
                    2.84344993344709,
                    1.64166325166844,
                    3.412826059179243
                ],
                "label": "Rb",
                "properties": {}
            },
            {
                "species": [
                    {
                        "element": "Rb",
                        "occu": 1
                    }
                ],
                "abc": [
                    0.333333,
                    0.666667,
                    0.59279477
                ],
                "xyz": [
                    -2.843447090006279e-06,
                    3.28333142833156,
                    4.968269780820758
                ],
                "label": "Rb",
                "properties": {}
            },
            {
                "species": [
                    {
                        "element": "Al",
                        "occu": 1
                    }
                ],
                "abc": [
                    0.0,
                    0.0,
                    0.79488553
                ],
                "xyz": [
                    0.0,
                    0.0,
                    6.662011808759195
                ],
                "label": "Al",
                "properties": {}
            },
            {
                "species": [
                    {
                        "element": "Al",
                        "occu": 1
                    }
                ],
                "abc": [
                    0.0,
                    0.0,
                    0.20511447
                ],
                "xyz": [
                    0.0,
                    0.0,
                    1.7190840312408049
                ],
                "label": "Al",
                "properties": {}
            },
            {
                "species": [
                    {
                        "element": "Sb",
                        "occu": 1
                    }
                ],
                "abc": [
                    0.333333,
                    0.666667,
                    0.15179558
                ],
                "xyz": [
                    -2.843447090006279e-06,
                    3.28333142833156,
                    1.2722133040683874
                ],
                "label": "Sb",
                "properties": {}
            },
            {
                "species": [
                    {
                        "element": "Sb",
                        "occu": 1
                    }
                ],
                "abc": [
                    0.666667,
                    0.333333,
                    0.84820442
                ],
                "xyz": [
                    2.84344993344709,
                    1.64166325166844,
                    7.108882535931613
                ],
                "label": "Sb",
                "properties": {}
            },
            {
                "species": [
                    {
                        "element": "O",
                        "occu": 1
                    }
                ],
                "abc": [
                    0.33609715,
                    0.16804857,
                    0.71739705
                ],
                "xyz": [
                    1.4335117089044256,
                    0.8276383132316076,
                    6.012573431383272
                ],
                "label": "O",
                "properties": {}
            },
            {
                "species": [
                    {
                        "element": "O",
                        "occu": 1
                    }
                ],
                "abc": [
                    0.16804857,
                    0.83195143,
                    0.28260295
                ],
                "xyz": [
                    -1.4099354379645164,
                    4.097356366768393,
                    2.3685224086167285
                ],
                "label": "O",
                "properties": {}
            },
            {
                "species": [
                    {
                        "element": "O",
                        "occu": 1
                    }
                ],
                "abc": [
                    0.83195143,
                    0.16804857,
                    0.71739705
                ],
                "xyz": [
                    4.253382527964517,
                    0.8276383132316076,
                    6.012573431383272
                ],
                "label": "O",
                "properties": {}
            },
            {
                "species": [
                    {
                        "element": "O",
                        "occu": 1
                    }
                ],
                "abc": [
                    0.83195143,
                    0.66390285,
                    0.71739705
                ],
                "xyz": [
                    2.8434471184344714,
                    3.269718004286838,
                    6.012573431383272
                ],
                "label": "O",
                "properties": {}
            },
            {
                "species": [
                    {
                        "element": "O",
                        "occu": 1
                    }
                ],
                "abc": [
                    0.66390285,
                    0.83195143,
                    0.28260295
                ],
                "xyz": [
                    1.4099353810955741,
                    4.097356366768393,
                    2.3685224086167285
                ],
                "label": "O",
                "properties": {}
            },
            {
                "species": [
                    {
                        "element": "O",
                        "occu": 1
                    }
                ],
                "abc": [
                    0.0,
                    0.0,
                    0.0
                ],
                "xyz": [
                    0.0,
                    0.0,
                    0.0
                ],
                "label": "O",
                "properties": {}
            },
            {
                "species": [
                    {
                        "element": "O",
                        "occu": 1
                    }
                ],
                "abc": [
                    0.16804857,
                    0.33609715,
                    0.28260295
                ],
                "xyz": [
                    -2.843447077793826e-08,
                    1.655276675713162,
                    2.3685224086167285
                ],