{
    "mp_id": "mp-560157",
    "nelements": 4,
    "nsites": 14,
    "elements": [
        "Li",
        "Mg",
        "O",
        "V"
    ],
    "structure": {
        "@module": "pymatgen.core.structure",
        "@class": "Structure",
        "charge": null,
        "lattice": {
            "matrix": [
                [
                    2.81240868,
                    -4.30092913,
                    0.0
                ],
                [
                    2.81240868,
                    4.30092913,
                    0.0
                ],
                [
                    0.0,
                    0.0,
                    6.2314129
                ]
            ],
            "a": 5.138835856944829,
            "b": 5.138835856944829,
            "c": 6.2314129,
            "alpha": 90.0,
            "beta": 90.0,
            "gamma": 113.63807353534321,
            "volume": 150.74997219247467
        },
        "sites": [
            {
                "species": [
                    {
                        "element": "Li",
                        "occu": 1
                    }
                ],
                "abc": [
                    0.83776447,
                    0.16223553,
                    0.75
                ],
                "xyz": [
                    2.81240868,
                    -2.905402096204022,
                    4.673559675
                ],
                "label": "Li",
                "properties": {}
            },
            {
                "species": [
                    {
                        "element": "Li",
                        "occu": 1
                    }
                ],
                "abc": [
                    0.16223553,
                    0.83776447,
                    0.25
                ],
                "xyz": [
                    2.81240868,
                    2.905402096204022,
                    1.557853225
                ],
                "label": "Li",
                "properties": {}
            },
            {
                "species": [
                    {
                        "element": "Mg",
                        "occu": 1
                    }
                ],
                "abc": [
                    0.5,
                    0.5,
                    0.5
                ],
                "xyz": [
                    2.81240868,
                    0.0,
                    3.11570645
                ],
                "label": "Mg",
                "properties": {}
            },
            {
                "species": [
                    {
                        "element": "Mg",
                        "occu": 1
                    }
                ],
                "abc": [
                    0.5,
                    0.5,
                    0.0
                ],
                "xyz": [
                    2.81240868,
                    0.0,
                    0.0
                ],
                "label": "Mg",
                "properties": {}
            },
            {
                "species": [
                    {
                        "element": "V",
                        "occu": 1
                    }
                ],
                "abc": [
                    0.14569197,
                    0.85430803,
                    0.75
                ],
                "xyz": [
                    2.81240868,
                    3.047707454439828,
                    4.673559675
                ],
                "label": "V",
                "properties": {}
            },
            {
                "species": [
                    {
                        "element": "V",
                        "occu": 1
                    }
                ],
                "abc": [
                    0.85430803,
                    0.14569197,
                    0.25
                ],
                "xyz": [
                    2.81240868,
                    -3.047707454439828,
                    1.557853225
                ],
                "label": "V",
                "properties": {}
            },
            {
                "species": [
                    {
                        "element": "O",
                        "occu": 1
                    }
                ],
                "abc": [
                    0.26015352,
                    0.73984648,
                    0.97160306
                ],
                "xyz": [
                    2.81240868,
                    2.0631254251199245,
                    6.054459841763474
                ],
                "label": "O",
                "properties": {}
            },
            {
                "species": [
                    {
                        "element": "O",
                        "occu": 1
                    }
                ],
                "abc": [
                    0.73454829,
                    0.77278186,
                    0.25
                ],
                "xyz": [
                    4.239228397485702,
                    0.16443987495689472,
                    1.557853225
                ],
                "label": "O",
                "properties": {}
            },
            {
                "species": [
                    {
                        "element": "O",
                        "occu": 1
                    }
                ],
                "abc": [
                    0.26545171,
                    0.22721814,
                    0.75
                ],
                "xyz": [
                    1.3855889625142979,
                    -0.16443987495689405,
                    4.673559675
                ],
                "label": "O",
                "properties": {}
            },
            {
                "species": [
                    {
                        "element": "O",
                        "occu": 1
                    }
                ],
                "abc": [
                    0.73984648,
                    0.26015352,
                    0.47160306
                ],
                "xyz": [
                    2.81240868,
                    -2.0631254251199245,
                    2.938753391763474
                ],
                "label": "O",
                "properties": {}
            },
            {
                "species": [
                    {
                        "element": "O",
                        "occu": 1
                    }
                ],
                "abc": [
                    0.73984648,
                    0.26015352,
                    0.02839694
                ],
                "xyz": [
                    2.81240868,
                    -2.0631254251199245,
                    0.176953058236526
                ],
                "label": "O",
                "properties": {}
            },
            {
                "species": [
                    {
                        "element": "O",
                        "occu": 1
                    }
                ],
                "abc": [
                    0.77278186,
                    0.73454829,
                    0.75
                ],
                "xyz": [
                    4.239228397485702,
                    -0.16443987495689472,
                    4.673559675
                ],
                "label": "O",
                "properties": {}
            },
            {
                "species": [
                    {
                        "element": "O",
                        "occu": 1
                    }
                ],
                "abc": [
                    0.22721814,
                    0.26545171,
                    0.25
                ],
                "xyz": [
                    1.3855889625142979,
                    0.16443987495689405,
                    1.557853225
                ],
                "label": "O",