{
    "mp_id": "mp-560767",
    "nelements": 4,
    "nsites": 12,
    "elements": [
        "K",
        "Na",
        "O",
        "Ti"
    ],
    "structure": {
        "@module": "pymatgen.core.structure",
        "@class": "Structure",
        "charge": null,
        "lattice": {
            "matrix": [
                [
                    2.88247291,
                    -5.51568676,
                    -0.00011909
                ],
                [
                    2.88247291,
                    5.51568676,
                    -0.00011909
                ],
                [
                    -0.69124116,
                    0.0,
                    5.46437736
                ]
            ],
            "a": 6.223459691000304,
            "b": 6.223459691000304,
            "c": 5.507924679383217,
            "alpha": 93.33337692597995,
            "beta": 93.33337692597995,
            "gamma": 124.81727114717573,
            "volume": 173.75337050526488
        },
        "sites": [
            {
                "species": [
                    {
                        "element": "K",
                        "occu": 1
                    }
                ],
                "abc": [
                    0.73798165,
                    0.26201835,
                    0.75
                ],
                "xyz": [
                    2.36404204,
                    -2.6252644720559086,
                    4.09816393
                ],
                "label": "K",
                "properties": {}
            },
            {
                "species": [
                    {
                        "element": "K",
                        "occu": 1
                    }
                ],
                "abc": [
                    0.26201835,
                    0.73798165,
                    0.25
                ],
                "xyz": [
                    2.70966262,
                    2.6252644720559086,
                    1.36597525
                ],
                "label": "K",
                "properties": {}
            },
            {
                "species": [
                    {
                        "element": "Na",
                        "occu": 1
                    }
                ],
                "abc": [
                    0.42342722,
                    0.57657278,
                    0.75
                ],
                "xyz": [
                    2.36404204,
                    0.8447029376447857,
                    4.09816393
                ],
                "label": "Na",
                "properties": {}
            },
            {
                "species": [
                    {
                        "element": "Na",
                        "occu": 1
                    }
                ],
                "abc": [
                    0.57657278,
                    0.42342722,
                    0.25
                ],
                "xyz": [
                    2.70966262,
                    -0.8447029376447857,
                    1.36597525
                ],
                "label": "Na",
                "properties": {}
            },
            {
                "species": [
                    {
                        "element": "Ti",
                        "occu": 1
                    }
                ],
                "abc": [
                    0.94646707,
                    0.05353293,
                    0.25
                ],
                "xyz": [
                    2.70966262,
                    -4.925145013549987,
                    1.36597525
                ],
                "label": "Ti",
                "properties": {}
            },
            {
                "species": [
                    {
                        "element": "Ti",
                        "occu": 1
                    }
                ],
                "abc": [
                    0.05353293,
                    0.94646707,
                    0.75
                ],
                "xyz": [
                    2.36404204,
                    4.925145013549987,
                    4.09816393
                ],
                "label": "Ti",
                "properties": {}
            },
            {
                "species": [
                    {
                        "element": "O",
                        "occu": 1
                    }
                ],
                "abc": [
                    0.19399261,
                    0.24465462,
                    0.99826851
                ],
                "xyz": [
                    0.5743444746776677,
                    0.2794357777919876,
                    5.454863606746313
                ],
                "label": "O",
                "properties": {}
            },
            {
                "species": [
                    {
                        "element": "O",
                        "occu": 1
                    }
                ],
                "abc": [
                    0.24465462,
                    0.19399261,
                    0.49826851
                ],
                "xyz": [
                    0.9199650546776678,
                    -0.2794357777919876,
                    2.722674926746313
                ],
                "label": "O",
                "properties": {}
            },
            {
                "species": [
                    {
                        "element": "O",
                        "occu": 1
                    }
                ],
                "abc": [
                    0.75534538,
                    0.80600739,
                    0.50173149
                ],
                "xyz": [
                    4.153739605322332,
                    0.2794357777919876,
                    2.741464253253687
                ],
                "label": "O",
                "properties": {}
            },
            {
                "species": [
                    {
                        "element": "O",
                        "occu": 1
                    }
                ],
                "abc": [
                    0.80600739,
                    0.75534538,
                    0.00173149
                ],
                "xyz": [
                    4.499360185322332,
                    -0.2794357777919876,
                    0.009275573253687101
                ],
                "label": "O",
                "properties": {}
            },
            {
                "species": [
                    {
                        "element": "O",
                        "occu": 1
                    }
                ],
                "abc": [
                    0.21792965,
                    0.78207035,
                    0.75
                ],
                "xyz": [
                    2.36404204,
                    3.1116233897671326,
                    4.09816393
                ],
                "label": "O",
                "properties": {}
            },
            {
                "species": [
                    {
                        "element": "O",
                        "occu": 1
                    }
                ],
                "abc": [
                    0.78207035,
                    0.21792965,
                    0.25
                ],
                "xyz": [
                    2.70966262,
                    -3.1116233897671326,
                    1.36597525
                ],
                "label": "O",
                "properties": {}
            }
        ]
    },
    "spacegroup": {
        "source": "spglib",
        "symbol": "C2/c",
        "number": 15,
        "point_group": "2/m",
        "crystal_system": "monoclinic",
        "hall": "-C 2yc"
    },