{
    "mp_id": "mp-557993",
    "nelements": 2,
    "nsites": 12,
    "elements": [
        "Bi",
        "O"
    ],
    "structure": {
        "@module": "pymatgen.core.structure",
        "@class": "Structure",
        "charge": null,
        "lattice": {
            "matrix": [
                [
                    6.15480954,
                    -2.61746903,
                    -0.00029187
                ],
                [
                    6.15480954,
                    2.61746903,
                    -0.00029187
                ],
                [
                    -1.82168481,
                    0.0,
                    5.27085339
                ]
            ],
            "a": 6.688260213379279,
            "b": 6.688260213379279,
            "c": 5.576776040496806,
            "alpha": 107.49622638657073,
            "beta": 107.49622638657073,
            "gamma": 46.0773954022526,
            "volume": 169.8243590520056
        },
        "sites": [
            {
                "species": [
                    {
                        "element": "Bi",
                        "occu": 1
                    }
                ],
                "abc": [
                    0.26004109,
                    0.73995891,
                    0.25
                ],
                "xyz": [
                    5.6993883375,
                    1.256170030795115,
                    1.3174214775
                ],
                "label": "Bi",
                "properties": {}
            },
            {
                "species": [
                    {
                        "element": "Bi",
                        "occu": 1
                    }
                ],
                "abc": [
                    0.73995891,
                    0.26004109,
                    0.75
                ],
                "xyz": [
                    4.7885459325,
                    -1.256170030795115,
                    3.9528481725000004
                ],
                "label": "Bi",
                "properties": {}
            },
            {
                "species": [
                    {
                        "element": "Bi",
                        "occu": 1
                    }
                ],
                "abc": [
                    0.0,
                    0.5,
                    0.5
                ],
                "xyz": [
                    2.166562365,
                    1.308734515,
                    2.63528076
                ],
                "label": "Bi",
                "properties": {}
            },
            {
                "species": [
                    {
                        "element": "Bi",
                        "occu": 1
                    }
                ],
                "abc": [
                    0.5,
                    0.0,
                    0.0
                ],
                "xyz": [
                    3.07740477,
                    -1.308734515,
                    -0.000145935
                ],
                "label": "Bi",
                "properties": {}
            },
            {
                "species": [
                    {
                        "element": "O",
                        "occu": 1
                    }
                ],
                "abc": [
                    0.67400579,
                    0.51411003,
                    0.4852209
                ],
                "xyz": [
                    6.428707040536393,
                    -0.41852219982831285,
                    2.557181450299468
                ],
                "label": "O",
                "properties": {}
            },
            {
                "species": [
                    {
                        "element": "O",
                        "occu": 1
                    }
                ],
                "abc": [
                    0.88886466,
                    0.76820407,
                    0.85536017
                ],
                "xyz": [
                    8.640745799071665,
                    -0.31582535746652773,
                    4.5079944030652515
                ],
                "label": "O",
                "properties": {}
            },
            {
                "species": [
                    {
                        "element": "O",
                        "occu": 1
                    }
                ],
                "abc": [
                    0.11113534,
                    0.23179593,
                    0.14463983
                ],
                "xyz": [
                    1.8471884709283335,
                    0.31582535746652773,
                    0.7622752469347489
                ],
                "label": "O",
                "properties": {}
            },
            {
                "species": [
                    {
                        "element": "O",
                        "occu": 1
                    }
                ],
                "abc": [
                    0.23179593,
                    0.11113534,
                    0.64463983
                ],
                "xyz": [
                    0.9363460659283334,
                    -0.31582535746652773,
                    3.397701941934749
                ],
                "label": "O",
                "properties": {}
            },
            {
                "species": [
                    {
                        "element": "O",
                        "occu": 1
                    }
                ],
                "abc": [
                    0.76820407,
                    0.88886466,
                    0.35536017
                ],
                "xyz": [
                    9.551588204071665,
                    0.31582535746652773,
                    1.8725677080652512
                ],
                "label": "O",
                "properties": {}
            },
            {
                "species": [
                    {
                        "element": "O",
                        "occu": 1
                    }
                ],
                "abc": [
                    0.51411003,
                    0.67400579,
                    0.9852209
                ],
                "xyz": [
                    5.517864635536393,
                    0.41852219982831285,
                    5.1926081452994675
                ],
                "label": "O",
                "properties": {}
            },
            {
                "species": [
                    {
                        "element": "O",
                        "occu": 1
                    }
                ],
                "abc": [
                    0.48588997,
                    0.32599421,
                    0.0147791
                ],
                "xyz": [
                    4.970069634463606,
                    -0.41852219982831274,
                    0.0776615047005324
                ],
                "label": "O",
                "properties": {}
            },
            {
                "species": [
                    {
                        "element": "O",
                        "occu": 1
                    }
                ],
                "abc": [
                    0.32599421,
                    0.48588997,
                    0.5147791
                ],
                "xyz": [
                    4.059227229463606,
                    0.41852219982831274,
                    2.713088199700533
                ],
                "label": "O",
                "properties": {}
            }
        ]
    },
    "spacegroup": {
        "source": "spglib",
        "symbol": "C2/c",
        "number": 15,
        "point_group": "2/m",
        "crystal_system": "monoclinic",
        "hall": "-C 2yc"
    },