{
    "mp_id": "mp-557359",
    "nelements": 4,
    "nsites": 13,
    "elements": [
        "Al",
        "Cs",
        "O",
        "Sb"
    ],
    "structure": {
        "@module": "pymatgen.core.structure",
        "@class": "Structure",
        "charge": null,
        "lattice": {
            "matrix": [
                [
                    5.72354821,
                    -0.0,
                    0.0
                ],
                [
                    -2.86177461,
                    4.9567385,
                    0.0
                ],
                [
                    0.0,
                    0.0,
                    8.86700008
                ]
            ],
            "a": 5.72354821,
            "b": 5.723548765916379,
            "c": 8.86700008,
            "alpha": 90.0,
            "beta": 90.0,
            "gamma": 120.00000262441469,
            "volume": 251.55796066633627
        },
        "sites": [
            {
                "species": [
                    {
                        "element": "Cs",
                        "occu": 1
                    }
                ],
                "abc": [
                    0.333333,
                    0.666667,
                    0.59633379
                ],
                "xyz": [
                    -3.198440940321845e-06,
                    3.3044939855795,
                    5.287691763636703
                ],
                "label": "Cs",
                "properties": {}
            },
            {
                "species": [
                    {
                        "element": "Cs",
                        "occu": 1
                    }
                ],
                "abc": [
                    0.666667,
                    0.333333,
                    0.40366621
                ],
                "xyz": [
                    2.86177679844094,
                    1.6522445144205,
                    3.579308316363297
                ],
                "label": "Cs",
                "properties": {}
            },
            {
                "species": [
                    {
                        "element": "Al",
                        "occu": 1
                    }
                ],
                "abc": [
                    0.0,
                    0.0,
                    0.19356146
                ],
                "xyz": [
                    0.0,
                    0.0,
                    1.716309481304917
                ],
                "label": "Al",
                "properties": {}
            },
            {
                "species": [
                    {
                        "element": "Al",
                        "occu": 1
                    }
                ],
                "abc": [
                    0.0,
                    0.0,
                    0.80643854
                ],
                "xyz": [
                    0.0,
                    0.0,
                    7.150690598695084
                ],
                "label": "Al",
                "properties": {}
            },
            {
                "species": [
                    {
                        "element": "Sb",
                        "occu": 1
                    }
                ],
                "abc": [
                    0.333333,
                    0.666667,
                    0.14630373
                ],
                "xyz": [
                    -3.198440940321845e-06,
                    3.3044939855795,
                    1.2972751856142983
                ],
                "label": "Sb",
                "properties": {}
            },
            {
                "species": [
                    {
                        "element": "Sb",
                        "occu": 1
                    }
                ],
                "abc": [
                    0.666667,
                    0.333333,
                    0.85369627
                ],
                "xyz": [
                    2.86177679844094,
                    1.6522445144205,
                    7.569724894385702
                ],
                "label": "Sb",
                "properties": {}
            },
            {
                "species": [
                    {
                        "element": "O",
                        "occu": 1
                    }
                ],
                "abc": [
                    0.33449034,
                    0.16724517,
                    0.73236221
                ],
                "xyz": [
                    1.4358536056181574,
                    0.828990573078045,
                    6.493855774658977
                ],
                "label": "O",
                "properties": {}
            },
            {
                "species": [
                    {
                        "element": "O",
                        "occu": 1
                    }
                ],
                "abc": [
                    0.16724517,
                    0.83275483,
                    0.26763779
                ],
                "xyz": [
                    -1.4259208354642203,
                    4.127747926921955,
                    2.373144305341023
                ],
                "label": "O",
                "properties": {}
            },
            {
                "species": [
                    {
                        "element": "O",
                        "occu": 1
                    }
                ],
                "abc": [
                    0.83275483,
                    0.16724517,
                    0.73236221
                ],
                "xyz": [
                    4.28769443546422,
                    0.828990573078045,
                    6.493855774658977
                ],
                "label": "O",
                "properties": {}
            },
            {
                "species": [
                    {
                        "element": "O",
                        "occu": 1
                    }
                ],
                "abc": [
                    0.66550966,
                    0.83275483,
                    0.26763779
                ],
                "xyz": [
                    1.4259199943818426,
                    4.127747926921955,
                    2.373144305341023
                ],
                "label": "O",
                "properties": {}
            },
            {
                "species": [
                    {
                        "element": "O",
                        "occu": 1
                    }
                ],
                "abc": [
                    0.0,
                    0.0,
                    0.0
                ],
                "xyz": [
                    0.0,
                    0.0,
                    0.0
                ],
                "label": "O",
                "properties": {}
            },
            {
                "species": [
                    {
                        "element": "O",
                        "occu": 1
                    }
                ],
                "abc": [
                    0.16724517,
                    0.33449034,
                    0.26763779
                ],
                "xyz": [
                    -1.689176217789523e-07,
                    1.65798114615609,
                    2.373144305341023
                ],
                "label": "O",
                "properties": {}
            },
            {
                "species": [
                    {
                        "element": "O",
                        "occu": 1
                    }
                ],
                "abc": [
                    0.83275483,
                    0.66550966,
                    0.73236221
                ],
                "xyz": [
                    2.8617737689176215,
                    3.2987573538439103,
                    6.493855774658977
                ],
                "label": "O",