{
    "mp_id": "mp-558781",
    "nelements": 3,
    "nsites": 12,
    "elements": [
        "O",
        "Sc",
        "Ta"
    ],
    "structure": {
        "@module": "pymatgen.core.structure",
        "@class": "Structure",
        "charge": null,
        "lattice": {
            "matrix": [
                [
                    4.77240868,
                    0.0,
                    0.00029543
                ],
                [
                    0.0,
                    5.68097294,
                    0.0
                ],
                [
                    -0.14331737,
                    0.0,
                    5.13982727
                ]
            ],
            "a": 4.772408689144112,
            "b": 5.68097294,
            "c": 5.141824990602011,
            "alpha": 90.0,
            "beta": 91.59365729424776,
            "gamma": 90.0,
            "volume": 139.35084977935085
        },
        "sites": [
            {
                "species": [
                    {
                        "element": "Sc",
                        "occu": 1
                    }
                ],
                "abc": [
                    0.5,
                    0.6681055,
                    0.25
                ],
                "xyz": [
                    2.3503749975,
                    3.7954892665651703,
                    1.2851045325
                ],
                "label": "Sc",
                "properties": {}
            },
            {
                "species": [
                    {
                        "element": "Sc",
                        "occu": 1
                    }
                ],
                "abc": [
                    0.5,
                    0.3318945,
                    0.75
                ],
                "xyz": [
                    2.2787163125,
                    1.88548367343483,
                    3.8550181675
                ],
                "label": "Sc",
                "properties": {}
            },
            {
                "species": [
                    {
                        "element": "Ta",
                        "occu": 1
                    }
                ],
                "abc": [
                    0.0,
                    0.17074917,
                    0.25
                ],
                "xyz": [
                    -0.0358293425,
                    0.9700214142974599,
                    1.2849568175
                ],
                "label": "Ta",
                "properties": {}
            },
            {
                "species": [
                    {
                        "element": "Ta",
                        "occu": 1
                    }
                ],
                "abc": [
                    0.0,
                    0.82925083,
                    0.75
                ],
                "xyz": [
                    -0.1074880275,
                    4.710951525702541,
                    3.8548704524999997
                ],
                "label": "Ta",
                "properties": {}
            },
            {
                "species": [
                    {
                        "element": "O",
                        "occu": 1
                    }
                ],
                "abc": [
                    0.21947421,
                    0.89129943,
                    0.43102463
                ],
                "xyz": [
                    0.9856473084633196,
                    5.063447943267424,
                    2.2154569865815206
                ],
                "label": "O",
                "properties": {}
            },
            {
                "species": [
                    {
                        "element": "O",
                        "occu": 1
                    }
                ],
                "abc": [
                    0.26601453,
                    0.38482906,
                    0.40705634
                ],
                "xyz": [
                    1.2111918078874948,
                    2.1862034763856366,
                    2.0922778654309897
                ],
                "label": "O",
                "properties": {}
            },
            {
                "species": [
                    {
                        "element": "O",
                        "occu": 1
                    }
                ],
                "abc": [
                    0.78052579,
                    0.89129943,
                    0.06897537
                ],
                "xyz": [
                    3.71510268653668,
                    5.063447943267424,
                    0.35475207841847956
                ],
                "label": "O",
                "properties": {}
            },
            {
                "species": [
                    {
                        "element": "O",
                        "occu": 1
                    }
                ],
                "abc": [
                    0.73398547,
                    0.61517094,
                    0.59294366
                ],
                "xyz": [
                    3.4178995021125056,
                    3.494769463614364,
                    3.04784483456901
                ],
                "label": "O",
                "properties": {}
            },
            {
                "species": [
                    {
                        "element": "O",
                        "occu": 1
                    }
                ],
                "abc": [
                    0.73398547,
                    0.38482906,
                    0.09294366
                ],
                "xyz": [
                    3.4895581871125056,
                    2.1862034763856366,
                    0.4779311995690102
                ],
                "label": "O",
                "properties": {}
            },
            {
                "species": [
                    {
                        "element": "O",
                        "occu": 1
                    }
                ],
                "abc": [
                    0.21947421,
                    0.10870057,
                    0.93102463
                ],
                "xyz": [
                    0.9139886234633197,
                    0.6175249967325758,
                    4.78537062158152
                ],
                "label": "O",
                "properties": {}
            },
            {
                "species": [
                    {
                        "element": "O",
                        "occu": 1
                    }
                ],
                "abc": [
                    0.26601453,
                    0.61517094,
                    0.90705634
                ],
                "xyz": [
                    1.1395331228874948,
                    3.494769463614364,
                    4.66219150043099
                ],
                "label": "O",
                "properties": {}
            },
            {
                "species": [
                    {
                        "element": "O",
                        "occu": 1
                    }
                ],
                "abc": [
                    0.78052579,
                    0.10870057,
                    0.56897537
                ],
                "xyz": [
                    3.64344400153668,
                    0.6175249967325758,
                    2.924665713418479
                ],
                "label": "O",
                "properties": {}
            }
        ]
    },
    "spacegroup": {
        "source": "spglib",
        "symbol": "P2/c",
        "number": 13,
        "point_group": "2/m",
        "crystal_system": "monoclinic",
        "hall": "-P 2yc"
    },