{
    "mp_id": "mp-557871",
    "nelements": 4,
    "nsites": 14,
    "elements": [
        "As",
        "Cu",
        "O",
        "Pb"
    ],
    "structure": {
        "@module": "pymatgen.core.structure",
        "@class": "Structure",
        "charge": null,
        "lattice": {
            "matrix": [
                [
                    4.86967489,
                    0.00031442,
                    0.00020105
                ],
                [
                    0.49413903,
                    5.71771586,
                    -0.00756806
                ],
                [
                    2.05501627,
                    1.2054033,
                    7.51362144
                ]
            ],
            "a": 4.869674904300855,
            "b": 5.739033482407734,
            "c": 7.882296374105915,
            "alpha": 80.00582302551929,
            "beta": 74.88471164182599,
            "gamma": 85.05693894359221,
            "volume": 209.2459066542645
        },
        "sites": [
            {
                "species": [
                    {
                        "element": "Cu",
                        "occu": 1
                    }
                ],
                "abc": [
                    0.37390425,
                    0.80498487,
                    0.99138408
                ],
                "xyz": [
                    4.25587699453474,
                    5.797809962832788,
                    7.442867678416885
                ],
                "label": "Cu",
                "properties": {}
            },
            {
                "species": [
                    {
                        "element": "Cu",
                        "occu": 1
                    }
                ],
                "abc": [
                    0.62609575,
                    0.19501513,
                    0.00861592
                ],
                "xyz": [
                    3.1629531954652594,
                    1.1256236171672127,
                    0.06338675158311449
                ],
                "label": "Cu",
                "properties": {}
            },
            {
                "species": [
                    {
                        "element": "As",
                        "occu": 1
                    }
                ],
                "abc": [
                    0.57784558,
                    0.79439431,
                    0.31289308
                ],
                "xyz": [
                    3.849461715174817,
                    4.9194649827671855,
                    2.3450643063677554
                ],
                "label": "As",
                "properties": {}
            },
            {
                "species": [
                    {
                        "element": "As",
                        "occu": 1
                    }
                ],
                "abc": [
                    0.42215442,
                    0.20560569,
                    0.68710692
                ],
                "xyz": [
                    3.5693684748251826,
                    2.0039685972328156,
                    5.1611901236322435
                ],
                "label": "As",
                "properties": {}
            },
            {
                "species": [
                    {
                        "element": "Pb",
                        "occu": 1
                    }
                ],
                "abc": [
                    0.07028585,
                    0.28632891,
                    0.31722113
                ],
                "xyz": [
                    1.1356501120534488,
                    2.0195488460921984,
                    2.3813266601885554
                ],
                "label": "Pb",
                "properties": {}
            },
            {
                "species": [
                    {
                        "element": "Pb",
                        "occu": 1
                    }
                ],
                "abc": [
                    0.92971415,
                    0.71367109,
                    0.68277887
                ],
                "xyz": [
                    6.283180077946551,
                    4.903884733907801,
                    5.124927769811444
                ],
                "label": "Pb",
                "properties": {}
            },
            {
                "species": [
                    {
                        "element": "O",
                        "occu": 1
                    }
                ],
                "abc": [
                    0.77296297,
                    0.03218367,
                    0.18784976
                ],
                "xyz": [
                    4.166015886500058,
                    0.4106948360172416,
                    1.4113438204943927
                ],
                "label": "O",
                "properties": {}
            },
            {
                "species": [
                    {
                        "element": "O",
                        "occu": 1
                    }
                ],
                "abc": [
                    0.22703703,
                    0.96781633,
                    0.81215024
                ],
                "xyz": [
                    3.2528143034999415,
                    6.512738743982759,
                    6.094910609505607
                ],
                "label": "O",
                "properties": {}
            },
            {
                "species": [
                    {
                        "element": "O",
                        "occu": 1
                    }
                ],
                "abc": [
                    0.22341569,
                    0.38088511,
                    0.56175922
                ],
                "xyz": [
                    2.4305963113443765,
                    2.8550094982395207,
                    4.218008475868564
                ],
                "label": "O",
                "properties": {}
            },
            {
                "species": [
                    {
                        "element": "O",
                        "occu": 1
                    }
                ],
                "abc": [
                    0.49380563,
                    0.37794487,
                    0.82932291
                ],
                "xyz": [
                    4.295702261540653,
                    3.160805212250426,
                    6.228457367428249
                ],
                "label": "O",
                "properties": {}
            },
            {
                "species": [
                    {
                        "element": "O",
                        "occu": 1
                    }
                ],
                "abc": [
                    0.7312076,
                    0.09189562,
                    0.56186141
                ],
                "xyz": [
                    4.760786840660353,
                    1.202932547988778,
                    4.221065474206712
                ],
                "label": "O",
                "properties": {}
            },
            {
                "species": [
                    {
                        "element": "O",
                        "occu": 1
                    }
                ],
                "abc": [
                    0.2687924,
                    0.90810438,
                    0.43813859
                ],
                "xyz": [
                    2.6580433493396463,
                    5.720501032011223,
                    3.2851889557932865
                ],
                "label": "O",
                "properties": {}
            },
            {
                "species": [
                    {
                        "element": "O",
                        "occu": 1
                    }
                ],