{
    "mp_id": "mp-549737",
    "nelements": 4,
    "nsites": 11,
    "elements": [
        "B",
        "Ba",
        "Ca",
        "O"
    ],
    "structure": {
        "@module": "pymatgen.core.structure",
        "@class": "Structure",
        "charge": null,
        "lattice": {
            "matrix": [
                [
                    4.83427316,
                    -2.71694416,
                    -0.00126896
                ],
                [
                    4.83427316,
                    2.71694416,
                    -0.00126896
                ],
                [
                    -3.27754456,
                    0.0,
                    5.72709405
                ]
            ],
            "a": 5.545447156390003,
            "b": 5.545447156390003,
            "c": 6.598628993990418,
            "alpha": 115.67082587542467,
            "beta": 115.67082587542467,
            "gamma": 58.673460473360166,
            "volume": 150.42186358554304
        },
        "sites": [
            {
                "species": [
                    {
                        "element": "Ba",
                        "occu": 1
                    }
                ],
                "abc": [
                    0.21146394,
                    0.21146394,
                    0.18556181
                ],
                "xyz": [
                    1.4363617979904473,
                    0.0,
                    1.0621932593956256
                ],
                "label": "Ba",
                "properties": {}
            },
            {
                "species": [
                    {
                        "element": "Ba",
                        "occu": 1
                    }
                ],
                "abc": [
                    0.78853606,
                    0.78853606,
                    0.81443819
                ],
                "xyz": [
                    4.954639962009553,
                    0.0,
                    4.662362870604373
                ],
                "label": "Ba",
                "properties": {}
            },
            {
                "species": [
                    {
                        "element": "Ca",
                        "occu": 1
                    }
                ],
                "abc": [
                    0.0,
                    0.0,
                    0.5
                ],
                "xyz": [
                    -1.63877228,
                    0.0,
                    2.863547025
                ],
                "label": "Ca",
                "properties": {}
            },
            {
                "species": [
                    {
                        "element": "B",
                        "occu": 1
                    }
                ],
                "abc": [
                    0.56221115,
                    0.56221115,
                    0.25443054
                ],
                "xyz": [
                    4.601857113120606,
                    0.0,
                    1.455720784850479
                ],
                "label": "B",
                "properties": {}
            },
            {
                "species": [
                    {
                        "element": "B",
                        "occu": 1
                    }
                ],
                "abc": [
                    0.43778885,
                    0.43778885,
                    0.74556946
                ],
                "xyz": [
                    1.7891446468793952,
                    0.0,
                    4.268835345149521
                ],
                "label": "B",
                "properties": {}
            },
            {
                "species": [
                    {
                        "element": "O",
                        "occu": 1
                    }
                ],
                "abc": [
                    0.72366642,
                    0.72366642,
                    0.32634068
                ],
                "xyz": [
                    5.9272061815578745,
                    0.0,
                    1.8671471592203075
                ],
                "label": "O",
                "properties": {}
            },
            {
                "species": [
                    {
                        "element": "O",
                        "occu": 1
                    }
                ],
                "abc": [
                    0.73991051,
                    0.29788613,
                    0.77458809
                ],
                "xyz": [
                    2.4782454616698932,
                    -1.2009555578186208,
                    4.43482191901557
                ],
                "label": "O",
                "properties": {}
            },
            {
                "species": [
                    {
                        "element": "O",
                        "occu": 1
                    }
                ],
                "abc": [
                    0.70211387,
                    0.26008949,
                    0.22541191
                ],
                "xyz": [
                    3.912756298330109,
                    -1.200955557818621,
                    1.2897342109844299
                ],
                "label": "O",
                "properties": {}
            },
            {
                "species": [
                    {
                        "element": "O",
                        "occu": 1
                    }
                ],
                "abc": [
                    0.27633358,
                    0.27633358,
                    0.67365932
                ],
                "xyz": [
                    0.4637955784421268,
                    0.0,
                    3.8574089707796917
                ],
                "label": "O",
                "properties": {}
            },
            {
                "species": [
                    {
                        "element": "O",
                        "occu": 1
                    }
                ],
                "abc": [
                    0.29788613,
                    0.73991051,
                    0.77458809
                ],
                "xyz": [
                    2.4782454616698932,
                    1.2009555578186208,
                    4.43482191901557
                ],
                "label": "O",
                "properties": {}
            },
            {
                "species": [
                    {
                        "element": "O",
                        "occu": 1
                    }
                ],
                "abc": [
                    0.26008949,
                    0.70211387,
                    0.22541191
                ],
                "xyz": [
                    3.912756298330109,
                    1.200955557818621,
                    1.2897342109844299
                ],
                "label": "O",
                "properties": {}
            }
        ]
    },
    "spacegroup": {
        "source": "spglib",
        "symbol": "C2/m",
        "number": 12,
        "point_group": "2/m",
        "crystal_system": "monoclinic",
        "hall": "-C 2y"
    },
    "dielectric": {
        "epsilon_ionic": [
            [
                7.74367904,
                -1e-08,
                -0.29122542
            ],
            [
                -1e-08,
                8.27876612,
                1e-08
            ],
            [
                -0.29122542,
                1e-08,
                9.74943354
            ]
        ],
        "epsilon_ionic_avg": 8.590626233333332,
        "epsilon_ionic_eig": [
            7.702250288953493,
            9.790862291046503,
            8.27876612
        ],