{
    "mp_id": "mp-6391",
    "nelements": 4,
    "nsites": 16,
    "elements": [
        "Na",
        "O",
        "Si",
        "Zn"
    ],
    "structure": {
        "@module": "pymatgen.core.structure",
        "@class": "Structure",
        "charge": null,
        "lattice": {
            "matrix": [
                [
                    5.20389638,
                    0.0,
                    8.522e-05
                ],
                [
                    0.0,
                    5.4121843,
                    0.0
                ],
                [
                    -5.18133069,
                    0.0,
                    6.92240966
                ]
            ],
            "a": 5.203896380697789,
            "b": 5.4121843,
            "c": 8.64673020395555,
            "alpha": 90.0,
            "beta": 126.8134227607513,
            "gamma": 90.0,
            "volume": 194.9682248095677
        },
        "sites": [
            {
                "species": [
                    {
                        "element": "Na",
                        "occu": 1
                    }
                ],
                "abc": [
                    0.74384254,
                    0.67566316,
                    0.25298667
                ],
                "xyz": [
                    2.5600719037641024,
                    3.656813546640388,
                    1.751340758520491
                ],
                "label": "Na",
                "properties": {}
            },
            {
                "species": [
                    {
                        "element": "Na",
                        "occu": 1
                    }
                ],
                "abc": [
                    0.49220552,
                    0.18108067,
                    0.99771869
                ],
                "xyz": [
                    -2.608123944739579,
                    0.9800419592074809,
                    6.90665944337296
                ],
                "label": "Na",
                "properties": {}
            },
            {
                "species": [
                    {
                        "element": "Na",
                        "occu": 1
                    }
                ],
                "abc": [
                    0.74384254,
                    0.32433684,
                    0.75298667
                ],
                "xyz": [
                    -0.030593441235897245,
                    1.7553707533596121,
                    5.2125455885204905
                ],
                "label": "Na",
                "properties": {}
            },
            {
                "species": [
                    {
                        "element": "Na",
                        "occu": 1
                    }
                ],
                "abc": [
                    0.49220552,
                    0.81891933,
                    0.49771869
                ],
                "xyz": [
                    -0.01745859973957886,
                    4.4321423407925185,
                    3.4454546133729598
                ],
                "label": "Na",
                "properties": {}
            },
            {
                "species": [
                    {
                        "element": "Zn",
                        "occu": 1
                    }
                ],
                "abc": [
                    0.00770502,
                    0.81260473,
                    0.00333506
                ],
                "xyz": [
                    0.022816076954836197,
                    4.397966561811739,
                    0.023087308182484
                ],
                "label": "Zn",
                "properties": {}
            },
            {
                "species": [
                    {
                        "element": "Zn",
                        "occu": 1
                    }
                ],
                "abc": [
                    0.00770502,
                    0.18739527,
                    0.50333506
                ],
                "xyz": [
                    -2.5678492680451637,
                    1.0142177381882609,
                    3.4842921381824836
                ],
                "label": "Zn",
                "properties": {}
            },
            {
                "species": [
                    {
                        "element": "Si",
                        "occu": 1
                    }
                ],
                "abc": [
                    0.25875134,
                    0.68705175,
                    0.75085657
                ],
                "xyz": [
                    -2.543921028382984,
                    3.7184506946375246,
                    5.19775882423166
                ],
                "label": "Si",
                "properties": {}
            },
            {
                "species": [
                    {
                        "element": "Si",
                        "occu": 1
                    }
                ],
                "abc": [
                    0.25875134,
                    0.31294825,
                    0.25085657
                ],
                "xyz": [
                    0.04674431661701561,
                    1.693733605362475,
                    1.736553994231661
                ],
                "label": "Si",
                "properties": {}
            },
            {
                "species": [
                    {
                        "element": "O",
                        "occu": 1
                    }
                ],
                "abc": [
                    0.98234533,
                    0.84509768,
                    0.5562207
                ],
                "xyz": [
                    2.230059923373622,
                    4.573824395662424,
                    3.8504712622409847
                ],
                "label": "O",
                "properties": {}
            },
            {
                "species": [
                    {
                        "element": "O",
                        "occu": 1
                    }
                ],
                "abc": [
                    0.31348599,
                    0.2097356,
                    0.44756409
                ],
                "xyz": [
                    -0.6876289467172061,
                    1.13512772147108,
                    3.098248695361177
                ],
                "label": "O",
                "properties": {}
            },
            {
                "species": [
                    {
                        "element": "O",
                        "occu": 1
                    }
                ],
                "abc": [
                    0.1512436,
                    0.39363341,
                    0.72177898
                ],
                "xyz": [
                    -2.952719557932728,
                    2.130416561557463,
                    4.996462672516539
                ],
                "label": "O",
                "properties": {}
            },
            {
                "species": [
                    {
                        "element": "O",
                        "occu": 1
                    }
                ],
                "abc": [
                    0.60041966,
                    0.2886628,
                    0.27954123
                ],
                "xyz": [
                    1.676126141035482,
                    1.56229627415404,
                    1.9351500786837066
                ],
                "label": "O",
                "properties": {}
            },
            {
                "species": [
                    {
                        "element": "O",
                        "occu": 1
                    }
                ],
                "abc": [
                    0.31348599,
                    0.7902644,
                    0.94756409
                ],