{
    "mp_id": "mp-6660",
    "nelements": 4,
    "nsites": 12,
    "elements": [
        "B",
        "Ba",
        "Na",
        "O"
    ],
    "structure": {
        "@module": "pymatgen.core.structure",
        "@class": "Structure",
        "charge": null,
        "lattice": {
            "matrix": [
                [
                    4.77130059,
                    -2.7717003,
                    -0.00092907
                ],
                [
                    4.77130059,
                    2.7717003,
                    -0.00092907
                ],
                [
                    -0.96157834,
                    0.0,
                    6.03638993
                ]
            ],
            "a": 5.5179373624865935,
            "b": 5.5179373624865935,
            "c": 6.112498367358683,
            "alpha": 97.8276415529839,
            "beta": 97.8276415529839,
            "gamma": 60.30553697513862,
            "volume": 159.65291664102406
        },
        "sites": [
            {
                "species": [
                    {
                        "element": "Ba",
                        "occu": 1
                    }
                ],
                "abc": [
                    0.16622061,
                    0.16622061,
                    0.24234085
                ],
                "xyz": [
                    1.3531472768691308,
                    0.0,
                    1.4625550054033751
                ],
                "label": "Ba",
                "properties": {}
            },
            {
                "species": [
                    {
                        "element": "Ba",
                        "occu": 1
                    }
                ],
                "abc": [
                    0.83377939,
                    0.83377939,
                    0.75765915
                ],
                "xyz": [
                    7.22787556313087,
                    0.0,
                    4.571976784596624
                ],
                "label": "Ba",
                "properties": {}
            },
            {
                "species": [
                    {
                        "element": "Na",
                        "occu": 1
                    }
                ],
                "abc": [
                    0.5,
                    0.5,
                    0.5
                ],
                "xyz": [
                    4.29051142,
                    0.0,
                    3.017265895
                ],
                "label": "Na",
                "properties": {}
            },
            {
                "species": [
                    {
                        "element": "Na",
                        "occu": 1
                    }
                ],
                "abc": [
                    0.5,
                    0.5,
                    0.0
                ],
                "xyz": [
                    4.77130059,
                    0.0,
                    -0.00092907
                ],
                "label": "Na",
                "properties": {}
            },
            {
                "species": [
                    {
                        "element": "B",
                        "occu": 1
                    }
                ],
                "abc": [
                    0.16803065,
                    0.16803065,
                    0.75169711
                ],
                "xyz": [
                    0.8806338197495698,
                    0.0,
                    4.537224640742111
                ],
                "label": "B",
                "properties": {}
            },
            {
                "species": [
                    {
                        "element": "B",
                        "occu": 1
                    }
                ],
                "abc": [
                    0.83196935,
                    0.83196935,
                    0.24830289
                ],
                "xyz": [
                    7.700389020250431,
                    0.0,
                    1.4973071492578887
                ],
                "label": "B",
                "properties": {}
            },
            {
                "species": [
                    {
                        "element": "O",
                        "occu": 1
                    }
                ],
                "abc": [
                    0.11400095,
                    0.68204282,
                    0.20927464
                ],
                "xyz": [
                    3.596930148531527,
                    1.5744418214915612,
                    1.2625237491149817
                ],
                "label": "O",
                "properties": {}
            },
            {
                "species": [
                    {
                        "element": "O",
                        "occu": 1
                    }
                ],
                "abc": [
                    0.31795718,
                    0.88599905,
                    0.79072536
                ],
                "xyz": [
                    4.984092691468474,
                    1.5744418214915608,
                    4.772008040885019
                ],
                "label": "O",
                "properties": {}
            },
            {
                "species": [
                    {
                        "element": "O",
                        "occu": 1
                    }
                ],
                "abc": [
                    0.88599905,
                    0.31795718,
                    0.79072536
                ],
                "xyz": [
                    4.984092691468474,
                    -1.5744418214915608,
                    4.772008040885019
                ],
                "label": "O",
                "properties": {}
            },
            {
                "species": [
                    {
                        "element": "O",
                        "occu": 1
                    }
                ],
                "abc": [
                    0.68204282,
                    0.11400095,
                    0.20927464
                ],
                "xyz": [
                    3.596930148531527,
                    -1.5744418214915612,
                    1.2625237491149817
                ],
                "label": "O",
                "properties": {}
            },
            {
                "species": [
                    {
                        "element": "O",
                        "occu": 1
                    }
                ],
                "abc": [
                    0.29938008,
                    0.29938008,
                    0.6791373
                ],
                "xyz": [
                    2.2038209871104124,
                    0.0,
                    4.098981268705538
                ],
                "label": "O",
                "properties": {}
            },
            {
                "species": [
                    {
                        "element": "O",
                        "occu": 1
                    }
                ],
                "abc": [
                    0.70061992,
                    0.70061992,
                    0.3208627
                ],
                "xyz": [
                    6.377201852889588,
                    0.0,
                    1.9355505212944624
                ],
                "label": "O",
                "properties": {}
            }
        ]
    },
    "spacegroup": {
        "source": "spglib",
        "symbol": "C2/m",
        "number": 12,
        "point_group": "2/m",
        "crystal_system": "monoclinic",
        "hall": "-C 2y"
    },