{
    "mp_id": "mp-6983",
    "nelements": 3,
    "nsites": 12,
    "elements": [
        "Ag",
        "Na",
        "O"
    ],
    "structure": {
        "@module": "pymatgen.core.structure",
        "@class": "Structure",
        "charge": null,
        "lattice": {
            "matrix": [
                [
                    -4.66682221,
                    4.66682221,
                    2.2764961
                ],
                [
                    4.66682221,
                    -4.66682221,
                    2.2764961
                ],
                [
                    4.66682221,
                    4.66682221,
                    -2.2764961
                ]
            ],
            "a": 6.981467866631901,
            "b": 6.981467866631901,
            "c": 6.981467866631901,
            "alpha": 96.10358057755661,
            "beta": 96.10358057755661,
            "gamma": 141.93832500792897,
            "volume": 198.3213244329762
        },
        "sites": [
            {
                "species": [
                    {
                        "element": "Na",
                        "occu": 1
                    }
                ],
                "abc": [
                    0.15932965,
                    0.5,
                    0.65932965
                ],
                "xyz": [
                    4.66682221,
                    1.4871262986630531,
                    0.0
                ],
                "label": "Na",
                "properties": {}
            },
            {
                "species": [
                    {
                        "element": "Na",
                        "occu": 1
                    }
                ],
                "abc": [
                    0.5,
                    0.15932965,
                    0.65932965
                ],
                "xyz": [
                    1.4871262986630531,
                    4.66682221,
                    0.0
                ],
                "label": "Na",
                "properties": {}
            },
            {
                "species": [
                    {
                        "element": "Na",
                        "occu": 1
                    }
                ],
                "abc": [
                    0.5,
                    0.84067035,
                    0.34067035
                ],
                "xyz": [
                    3.179695911336947,
                    2.220446049250313e-16,
                    2.2764961
                ],
                "label": "Na",
                "properties": {}
            },
            {
                "species": [
                    {
                        "element": "Na",
                        "occu": 1
                    }
                ],
                "abc": [
                    0.84067035,
                    0.5,
                    0.34067035
                ],
                "xyz": [
                    2.220446049250313e-16,
                    3.179695911336947,
                    2.2764961
                ],
                "label": "Na",
                "properties": {}
            },
            {
                "species": [
                    {
                        "element": "Ag",
                        "occu": 1
                    }
                ],
                "abc": [
                    0.84354751,
                    0.84354751,
                    0.68709603
                ],
                "xyz": [
                    3.2065550132068266,
                    3.2065550132068266,
                    2.276493800738939
                ],
                "label": "Ag",
                "properties": {}
            },
            {
                "species": [
                    {
                        "element": "Ag",
                        "occu": 1
                    }
                ],
                "abc": [
                    0.15645249,
                    0.84354751,
                    0.0
                ],
                "xyz": [
                    3.206550299716394,
                    -3.206550299716394,
                    2.2764961
                ],
                "label": "Ag",
                "properties": {}
            },
            {
                "species": [
                    {
                        "element": "Ag",
                        "occu": 1
                    }
                ],
                "abc": [
                    0.84354751,
                    0.15645249,
                    0.0
                ],
                "xyz": [
                    -3.206550299716394,
                    3.206550299716394,
                    2.2764961
                ],
                "label": "Ag",
                "properties": {}
            },
            {
                "species": [
                    {
                        "element": "Ag",
                        "occu": 1
                    }
                ],
                "abc": [
                    0.15645249,
                    0.15645249,
                    0.31290397
                ],
                "xyz": [
                    1.4602671967931737,
                    1.4602671967931737,
                    2.299261061100566e-06
                ],
                "label": "Ag",
                "properties": {}
            },
            {
                "species": [
                    {
                        "element": "O",
                        "occu": 1
                    }
                ],
                "abc": [
                    0.69093275,
                    0.0,
                    0.69093275
                ],
                "xyz": [
                    0.0,
                    6.448920606632755,
                    0.0
                ],
                "label": "O",
                "properties": {}
            },
            {
                "species": [
                    {
                        "element": "O",
                        "occu": 1
                    }
                ],
                "abc": [
                    0.0,
                    0.69093275,
                    0.69093275
                ],
                "xyz": [
                    6.448920606632755,
                    0.0,
                    0.0
                ],
                "label": "O",
                "properties": {}
            },
            {
                "species": [
                    {
                        "element": "O",
                        "occu": 1
                    }
                ],
                "abc": [
                    0.0,
                    0.30906725,
                    0.30906725
                ],
                "xyz": [
                    2.8847238133672453,
                    0.0,
                    0.0
                ],
                "label": "O",
                "properties": {}
            },
            {
                "species": [
                    {
                        "element": "O",
                        "occu": 1
                    }
                ],
                "abc": [
                    0.30906725,
                    0.0,
                    0.30906725
                ],
                "xyz": [
                    0.0,
                    2.8847238133672453,
                    0.0
                ],
                "label": "O",
                "properties": {}
            }
        ]
    },
    "spacegroup": {
        "source": "spglib",
        "symbol": "I4/mmm",
        "number": 139,
        "point_group": "4/mmm",
        "crystal_system": "tetragonal",
        "hall": "-I 4 2"
    },