{
    "mp_id": "mp-6402",
    "nelements": 4,
    "nsites": 16,
    "elements": [
        "Ge",
        "Na",
        "O",
        "Zn"
    ],
    "structure": {
        "@module": "pymatgen.core.structure",
        "@class": "Structure",
        "charge": null,
        "lattice": {
            "matrix": [
                [
                    5.29654198,
                    0.0,
                    0.00018048
                ],
                [
                    0.0,
                    5.55505939,
                    0.0
                ],
                [
                    -5.30014019,
                    0.0,
                    7.0955783
                ]
            ],
            "a": 5.296541983074934,
            "b": 5.55505939,
            "c": 8.856563523460107,
            "alpha": 90.0,
            "beta": 126.75644791990067,
            "gamma": 90.0,
            "volume": 208.77571321535012
        },
        "sites": [
            {
                "species": [
                    {
                        "element": "Na",
                        "occu": 1
                    }
                ],
                "abc": [
                    0.49121622,
                    0.82356511,
                    0.99948143
                ],
                "xyz": [
                    -2.6956443658147564,
                    4.574953097581883,
                    7.091987400664355
                ],
                "label": "Na",
                "properties": {}
            },
            {
                "species": [
                    {
                        "element": "Na",
                        "occu": 1
                    }
                ],
                "abc": [
                    0.23442834,
                    0.67893817,
                    0.24419003
                ],
                "xyz": [
                    -0.052581847888592215,
                    3.7715418564879166,
                    1.7327117875711522
                ],
                "label": "Na",
                "properties": {}
            },
            {
                "species": [
                    {
                        "element": "Na",
                        "occu": 1
                    }
                ],
                "abc": [
                    0.23442834,
                    0.32106183,
                    0.74419003
                ],
                "xyz": [
                    -2.702651942888592,
                    1.7835175335120836,
                    5.280500937571151
                ],
                "label": "Na",
                "properties": {}
            },
            {
                "species": [
                    {
                        "element": "Na",
                        "occu": 1
                    }
                ],
                "abc": [
                    0.49121622,
                    0.17643489,
                    0.49948143
                ],
                "xyz": [
                    -0.04557427081475618,
                    0.9801062924181172,
                    3.5441982506643543
                ],
                "label": "Na",
                "properties": {}
            },
            {
                "species": [
                    {
                        "element": "Zn",
                        "occu": 1
                    }
                ],
                "abc": [
                    0.99656949,
                    0.81420016,
                    0.49440458
                ],
                "xyz": [
                    2.6579585551941194,
                    4.522930244147503,
                    3.508266270130169
                ],
                "label": "Zn",
                "properties": {}
            },
            {
                "species": [
                    {
                        "element": "Zn",
                        "occu": 1
                    }
                ],
                "abc": [
                    0.99656949,
                    0.18579984,
                    0.99440458
                ],
                "xyz": [
                    0.007888460194119595,
                    1.0321291458524977,
                    7.0560554201301695
                ],
                "label": "Zn",
                "properties": {}
            },
            {
                "species": [
                    {
                        "element": "Ge",
                        "occu": 1
                    }
                ],
                "abc": [
                    0.75297804,
                    0.31611762,
                    0.24713041
                ],
                "xyz": [
                    2.678353980665941,
                    1.7560521533254518,
                    1.7536690719427621
                ],
                "label": "Ge",
                "properties": {}
            },
            {
                "species": [
                    {
                        "element": "Ge",
                        "occu": 1
                    }
                ],
                "abc": [
                    0.75297804,
                    0.68388238,
                    0.74713041
                ],
                "xyz": [
                    0.02828388566594109,
                    3.7990072366745484,
                    5.301458221942762
                ],
                "label": "Ge",
                "properties": {}
            },
            {
                "species": [
                    {
                        "element": "O",
                        "occu": 1
                    }
                ],
                "abc": [
                    0.87277743,
                    0.85015276,
                    0.95413111
                ],
                "xyz": [
                    -0.4343263454487998,
                    4.722649072372416,
                    6.770269518341479
                ],
                "label": "O",
                "properties": {}
            },
            {
                "species": [
                    {
                        "element": "O",
                        "occu": 1
                    }
                ],
                "abc": [
                    0.6954654,
                    0.3726553,
                    0.77413779
                ],
                "xyz": [
                    -0.41947712663928804,
                    2.0701223234982673,
                    5.493080821529349
                ],
                "label": "O",
                "properties": {}
            },
            {
                "species": [
                    {
                        "element": "O",
                        "occu": 1
                    }
                ],
                "abc": [
                    0.06142233,
                    0.70626249,
                    0.71990087
                ],
                "xyz": [
                    -3.490249584548552,
                    3.923330076879281,
                    5.108124076825239
                ],
                "label": "O",
                "properties": {}
            },
            {
                "species": [
                    {
                        "element": "O",
                        "occu": 1
                    }
                ],
                "abc": [
                    0.39814675,
                    0.20550389,
                    0.03662578
                ],
                "xyz": [
                    1.9146792070074665,
                    1.1415863138260272,
                    0.2599529473140139
                ],
                "label": "O",
                "properties": {}
            },
            {
                "species": [
                    {
                        "element": "O",
                        "occu": 1
                    }
                ],