{
    "mp_id": "mp-6798",
    "nelements": 4,
    "nsites": 10,
    "elements": [
        "Ba",
        "Na",
        "O",
        "Re"
    ],
    "structure": {
        "@module": "pymatgen.core.structure",
        "@class": "Structure",
        "charge": null,
        "lattice": {
            "matrix": [
                [
                    0.0,
                    4.13611876,
                    4.13611876
                ],
                [
                    4.13611876,
                    0.0,
                    4.13611876
                ],
                [
                    4.13611876,
                    4.13611876,
                    0.0
                ]
            ],
            "a": 5.8493552459777876,
            "b": 5.8493552459777876,
            "c": 5.8493552459777876,
            "alpha": 60.00000000000001,
            "beta": 60.00000000000001,
            "gamma": 60.00000000000001,
            "volume": 141.51712466679638
        },
        "sites": [
            {
                "species": [
                    {
                        "element": "Ba",
                        "occu": 1
                    }
                ],
                "abc": [
                    0.75,
                    0.75,
                    0.75
                ],
                "xyz": [
                    6.20417814,
                    6.20417814,
                    6.20417814
                ],
                "label": "Ba",
                "properties": {}
            },
            {
                "species": [
                    {
                        "element": "Ba",
                        "occu": 1
                    }
                ],
                "abc": [
                    0.25,
                    0.25,
                    0.25
                ],
                "xyz": [
                    2.06805938,
                    2.06805938,
                    2.06805938
                ],
                "label": "Ba",
                "properties": {}
            },
            {
                "species": [
                    {
                        "element": "Na",
                        "occu": 1
                    }
                ],
                "abc": [
                    0.0,
                    0.0,
                    0.0
                ],
                "xyz": [
                    0.0,
                    0.0,
                    0.0
                ],
                "label": "Na",
                "properties": {}
            },
            {
                "species": [
                    {
                        "element": "Re",
                        "occu": 1
                    }
                ],
                "abc": [
                    0.5,
                    0.5,
                    0.5
                ],
                "xyz": [
                    4.13611876,
                    4.13611876,
                    4.13611876
                ],
                "label": "Re",
                "properties": {}
            },
            {
                "species": [
                    {
                        "element": "O",
                        "occu": 1
                    }
                ],
                "abc": [
                    0.72854806,
                    0.72854806,
                    0.27145194
                ],
                "xyz": [
                    4.13611876,
                    4.13611876,
                    6.026722597055211
                ],
                "label": "O",
                "properties": {}
            },
            {
                "species": [
                    {
                        "element": "O",
                        "occu": 1
                    }
                ],
                "abc": [
                    0.72854806,
                    0.27145194,
                    0.72854806
                ],
                "xyz": [
                    4.13611876,
                    6.026722597055211,
                    4.13611876
                ],
                "label": "O",
                "properties": {}
            },
            {
                "species": [
                    {
                        "element": "O",
                        "occu": 1
                    }
                ],
                "abc": [
                    0.27145194,
                    0.72854806,
                    0.27145194
                ],
                "xyz": [
                    4.13611876,
                    2.2455149229447886,
                    4.13611876
                ],
                "label": "O",
                "properties": {}
            },
            {
                "species": [
                    {
                        "element": "O",
                        "occu": 1
                    }
                ],
                "abc": [
                    0.72854806,
                    0.27145194,
                    0.27145194
                ],
                "xyz": [
                    2.2455149229447886,
                    4.13611876,
                    4.13611876
                ],
                "label": "O",
                "properties": {}
            },
            {
                "species": [
                    {
                        "element": "O",
                        "occu": 1
                    }
                ],
                "abc": [
                    0.27145194,
                    0.27145194,
                    0.72854806
                ],
                "xyz": [
                    4.13611876,
                    4.13611876,
                    2.2455149229447886
                ],
                "label": "O",
                "properties": {}
            },
            {
                "species": [
                    {
                        "element": "O",
                        "occu": 1
                    }
                ],
                "abc": [
                    0.27145194,
                    0.72854806,
                    0.72854806
                ],
                "xyz": [
                    6.026722597055211,
                    4.13611876,
                    4.13611876
                ],
                "label": "O",
                "properties": {}
            }
        ]
    },
    "spacegroup": {
        "source": "spglib",
        "symbol": "Fm-3m",
        "number": 225,
        "point_group": "m-3m",
        "crystal_system": "cubic",
        "hall": "-F 4 2 3"
    },
    "dielectric": {
        "epsilon_ionic": [
            [
                17.44676713,
                1e-08,
                1e-08
            ],
            [
                1e-08,
                17.44611995,
                -0.0
            ],
            [
                1e-08,
                -0.0,
                17.4449818
            ]
        ],
        "epsilon_ionic_avg": 17.44595629333334,
        "epsilon_ionic_eig": [
            17.44676713000021,
            17.444981799999947,
            17.44611994999985
        ],
        "epsilon_electronic": [
            [
                4.43558016,
                -0.0,
                -0.0
            ],
            [
                -0.0,
                4.43558016,
                -0.0
            ],
            [
                0.0,
                0.0,
                4.43558016
            ]
        ],
        "epsilon_electronic_avg": 4.43558016,
        "epsilon_electronic_eig": [
            4.43558016,
            4.43558016,
            4.43558016
        ]
    },
    "phonon": {
        "lowest_freq": -0.037601160739679534,