{
    "mp_id": "mp-6066",
    "nelements": 4,
    "nsites": 16,
    "elements": [
        "Ge",
        "Na",
        "O",
        "Ta"
    ],
    "structure": {
        "@module": "pymatgen.core.structure",
        "@class": "Structure",
        "charge": null,
        "lattice": {
            "matrix": [
                [
                    3.42349971,
                    -4.48794476,
                    0.00023248
                ],
                [
                    3.42349971,
                    4.48794476,
                    0.00023248
                ],
                [
                    -3.1122542,
                    0.0,
                    6.75530443
                ]
            ],
            "a": 5.64464334455495,
            "b": 5.64464334455495,
            "c": 7.4377593499248995,
            "alpha": 104.69941378834925,
            "beta": 104.69941378834925,
            "gamma": 105.32568289248017,
            "volume": 207.5899413673587
        },
        "sites": [
            {
                "species": [
                    {
                        "element": "Na",
                        "occu": 1
                    }
                ],
                "abc": [
                    0.67390375,
                    0.32609625,
                    0.25
                ],
                "xyz": [
                    2.64543616,
                    -1.5609408471137005,
                    1.6890585875
                ],
                "label": "Na",
                "properties": {}
            },
            {
                "species": [
                    {
                        "element": "Na",
                        "occu": 1
                    }
                ],
                "abc": [
                    0.32609625,
                    0.67390375,
                    0.75
                ],
                "xyz": [
                    1.0893090600000002,
                    1.5609408471137005,
                    5.0667108025
                ],
                "label": "Na",
                "properties": {}
            },
            {
                "species": [
                    {
                        "element": "Ta",
                        "occu": 1
                    }
                ],
                "abc": [
                    0.0,
                    0.0,
                    0.5
                ],
                "xyz": [
                    -1.5561271,
                    0.0,
                    3.377652215
                ],
                "label": "Ta",
                "properties": {}
            },
            {
                "species": [
                    {
                        "element": "Ta",
                        "occu": 1
                    }
                ],
                "abc": [
                    0.0,
                    0.0,
                    0.0
                ],
                "xyz": [
                    0.0,
                    0.0,
                    0.0
                ],
                "label": "Ta",
                "properties": {}
            },
            {
                "species": [
                    {
                        "element": "Ge",
                        "occu": 1
                    }
                ],
                "abc": [
                    0.68373295,
                    0.31626705,
                    0.75
                ],
                "xyz": [
                    1.0893090600000006,
                    -1.649166660383684,
                    5.0667108025
                ],
                "label": "Ge",
                "properties": {}
            },
            {
                "species": [
                    {
                        "element": "Ge",
                        "occu": 1
                    }
                ],
                "abc": [
                    0.31626705,
                    0.68373295,
                    0.25
                ],
                "xyz": [
                    2.6454361600000005,
                    1.649166660383684,
                    1.6890585875
                ],
                "label": "Ge",
                "properties": {}
            },
            {
                "species": [
                    {
                        "element": "O",
                        "occu": 1
                    }
                ],
                "abc": [
                    0.06782446,
                    0.93217554,
                    0.75
                ],
                "xyz": [
                    1.0893090600000006,
                    3.8791599002863415,
                    5.0667108025
                ],
                "label": "O",
                "properties": {}
            },
            {
                "species": [
                    {
                        "element": "O",
                        "occu": 1
                    }
                ],
                "abc": [
                    0.93217554,
                    0.06782446,
                    0.25
                ],
                "xyz": [
                    2.6454361600000005,
                    -3.8791599002863415,
                    1.6890585875
                ],
                "label": "O",
                "properties": {}
            },
            {
                "species": [
                    {
                        "element": "O",
                        "occu": 1
                    }
                ],
                "abc": [
                    0.10098351,
                    0.69188922,
                    0.38799568
                ],
                "xyz": [
                    1.5068583765600523,
                    2.6519521848485796,
                    2.621213262977133
                ],
                "label": "O",
                "properties": {}
            },
            {
                "species": [
                    {
                        "element": "O",
                        "occu": 1
                    }
                ],
                "abc": [
                    0.30811078,
                    0.89901649,
                    0.11200432
                ],
                "xyz": [
                    3.7840139434399482,
                    2.651952184848579,
                    0.7569039120228672
                ],
                "label": "O",
                "properties": {}
            },
            {
                "species": [
                    {
                        "element": "O",
                        "occu": 1
                    }
                ],
                "abc": [
                    0.89901649,
                    0.30811078,
                    0.61200432
                ],
                "xyz": [
                    2.227886843439948,
                    -2.651952184848579,
                    4.134556127022868
                ],
                "label": "O",
                "properties": {}
            },
            {
                "species": [
                    {
                        "element": "O",
                        "occu": 1
                    }
                ],
                "abc": [
                    0.69188922,
                    0.10098351,
                    0.88799568
                ],
                "xyz": [
                    -0.04926872343994759,
                    -2.6519521848485796,
                    5.998865477977133
                ],
                "label": "O",
                "properties": {}
            },
            {
                "species": [
                    {
                        "element": "O",
                        "occu": 1
                    }
                ],
                "abc": [
                    0.36552626,
                    0.24480759,
                    0.58447239
                ],