{
    "mp_id": "mp-6526",
    "nelements": 4,
    "nsites": 16,
    "elements": [
        "Ge",
        "Na",
        "O",
        "Sb"
    ],
    "structure": {
        "@module": "pymatgen.core.structure",
        "@class": "Structure",
        "charge": null,
        "lattice": {
            "matrix": [
                [
                    3.36956197,
                    -4.48268575,
                    0.0001817
                ],
                [
                    3.36956197,
                    4.48268575,
                    0.0001817
                ],
                [
                    -3.03860652,
                    0.0,
                    6.60943967
                ]
            ],
            "a": 5.607889035629916,
            "b": 5.607889035629916,
            "c": 7.274463714581043,
            "alpha": 104.53405612278512,
            "beta": 104.53405612278512,
            "gamma": 106.1368215867238,
            "volume": 199.67199047578055
        },
        "sites": [
            {
                "species": [
                    {
                        "element": "Na",
                        "occu": 1
                    }
                ],
                "abc": [
                    0.3340014,
                    0.6659986,
                    0.75
                ],
                "xyz": [
                    1.0906070800000003,
                    1.4882391174799,
                    4.9572614525
                ],
                "label": "Na",
                "properties": {}
            },
            {
                "species": [
                    {
                        "element": "Na",
                        "occu": 1
                    }
                ],
                "abc": [
                    0.6659986,
                    0.3340014,
                    0.25
                ],
                "xyz": [
                    2.6099103400000003,
                    -1.4882391174799,
                    1.6525416175
                ],
                "label": "Na",
                "properties": {}
            },
            {
                "species": [
                    {
                        "element": "Ge",
                        "occu": 1
                    }
                ],
                "abc": [
                    0.31237788,
                    0.68762212,
                    0.25
                ],
                "xyz": [
                    2.60991034,
                    1.6821020074175799,
                    1.6525416175
                ],
                "label": "Ge",
                "properties": {}
            },
            {
                "species": [
                    {
                        "element": "Ge",
                        "occu": 1
                    }
                ],
                "abc": [
                    0.68762212,
                    0.31237788,
                    0.75
                ],
                "xyz": [
                    1.0906070799999998,
                    -1.6821020074175799,
                    4.9572614525
                ],
                "label": "Ge",
                "properties": {}
            },
            {
                "species": [
                    {
                        "element": "Sb",
                        "occu": 1
                    }
                ],
                "abc": [
                    0.0,
                    0.0,
                    0.5
                ],
                "xyz": [
                    -1.51930326,
                    0.0,
                    3.304719835
                ],
                "label": "Sb",
                "properties": {}
            },
            {
                "species": [
                    {
                        "element": "Sb",
                        "occu": 1
                    }
                ],
                "abc": [
                    0.0,
                    0.0,
                    0.0
                ],
                "xyz": [
                    0.0,
                    0.0,
                    0.0
                ],
                "label": "Sb",
                "properties": {}
            },
            {
                "species": [
                    {
                        "element": "O",
                        "occu": 1
                    }
                ],
                "abc": [
                    0.08179695,
                    0.91820305,
                    0.75
                ],
                "xyz": [
                    1.0906070800000003,
                    3.7493457056830746,
                    4.9572614525
                ],
                "label": "O",
                "properties": {}
            },
            {
                "species": [
                    {
                        "element": "O",
                        "occu": 1
                    }
                ],
                "abc": [
                    0.91820305,
                    0.08179695,
                    0.25
                ],
                "xyz": [
                    2.6099103400000003,
                    -3.7493457056830746,
                    1.6525416175
                ],
                "label": "O",
                "properties": {}
            },
            {
                "species": [
                    {
                        "element": "O",
                        "occu": 1
                    }
                ],
                "abc": [
                    0.08455738,
                    0.68299885,
                    0.38315894
                ],
                "xyz": [
                    1.4220590291642843,
                    2.6826250497780526,
                    2.532605362918141
                ],
                "label": "O",
                "properties": {}
            },
            {
                "species": [
                    {
                        "element": "O",
                        "occu": 1
                    }
                ],
                "abc": [
                    0.31700115,
                    0.91544262,
                    0.11684106
                ],
                "xyz": [
                    3.797761650835715,
                    2.6826250497780526,
                    0.7724778720818593
                ],
                "label": "O",
                "properties": {}
            },
            {
                "species": [
                    {
                        "element": "O",
                        "occu": 1
                    }
                ],
                "abc": [
                    0.91544262,
                    0.31700115,
                    0.61684106
                ],
                "xyz": [
                    2.278458390835715,
                    -2.6826250497780526,
                    4.077197707081861
                ],
                "label": "O",
                "properties": {}
            },
            {
                "species": [
                    {
                        "element": "O",
                        "occu": 1
                    }
                ],
                "abc": [
                    0.68299885,
                    0.08455738,
                    0.88315894
                ],
                "xyz": [
                    -0.09724423083571576,
                    -2.6826250497780526,
                    5.83732519791814
                ],
                "label": "O",
                "properties": {}
            },
            {
                "species": [
                    {
                        "element": "O",
                        "occu": 1
                    }
                ],
                "abc": [
                    0.37180176,
                    0.24616685,
                    0.57299629
                ],