{
    "mp_id": "mp-733",
    "nelements": 2,
    "nsites": 9,
    "elements": [
        "Ge",
        "O"
    ],
    "structure": {
        "@module": "pymatgen.core.structure",
        "@class": "Structure",
        "charge": null,
        "lattice": {
            "matrix": [
                [
                    4.99510999,
                    0.0,
                    0.0
                ],
                [
                    -2.4975555,
                    4.32589261,
                    0.0
                ],
                [
                    0.0,
                    0.0,
                    5.74406684
                ]
            ],
            "a": 4.99510999,
            "b": 4.995110644303374,
            "c": 5.74406684,
            "alpha": 90.0,
            "beta": 90.0,
            "gamma": 120.00000235557341,
            "volume": 124.119573446348
        },
        "sites": [
            {
                "species": [
                    {
                        "element": "Ge",
                        "occu": 1
                    }
                ],
                "abc": [
                    0.55157069,
                    0.55157069,
                    0.0
                ],
                "xyz": [
                    1.3775778533618988,
                    2.386035571763601,
                    0.0
                ],
                "label": "Ge",
                "properties": {}
            },
            {
                "species": [
                    {
                        "element": "Ge",
                        "occu": 1
                    }
                ],
                "abc": [
                    0.0,
                    0.44842931,
                    0.666667
                ],
                "xyz": [
                    -1.119977089551705,
                    1.9398570382363993,
                    3.82937980802228
                ],
                "label": "Ge",
                "properties": {}
            },
            {
                "species": [
                    {
                        "element": "Ge",
                        "occu": 1
                    }
                ],
                "abc": [
                    0.44842931,
                    0.0,
                    0.333333
                ],
                "xyz": [
                    2.2399537261898073,
                    0.0,
                    1.91468703197772
                ],
                "label": "Ge",
                "properties": {}
            },
            {
                "species": [
                    {
                        "element": "O",
                        "occu": 1
                    }
                ],
                "abc": [
                    0.30978983,
                    0.39079861,
                    0.75106546
                ],
                "xyz": [
                    0.5713930568355469,
                    1.6905528189972723,
                    4.314170203455347
                ],
                "label": "O",
                "properties": {}
            },
            {
                "species": [
                    {
                        "element": "O",
                        "occu": 1
                    }
                ],
                "abc": [
                    0.60920139,
                    0.91899122,
                    0.08439846
                ],
                "xyz": [
                    0.7477963731481765,
                    3.9754573272528844,
                    0.4847903954330664
                ],
                "label": "O",
                "properties": {}
            },
            {
                "species": [
                    {
                        "element": "O",
                        "occu": 1
                    }
                ],
                "abc": [
                    0.08100878,
                    0.69021017,
                    0.41773146
                ],
                "xyz": [
                    -1.3191904399837227,
                    2.985775073749844,
                    2.3994774274107864
                ],
                "label": "O",
                "properties": {}
            },
            {
                "species": [
                    {
                        "element": "O",
                        "occu": 1
                    }
                ],
                "abc": [
                    0.39079861,
                    0.30978983,
                    0.24893454
                ],
                "xyz": [
                    1.178364747128549,
                    1.3401175362501563,
                    1.4298966365446537
                ],
                "label": "O",
                "properties": {}
            },
            {
                "species": [
                    {
                        "element": "O",
                        "occu": 1
                    }
                ],
                "abc": [
                    0.69021017,
                    0.08100878,
                    0.58226854
                ],
                "xyz": [
                    3.245351791329308,
                    0.35043528274711583,
                    3.3445894125892135
                ],
                "label": "O",
                "properties": {}
            },
            {
                "species": [
                    {
                        "element": "O",
                        "occu": 1
                    }
                ],
                "abc": [
                    0.91899122,
                    0.60920139,
                    0.91560154
                ],
                "xyz": [
                    3.0689479415421435,
                    2.635339791002728,
                    5.259276444566934
                ],
                "label": "O",
                "properties": {}
            }
        ]
    },
    "spacegroup": {
        "source": "spglib",
        "symbol": "P3_121",
        "number": 152,
        "point_group": "32",
        "crystal_system": "trigonal",
        "hall": "P 31 2\""
    },
    "dielectric": {
        "epsilon_ionic": [
            [
                3.26891653,
                -0.0002847,
                1e-08
            ],
            [
                -0.0002847,
                3.26830665,
                0.0002732
            ],
            [
                1e-08,
                0.0002732,
                3.19769739
            ]
        ],
        "epsilon_ionic_avg": 3.2449735233333343,
        "epsilon_ionic_eig": [
            3.269028914893233,
            3.268195322168514,
            3.1976963329382553
        ],
        "epsilon_electronic": [
            [
                3.23218888,
                0.0,
                0.0
            ],
            [
                0.0,
                3.23218864,
                0.0
            ],
            [
                0.0,
                0.0,
                3.37429491
            ]
        ],
        "epsilon_electronic_avg": 3.279557476666666,
        "epsilon_electronic_eig": [
            3.23218888,
            3.23218864,
            3.37429491
        ]
    },
    "phonon": {
        "lowest_freq": -0.08217241416540225,