{
    "mp_id": "mp-756372",
    "nelements": 3,
    "nsites": 10,
    "elements": [
        "Mg",
        "O",
        "Rb"
    ],
    "structure": {
        "@module": "pymatgen.core.structure",
        "@class": "Structure",
        "charge": null,
        "lattice": {
            "matrix": [
                [
                    -3.12736939,
                    5.43754654,
                    2.75227368
                ],
                [
                    3.12736939,
                    -5.43754654,
                    2.75227368
                ],
                [
                    3.12736939,
                    5.43754654,
                    -2.75227368
                ]
            ],
            "a": 6.849989933262361,
            "b": 6.849989933262361,
            "c": 6.849989933262361,
            "alpha": 125.6704612796156,
            "beta": 74.91520701666724,
            "gamma": 132.61944798353028,
            "volume": 187.2120403484305
        },
        "sites": [
            {
                "species": [
                    {
                        "element": "Rb",
                        "occu": 1
                    }
                ],
                "abc": [
                    0.65478406,
                    0.86249045,
                    0.51727451
                ],
                "xyz": [
                    2.2672830749946513,
                    1.6832910598003044,
                    2.75227368
                ],
                "label": "Rb",
                "properties": {}
            },
            {
                "species": [
                    {
                        "element": "Rb",
                        "occu": 1
                    }
                ],
                "abc": [
                    0.15478406,
                    0.63750955,
                    0.79229361
                ],
                "xyz": [
                    3.987455705005349,
                    1.6832910598003048,
                    0.0
                ],
                "label": "Rb",
                "properties": {}
            },
            {
                "species": [
                    {
                        "element": "Rb",
                        "occu": 1
                    }
                ],
                "abc": [
                    0.34521594,
                    0.13750955,
                    0.48272549
                ],
                "xyz": [
                    0.8600863150053489,
                    3.754255480199695,
                    0.0
                ],
                "label": "Rb",
                "properties": {}
            },
            {
                "species": [
                    {
                        "element": "Rb",
                        "occu": 1
                    }
                ],
                "abc": [
                    0.84521594,
                    0.36249045,
                    0.20770639
                ],
                "xyz": [
                    -0.8600863150053487,
                    3.7542554801996952,
                    2.75227368
                ],
                "label": "Rb",
                "properties": {}
            },
            {
                "species": [
                    {
                        "element": "Mg",
                        "occu": 1
                    }
                ],
                "abc": [
                    0.75,
                    0.75,
                    0.0
                ],
                "xyz": [
                    0.0,
                    0.0,
                    4.12841052
                ],
                "label": "Mg",
                "properties": {}
            },
            {
                "species": [
                    {
                        "element": "Mg",
                        "occu": 1
                    }
                ],
                "abc": [
                    0.25,
                    0.25,
                    0.0
                ],
                "xyz": [
                    0.0,
                    0.0,
                    1.37613684
                ],
                "label": "Mg",
                "properties": {}
            },
            {
                "species": [
                    {
                        "element": "O",
                        "occu": 1
                    }
                ],
                "abc": [
                    0.09138789,
                    0.17194601,
                    0.2633339
                ],
                "xyz": [
                    1.075477376813268,
                    0.9938518101348013,
                    0.0
                ],
                "label": "O",
                "properties": {}
            },
            {
                "species": [
                    {
                        "element": "O",
                        "occu": 1
                    }
                ],
                "abc": [
                    0.59138789,
                    0.32805399,
                    0.91944189
                ],
                "xyz": [
                    2.051892044460426,
                    6.431398404510266,
                    -2.7522736978369267e-08
                ],
                "label": "O",
                "properties": {}
            },
            {
                "species": [
                    {
                        "element": "O",
                        "occu": 1
                    }
                ],
                "abc": [
                    0.90861211,
                    0.82805399,
                    0.7366661
                ],
                "xyz": [
                    2.051892013186732,
                    4.443694729865198,
                    2.75227368
                ],
                "label": "O",
                "properties": {}
            },
            {
                "species": [
                    {
                        "element": "O",
                        "occu": 1
                    }
                ],
                "abc": [
                    0.40861211,
                    0.67194601,
                    0.08055811
                ],
                "xyz": [
                    1.075477345539574,
                    -0.9938518645102666,
                    2.752273707522737
                ],
                "label": "O",
                "properties": {}
            }
        ]
    },
    "spacegroup": {
        "source": "spglib",
        "symbol": "Ibam",
        "number": 72,
        "point_group": "mmm",
        "crystal_system": "orthorhombic",
        "hall": "-I 2 2c"
    },
    "dielectric": {
        "epsilon_ionic": [
            [
                7.86108139,
                0.0,
                -0.0
            ],
            [
                0.0,
                4.80365649,
                -0.0
            ],
            [
                -0.0,
                -0.0,
                18.70867384
            ]
        ],
        "epsilon_ionic_avg": 10.457803906666667,
        "epsilon_ionic_eig": [
            7.86108139,
            4.80365649,
            18.70867384
        ],
        "epsilon_electronic": [
            [
                3.23088998,
                0.0,
                0.0
            ],
            [
                0.0,
                3.18072743,
                0.0
            ],
            [
                0.0,
                0.0,
                3.19358996
            ]
        ],
        "epsilon_electronic_avg": 3.2017357900000003,
        "epsilon_electronic_eig": [
            3.23088998,
            3.18072743,
            3.19358996
        ]
    },
    "phonon": {
        "lowest_freq": -0.02027103097990801,