{
    "mp_id": "mp-7374",
    "nelements": 3,
    "nsites": 10,
    "elements": [
        "Ba",
        "Cu",
        "O"
    ],
    "structure": {
        "@module": "pymatgen.core.structure",
        "@class": "Structure",
        "charge": null,
        "lattice": {
            "matrix": [
                [
                    -2.83184603,
                    2.83184603,
                    5.02747645
                ],
                [
                    2.83184603,
                    -2.83184603,
                    5.02747645
                ],
                [
                    2.83184603,
                    2.83184603,
                    -5.02747645
                ]
            ],
            "a": 6.427614124273339,
            "b": 6.427614124273339,
            "c": 6.427614124273339,
            "alpha": 127.71885294376219,
            "beta": 127.71885294376219,
            "gamma": 77.0809197510573,
            "volume": 161.26841204272162
        },
        "sites": [
            {
                "species": [
                    {
                        "element": "Ba",
                        "occu": 1
                    }
                ],
                "abc": [
                    0.0,
                    0.0,
                    0.0
                ],
                "xyz": [
                    0.0,
                    0.0,
                    0.0
                ],
                "label": "Ba",
                "properties": {}
            },
            {
                "species": [
                    {
                        "element": "Ba",
                        "occu": 1
                    }
                ],
                "abc": [
                    0.75,
                    0.25,
                    0.5
                ],
                "xyz": [
                    -2.220446049250313e-16,
                    2.8318460300000003,
                    2.513738225
                ],
                "label": "Ba",
                "properties": {}
            },
            {
                "species": [
                    {
                        "element": "Cu",
                        "occu": 1
                    }
                ],
                "abc": [
                    0.375,
                    0.625,
                    0.25
                ],
                "xyz": [
                    1.4159230149999997,
                    1.1102230246251565e-16,
                    3.7706073375
                ],
                "label": "Cu",
                "properties": {}
            },
            {
                "species": [
                    {
                        "element": "Cu",
                        "occu": 1
                    }
                ],
                "abc": [
                    0.875,
                    0.625,
                    0.25
                ],
                "xyz": [
                    1.1102230246251565e-16,
                    1.4159230149999997,
                    6.2843455625
                ],
                "label": "Cu",
                "properties": {}
            },
            {
                "species": [
                    {
                        "element": "Cu",
                        "occu": 1
                    }
                ],
                "abc": [
                    0.375,
                    0.125,
                    0.75
                ],
                "xyz": [
                    1.415923015,
                    2.8318460300000003,
                    -1.2568691125
                ],
                "label": "Cu",
                "properties": {}
            },
            {
                "species": [
                    {
                        "element": "Cu",
                        "occu": 1
                    }
                ],
                "abc": [
                    0.375,
                    0.625,
                    0.75
                ],
                "xyz": [
                    2.83184603,
                    1.4159230150000002,
                    1.2568691125
                ],
                "label": "Cu",
                "properties": {}
            },
            {
                "species": [
                    {
                        "element": "O",
                        "occu": 1
                    }
                ],
                "abc": [
                    0.73794171,
                    0.73794171,
                    0.0
                ],
                "xyz": [
                    0.0,
                    0.0,
                    7.419969136995459
                ],
                "label": "O",
                "properties": {}
            },
            {
                "species": [
                    {
                        "element": "O",
                        "occu": 1
                    }
                ],
                "abc": [
                    0.48794171,
                    0.98794171,
                    0.5
                ],
                "xyz": [
                    2.83184603,
                    0.0,
                    4.906230911995459
                ],
                "label": "O",
                "properties": {}
            },
            {
                "species": [
                    {
                        "element": "O",
                        "occu": 1
                    }
                ],
                "abc": [
                    0.01205829,
                    0.51205829,
                    0.5
                ],
                "xyz": [
                    2.83184603,
                    0.0,
                    0.12124553800454141
                ],
                "label": "O",
                "properties": {}
            },
            {
                "species": [
                    {
                        "element": "O",
                        "occu": 1
                    }
                ],
                "abc": [
                    0.26205829,
                    0.26205829,
                    0.0
                ],
                "xyz": [
                    0.0,
                    0.0,
                    2.6349837630045414
                ],
                "label": "O",
                "properties": {}
            }
        ]
    },
    "spacegroup": {
        "source": "spglib",
        "symbol": "I4_1/amd",
        "number": 141,
        "point_group": "4/mmm",
        "crystal_system": "tetragonal",
        "hall": "I 4bw 2bw -1bw"
    },
    "dielectric": {
        "epsilon_ionic": [
            [
                10.15425012,
                -0.0,
                0.0
            ],
            [
                -0.0,
                10.15416083,
                0.0
            ],
            [
                0.0,
                0.0,
                5.28207432
            ]
        ],
        "epsilon_ionic_avg": 8.530161756666667,
        "epsilon_ionic_eig": [
            10.15425012,
            10.15416083,
            5.28207432
        ],
        "epsilon_electronic": [
            [
                5.46518874,
                0.0,
                0.0
            ],
            [
                0.0,
                5.46518874,
                -0.0
            ],
            [
                0.0,
                0.0,
                5.29795491
            ]
        ],
        "epsilon_electronic_avg": 5.40944413,
        "epsilon_electronic_eig": [
            5.46518874,
            5.46518874,
            5.29795491
        ]
    },
    "phonon": {
        "lowest_freq": -0.13178661579658368,