{
    "mp_id": "mp-755895",
    "nelements": 3,
    "nsites": 12,
    "elements": [
        "Ba",
        "O",
        "Zr"
    ],
    "structure": {
        "@module": "pymatgen.core.structure",
        "@class": "Structure",
        "charge": null,
        "lattice": {
            "matrix": [
                [
                    -2.10651871,
                    2.10651871,
                    10.92732868
                ],
                [
                    2.10651871,
                    -2.10651871,
                    10.92732868
                ],
                [
                    2.10651871,
                    2.10651871,
                    -10.92732868
                ]
            ],
            "a": 11.326135891464073,
            "b": 11.326135891464073,
            "c": 11.326135891464073,
            "alpha": 158.56258770939442,
            "beta": 158.56258770939442,
            "gamma": 30.49937132666255,
            "volume": 193.95663433768996
        },
        "sites": [
            {
                "species": [
                    {
                        "element": "Ba",
                        "occu": 1
                    }
                ],
                "abc": [
                    0.0,
                    0.0,
                    0.0
                ],
                "xyz": [
                    0.0,
                    0.0,
                    0.0
                ],
                "label": "Ba",
                "properties": {}
            },
            {
                "species": [
                    {
                        "element": "Ba",
                        "occu": 1
                    }
                ],
                "abc": [
                    0.81389699,
                    0.81389699,
                    0.0
                ],
                "xyz": [
                    0.0,
                    0.0,
                    17.787439842785346
                ],
                "label": "Ba",
                "properties": {}
            },
            {
                "species": [
                    {
                        "element": "Ba",
                        "occu": 1
                    }
                ],
                "abc": [
                    0.18610301,
                    0.18610301,
                    0.0
                ],
                "xyz": [
                    0.0,
                    0.0,
                    4.067217517214654
                ],
                "label": "Ba",
                "properties": {}
            },
            {
                "species": [
                    {
                        "element": "Zr",
                        "occu": 1
                    }
                ],
                "abc": [
                    0.59740729,
                    0.59740729,
                    0.0
                ],
                "xyz": [
                    0.0,
                    0.0,
                    13.056131627316155
                ],
                "label": "Zr",
                "properties": {}
            },
            {
                "species": [
                    {
                        "element": "Zr",
                        "occu": 1
                    }
                ],
                "abc": [
                    0.40259271,
                    0.40259271,
                    0.0
                ],
                "xyz": [
                    0.0,
                    0.0,
                    8.798525732683846
                ],
                "label": "Zr",
                "properties": {}
            },
            {
                "species": [
                    {
                        "element": "O",
                        "occu": 1
                    }
                ],
                "abc": [
                    0.09622638,
                    0.59622638,
                    0.5
                ],
                "xyz": [
                    2.1065187099999996,
                    2.220446049250313e-16,
                    2.102994563893156
                ],
                "label": "O",
                "properties": {}
            },
            {
                "species": [
                    {
                        "element": "O",
                        "occu": 1
                    }
                ],
                "abc": [
                    0.5,
                    0.5,
                    0.0
                ],
                "xyz": [
                    0.0,
                    0.0,
                    10.92732868
                ],
                "label": "O",
                "properties": {}
            },
            {
                "species": [
                    {
                        "element": "O",
                        "occu": 1
                    }
                ],
                "abc": [
                    0.69386269,
                    0.69386269,
                    0.0
                ],
                "xyz": [
                    0.0,
                    0.0,
                    15.1641313448379
                ],
                "label": "O",
                "properties": {}
            },
            {
                "species": [
                    {
                        "element": "O",
                        "occu": 1
                    }
                ],
                "abc": [
                    0.40377362,
                    0.90377362,
                    0.5
                ],
                "xyz": [
                    2.1065187100000005,
                    -2.220446049250313e-16,
                    8.824334116106844
                ],
                "label": "O",
                "properties": {}
            },
            {
                "species": [
                    {
                        "element": "O",
                        "occu": 1
                    }
                ],
                "abc": [
                    0.59622638,
                    0.09622638,
                    0.5
                ],
                "xyz": [
                    2.220446049250313e-16,
                    2.1065187099999996,
                    2.102994563893156
                ],
                "label": "O",
                "properties": {}
            },
            {
                "species": [
                    {
                        "element": "O",
                        "occu": 1
                    }
                ],
                "abc": [
                    0.30613731,
                    0.30613731,
                    0.0
                ],
                "xyz": [
                    0.0,
                    0.0,
                    6.690526015162102
                ],
                "label": "O",
                "properties": {}
            },
            {
                "species": [
                    {
                        "element": "O",
                        "occu": 1
                    }
                ],
                "abc": [
                    0.90377362,
                    0.40377362,
                    0.5
                ],
                "xyz": [
                    -2.220446049250313e-16,
                    2.1065187100000005,
                    8.824334116106844
                ],
                "label": "O",
                "properties": {}
            }
        ]
    },
    "spacegroup": {
        "source": "spglib",
        "symbol": "I4/mmm",
        "number": 139,
        "point_group": "4/mmm",
        "crystal_system": "tetragonal",
        "hall": "-I 4 2"
    },
    "dielectric": {
        "epsilon_ionic": [
            [
                31.76058851,
                -0.0,
                0.0
            ],
            [
                -0.0,
                31.76090109,
                0.0
            ],
            [
                0.0,
                0.0,
                16.13624146
            ]
        ],
        "epsilon_ionic_avg": 26.55257702,