{
    "mp_id": "mp-7608",
    "nelements": 3,
    "nsites": 5,
    "elements": [
        "Li",
        "O",
        "Pd"
    ],
    "structure": {
        "@module": "pymatgen.core.structure",
        "@class": "Structure",
        "charge": null,
        "lattice": {
            "matrix": [
                [
                    -1.48031172,
                    1.88301993,
                    4.55782489
                ],
                [
                    1.48031172,
                    -1.88301993,
                    4.55782489
                ],
                [
                    1.48031172,
                    1.88301993,
                    -4.55782489
                ]
            ],
            "a": 5.148869251889202,
            "b": 5.148869251889202,
            "c": 5.148869251889202,
            "alpha": 146.58303814109743,
            "beta": 137.09678773852264,
            "gamma": 55.44552069784162,
            "volume": 50.81895394005406
        },
        "sites": [
            {
                "species": [
                    {
                        "element": "Li",
                        "occu": 1
                    }
                ],
                "abc": [
                    0.69833399,
                    0.69833399,
                    0.0
                ],
                "xyz": [
                    0.0,
                    0.0,
                    6.365768082310022
                ],
                "label": "Li",
                "properties": {}
            },
            {
                "species": [
                    {
                        "element": "Li",
                        "occu": 1
                    }
                ],
                "abc": [
                    0.30166601,
                    0.30166601,
                    0.0
                ],
                "xyz": [
                    0.0,
                    0.0,
                    2.7498816976899776
                ],
                "label": "Li",
                "properties": {}
            },
            {
                "species": [
                    {
                        "element": "Pd",
                        "occu": 1
                    }
                ],
                "abc": [
                    0.0,
                    0.0,
                    0.0
                ],
                "xyz": [
                    0.0,
                    0.0,
                    0.0
                ],
                "label": "Pd",
                "properties": {}
            },
            {
                "species": [
                    {
                        "element": "O",
                        "occu": 1
                    }
                ],
                "abc": [
                    0.14983169,
                    0.64983169,
                    0.5
                ],
                "xyz": [
                    1.48031172,
                    1.1102230246251565e-16,
                    1.365813211985528
                ],
                "label": "O",
                "properties": {}
            },
            {
                "species": [
                    {
                        "element": "O",
                        "occu": 1
                    }
                ],
                "abc": [
                    0.85016831,
                    0.35016831,
                    0.5
                ],
                "xyz": [
                    -1.1102230246251565e-16,
                    1.8830199300000001,
                    3.1920116780144716
                ],
                "label": "O",
                "properties": {}
            }
        ]
    },
    "spacegroup": {
        "source": "spglib",
        "symbol": "Immm",
        "number": 71,
        "point_group": "mmm",
        "crystal_system": "orthorhombic",
        "hall": "-I 2 2"
    },
    "dielectric": {
        "epsilon_ionic": [
            [
                8.47615415,
                0.0,
                0.0
            ],
            [
                0.0,
                1.66582334,
                0.0
            ],
            [
                0.0,
                0.0,
                6.30643122
            ]
        ],
        "epsilon_ionic_avg": 5.482802903333333,
        "epsilon_ionic_eig": [
            8.47615415,
            1.66582334,
            6.30643122
        ],
        "epsilon_electronic": [
            [
                5.94648035,
                -0.0,
                0.0
            ],
            [
                0.0,
                3.90095291,
                0.0
            ],
            [
                0.0,
                0.0,
                4.57438043
            ]
        ],
        "epsilon_electronic_avg": 4.80727123,
        "epsilon_electronic_eig": [
            5.94648035,
            3.90095291,
            4.57438043
        ]
    },
    "phonon": {
        "lowest_freq": -0.014607003803716979,
        "frequency": [
            -0.014607003803716979,
            -0.008867126152172269,
            -0.0021931835291895086,
            6.937451611447397,
            7.224309684951826,
            8.38506864150876,
            9.846013816060427,
            10.452795265465513,
            10.752441794223547,
            14.679817670152483,
            15.263318570055292,
            15.384101624896173,
            16.27558369484391,
            16.82032463642071,
            18.33824654443704
        ]
    },
    "born_effective_charge": {
        "avg_abs_trace": 1.4873806666666665,
        "tensors": [
            [
                [
                    1.09317,
                    0.0,
                    -5e-05
                ],
                [
                    -0.0,
                    1.09084,
                    -3e-05
                ],
                [
                    -0.0,
                    0.0,
                    1.38038
                ]
            ],
            [
                [
                    1.09317,
                    0.0,
                    5e-05
                ],
                [
                    -0.0,
                    1.09084,
                    3e-05
                ],
                [
                    -0.0,
                    0.0,
                    1.38041
                ]
            ],
            [
                [
                    3.16733,
                    0.0,
                    0.0
                ],
                [
                    -0.0,
                    -0.49922,
                    -0.0
                ],
                [
                    -0.0,
                    0.0,
                    1.35843
                ]
            ],
            [
                [
                    -2.67684,
                    -0.0,
                    -0.00024
                ],
                [
                    0.0,
                    -0.84123,
                    3e-05
                ],
                [
                    -0.0,
                    -0.0,
                    -2.05959
                ]
            ],
            [
                [
                    -2.67684,
                    0.0,
                    0.00024
                ],
                [
                    0.0,
                    -0.84123,
                    -3e-05
                ],
                [
                    0.0,
                    -0.0,
                    -2.05963
                ]
            ]
        ]
    },
    "band_gap": 1.8763,
    "is_direct": false,
    "formula": "Li2PdO2"
}