{
    "mp_id": "mp-752508",
    "nelements": 3,
    "nsites": 14,
    "elements": [
        "Cs",
        "O",
        "W"
    ],
    "structure": {
        "@module": "pymatgen.core.structure",
        "@class": "Structure",
        "charge": null,
        "lattice": {
            "matrix": [
                [
                    6.69935545,
                    -3.23178705,
                    0.0057147
                ],
                [
                    6.69935545,
                    3.23178705,
                    0.0057147
                ],
                [
                    -3.61436015,
                    0.0,
                    7.37543312
                ]
            ],
            "a": 7.438134419314328,
            "b": 7.438134419314328,
            "c": 8.213440996409542,
            "alpha": 113.30694475139892,
            "beta": 113.30694475139892,
            "gamma": 51.50555606455938,
            "volume": 319.50289013959485
        },
        "sites": [
            {
                "species": [
                    {
                        "element": "Cs",
                        "occu": 1
                    }
                ],
                "abc": [
                    0.51395358,
                    0.51395358,
                    0.24144562
                ],
                "xyz": [
                    6.0136440071199795,
                    0.0,
                    1.7866402034741864
                ],
                "label": "Cs",
                "properties": {}
            },
            {
                "species": [
                    {
                        "element": "Cs",
                        "occu": 1
                    }
                ],
                "abc": [
                    0.15692687,
                    0.15692687,
                    0.74344312
                ],
                "xyz": [
                    -0.5844534231477851,
                    0.0,
                    5.485008590052113
                ],
                "label": "Cs",
                "properties": {}
            },
            {
                "species": [
                    {
                        "element": "Cs",
                        "occu": 1
                    }
                ],
                "abc": [
                    0.84307313,
                    0.84307313,
                    0.25655688
                ],
                "xyz": [
                    10.368804173147783,
                    0.0,
                    1.9018539299478874
                ],
                "label": "Cs",
                "properties": {}
            },
            {
                "species": [
                    {
                        "element": "Cs",
                        "occu": 1
                    }
                ],
                "abc": [
                    0.48604642,
                    0.48604642,
                    0.75855438
                ],
                "xyz": [
                    3.77070674288002,
                    0.0,
                    5.600222316525813
                ],
                "label": "Cs",
                "properties": {}
            },
            {
                "species": [
                    {
                        "element": "W",
                        "occu": 1
                    }
                ],
                "abc": [
                    0.17290924,
                    0.17290924,
                    0.21945897
                ],
                "xyz": [
                    1.5235571629706701,
                    0.0,
                    1.6205812046867425
                ],
                "label": "W",
                "properties": {}
            },
            {
                "species": [
                    {
                        "element": "W",
                        "occu": 1
                    }
                ],
                "abc": [
                    0.82709076,
                    0.82709076,
                    0.78054103
                ],
                "xyz": [
                    8.26079358702933,
                    0.0,
                    5.7662813153132575
                ],
                "label": "W",
                "properties": {}
            },
            {
                "species": [
                    {
                        "element": "O",
                        "occu": 1
                    }
                ],
                "abc": [
                    0.09295715,
                    0.09295715,
                    0.34663486
                ],
                "xyz": [
                    -0.007357245646893995,
                    0.0,
                    2.5576446714407735
                ],
                "label": "O",
                "properties": {}
            },
            {
                "species": [
                    {
                        "element": "O",
                        "occu": 1
                    }
                ],
                "abc": [
                    0.68059747,
                    0.68059747,
                    0.63429548
                ],
                "xyz": [
                    6.826556433564301,
                    0.0,
                    4.685982711781916
                ],
                "label": "O",
                "properties": {}
            },
            {
                "species": [
                    {
                        "element": "O",
                        "occu": 1
                    }
                ],
                "abc": [
                    0.63153611,
                    0.08547166,
                    0.91957224
                ],
                "xyz": [
                    1.4798246523396101,
                    -1.7647640179753723,
                    6.786341039431808
                ],
                "label": "O",
                "properties": {}
            },
            {
                "species": [
                    {
                        "element": "O",
                        "occu": 1
                    }
                ],
                "abc": [
                    0.08547166,
                    0.63153611,
                    0.91957224
                ],
                "xyz": [
                    1.4798246523396101,
                    1.7647640179753723,
                    6.786341039431808
                ],
                "label": "O",
                "properties": {}
            },
            {
                "species": [
                    {
                        "element": "O",
                        "occu": 1
                    }
                ],
                "abc": [
                    0.36846389,
                    0.91452834,
                    0.08042776
                ],
                "xyz": [
                    8.30452609766039,
                    1.7647640179753723,
                    0.6005214805681923
                ],
                "label": "O",
                "properties": {}
            },
            {
                "species": [
                    {
                        "element": "O",
                        "occu": 1
                    }
                ],
                "abc": [
                    0.91452834,
                    0.36846389,
                    0.08042776
                ],
                "xyz": [
                    8.30452609766039,
                    -1.7647640179753723,
                    0.6005214805681923
                ],
                "label": "O",
                "properties": {}
            },
            {
                "species": [
                    {
                        "element": "O",
                        "occu": 1
                    }
                ],
                "abc": [
                    0.31940253,
                    0.31940253,
                    0.36570452
                ],