{
    "mp_id": "mp-7899",
    "nelements": 3,
    "nsites": 16,
    "elements": [
        "Ba",
        "Cd",
        "O"
    ],
    "structure": {
        "@module": "pymatgen.core.structure",
        "@class": "Structure",
        "charge": null,
        "lattice": {
            "matrix": [
                [
                    6.1436342,
                    0.0,
                    0.0
                ],
                [
                    0.0,
                    3.66461452,
                    0.0
                ],
                [
                    0.0,
                    0.0,
                    11.9634662
                ]
            ],
            "a": 6.1436342,
            "b": 3.66461452,
            "c": 11.9634662,
            "alpha": 90.0,
            "beta": 90.0,
            "gamma": 90.0,
            "volume": 269.3460892987726
        },
        "sites": [
            {
                "species": [
                    {
                        "element": "Ba",
                        "occu": 1
                    }
                ],
                "abc": [
                    0.89608159,
                    0.25,
                    0.85740582
                ],
                "xyz": [
                    5.505197502314378,
                    0.91615363,
                    10.257545547253283
                ],
                "label": "Ba",
                "properties": {}
            },
            {
                "species": [
                    {
                        "element": "Ba",
                        "occu": 1
                    }
                ],
                "abc": [
                    0.10391841,
                    0.75,
                    0.14259418
                ],
                "xyz": [
                    0.6384366976856221,
                    2.74846089,
                    1.7059206527467157
                ],
                "label": "Ba",
                "properties": {}
            },
            {
                "species": [
                    {
                        "element": "Ba",
                        "occu": 1
                    }
                ],
                "abc": [
                    0.39608159,
                    0.25,
                    0.64259418
                ],
                "xyz": [
                    2.433380402314378,
                    0.91615363,
                    7.687653752746716
                ],
                "label": "Ba",
                "properties": {}
            },
            {
                "species": [
                    {
                        "element": "Ba",
                        "occu": 1
                    }
                ],
                "abc": [
                    0.60391841,
                    0.75,
                    0.35740582
                ],
                "xyz": [
                    3.7102537976856222,
                    2.74846089,
                    4.2758124472532835
                ],
                "label": "Ba",
                "properties": {}
            },
            {
                "species": [
                    {
                        "element": "Cd",
                        "occu": 1
                    }
                ],
                "abc": [
                    0.40603805,
                    0.75,
                    0.89341555
                ],
                "xyz": [
                    2.49454925048131,
                    2.74846089,
                    10.688346734979408
                ],
                "label": "Cd",
                "properties": {}
            },
            {
                "species": [
                    {
                        "element": "Cd",
                        "occu": 1
                    }
                ],
                "abc": [
                    0.90603805,
                    0.75,
                    0.60658445
                ],
                "xyz": [
                    5.56636635048131,
                    2.74846089,
                    7.25685256502059
                ],
                "label": "Cd",
                "properties": {}
            },
            {
                "species": [
                    {
                        "element": "Cd",
                        "occu": 1
                    }
                ],
                "abc": [
                    0.59396195,
                    0.25,
                    0.10658445
                ],
                "xyz": [
                    3.6490849495186897,
                    0.91615363,
                    1.27511946502059
                ],
                "label": "Cd",
                "properties": {}
            },
            {
                "species": [
                    {
                        "element": "Cd",
                        "occu": 1
                    }
                ],
                "abc": [
                    0.09396195,
                    0.25,
                    0.39341555
                ],
                "xyz": [
                    0.57726784951869,
                    0.91615363,
                    4.706613634979409
                ],
                "label": "Cd",
                "properties": {}
            },
            {
                "species": [
                    {
                        "element": "O",
                        "occu": 1
                    }
                ],
                "abc": [
                    0.77865756,
                    0.25,
                    0.51739546
                ],
                "xyz": [
                    4.783787215704552,
                    0.91615363,
                    6.189843097743452
                ],
                "label": "O",
                "properties": {}
            },
            {
                "species": [
                    {
                        "element": "O",
                        "occu": 1
                    }
                ],
                "abc": [
                    0.22134244,
                    0.75,
                    0.48260454
                ],
                "xyz": [
                    1.3598469842954481,
                    2.74846089,
                    5.773623102256548
                ],
                "label": "O",
                "properties": {}
            },
            {
                "species": [
                    {
                        "element": "O",
                        "occu": 1
                    }
                ],
                "abc": [
                    0.27865756,
                    0.25,
                    0.98260454
                ],
                "xyz": [
                    1.7119701157045522,
                    0.91615363,
                    11.755356202256547
                ],
                "label": "O",
                "properties": {}
            },
            {
                "species": [
                    {
                        "element": "O",
                        "occu": 1
                    }
                ],
                "abc": [
                    0.72134244,
                    0.75,
                    0.01739546
                ],
                "xyz": [
                    4.4316640842954484,
                    2.74846089,
                    0.208109997743452
                ],
                "label": "O",
                "properties": {}
            },
            {
                "species": [
                    {
                        "element": "O",
                        "occu": 1
                    }
                ],
                "abc": [
                    0.35562975,
                    0.25,
                    0.24878449
                ],
                "xyz": [
                    2.18485909463745,
                    0.91615363,
                    2.976324837199238
                ],
                "label": "O",