{
    "mp_id": "mp-772261",
    "nelements": 3,
    "nsites": 12,
    "elements": [
        "As",
        "La",
        "O"
    ],
    "structure": {
        "@module": "pymatgen.core.structure",
        "@class": "Structure",
        "charge": null,
        "lattice": {
            "matrix": [
                [
                    -3.69052771,
                    3.69052771,
                    3.27475684
                ],
                [
                    3.69052771,
                    -3.69052771,
                    3.27475684
                ],
                [
                    3.69052771,
                    3.69052771,
                    -3.27475684
                ]
            ],
            "a": 6.161495104086546,
            "b": 6.161495104086546,
            "c": 6.161495104086546,
            "alpha": 106.40820468437714,
            "beta": 106.40820468437714,
            "gamma": 115.7879885118864,
            "volume": 178.4086842437186
        },
        "sites": [
            {
                "species": [
                    {
                        "element": "La",
                        "occu": 1
                    }
                ],
                "abc": [
                    0.0,
                    0.0,
                    0.0
                ],
                "xyz": [
                    0.0,
                    0.0,
                    0.0
                ],
                "label": "La",
                "properties": {}
            },
            {
                "species": [
                    {
                        "element": "La",
                        "occu": 1
                    }
                ],
                "abc": [
                    0.75,
                    0.25,
                    0.5
                ],
                "xyz": [
                    -2.220446049250313e-16,
                    3.6905277100000005,
                    1.63737842
                ],
                "label": "La",
                "properties": {}
            },
            {
                "species": [
                    {
                        "element": "As",
                        "occu": 1
                    }
                ],
                "abc": [
                    0.5,
                    0.5,
                    0.0
                ],
                "xyz": [
                    0.0,
                    0.0,
                    3.27475684
                ],
                "label": "As",
                "properties": {}
            },
            {
                "species": [
                    {
                        "element": "As",
                        "occu": 1
                    }
                ],
                "abc": [
                    0.25,
                    0.75,
                    0.5
                ],
                "xyz": [
                    3.6905277100000005,
                    -2.220446049250313e-16,
                    1.63737842
                ],
                "label": "As",
                "properties": {}
            },
            {
                "species": [
                    {
                        "element": "O",
                        "occu": 1
                    }
                ],
                "abc": [
                    0.51180831,
                    0.33309851,
                    0.17870979
                ],
                "xyz": [
                    -3.690527716759817e-08,
                    1.3190669009918392,
                    2.1816332807801855
                ],
                "label": "O",
                "properties": {}
            },
            {
                "species": [
                    {
                        "element": "O",
                        "occu": 1
                    }
                ],
                "abc": [
                    0.66690149,
                    0.84561128,
                    0.17870979
                ],
                "xyz": [
                    1.3190668640865617,
                    1.1102230246251565e-16,
                    4.367880431967382
                ],
                "label": "O",
                "properties": {}
            },
            {
                "species": [
                    {
                        "element": "O",
                        "occu": 1
                    }
                ],
                "abc": [
                    0.08309851,
                    0.40438872,
                    0.32129021
                ],
                "xyz": [
                    2.3714608459134383,
                    0.0,
                    0.5442548280326165
                ],
                "label": "O",
                "properties": {}
            },
            {
                "species": [
                    {
                        "element": "O",
                        "occu": 1
                    }
                ],
                "abc": [
                    0.66690149,
                    0.48819169,
                    0.82129021
                ],
                "xyz": [
                    2.3714608090081613,
                    3.690527746905277,
                    1.0931235592198152
                ],
                "label": "O",
                "properties": {}
            },
            {
                "species": [
                    {
                        "element": "O",
                        "occu": 1
                    }
                ],
                "abc": [
                    0.59561128,
                    0.91690149,
                    0.67870979
                ],
                "xyz": [
                    3.6905277099999996,
                    1.3190668640865617,
                    2.7305020119673826
                ],
                "label": "O",
                "properties": {}
            },
            {
                "species": [
                    {
                        "element": "O",
                        "occu": 1
                    }
                ],
                "abc": [
                    0.23819169,
                    0.91690149,
                    0.32129021
                ],
                "xyz": [
                    3.6905277469052766,
                    -1.3190669009918385,
                    2.7305019792198144
                ],
                "label": "O",
                "properties": {}
            },
            {
                "species": [
                    {
                        "element": "O",
                        "occu": 1
                    }
                ],
                "abc": [
                    0.15438872,
                    0.33309851,
                    0.82129021
                ],
                "xyz": [
                    3.69052771,
                    2.3714608459134383,
                    -1.093123591967383
                ],
                "label": "O",
                "properties": {}
            },
            {
                "species": [
                    {
                        "element": "O",
                        "occu": 1
                    }
                ],
                "abc": [
                    0.08309851,
                    0.76180831,
                    0.67870979
                ],
                "xyz": [
                    5.009594610991838,
                    -3.690527750066508e-08,
                    0.5442548607801858
                ],
                "label": "O",
                "properties": {}
            }
        ]
    },
    "spacegroup": {
        "source": "spglib",
        "symbol": "I4_1/amd",
        "number": 141,
        "point_group": "4/mmm",
        "crystal_system": "tetragonal",
        "hall": "I 4bw 2bw -1bw"
    },