{
    "mp_id": "mp-7688",
    "nelements": 4,
    "nsites": 16,
    "elements": [
        "Cd",
        "Ge",
        "Li",
        "O"
    ],
    "structure": {
        "@module": "pymatgen.core.structure",
        "@class": "Structure",
        "charge": null,
        "lattice": {
            "matrix": [
                [
                    6.64935855,
                    0.0,
                    0.0
                ],
                [
                    0.0,
                    5.50167865,
                    0.0
                ],
                [
                    0.0,
                    0.0,
                    5.16954113
                ]
            ],
            "a": 6.64935855,
            "b": 5.50167865,
            "c": 5.16954113,
            "alpha": 90.0,
            "beta": 90.0,
            "gamma": 90.0,
            "volume": 189.1154309554237
        },
        "sites": [
            {
                "species": [
                    {
                        "element": "Li",
                        "occu": 1
                    }
                ],
                "abc": [
                    0.25030035,
                    0.33024425,
                    0.98821207
                ],
                "xyz": [
                    1.6643367723404925,
                    1.8168977395102626,
                    5.1086029410274385
                ],
                "label": "Li",
                "properties": {}
            },
            {
                "species": [
                    {
                        "element": "Li",
                        "occu": 1
                    }
                ],
                "abc": [
                    0.75030035,
                    0.66975575,
                    0.48821207
                ],
                "xyz": [
                    4.989016047340492,
                    3.6847809104897373,
                    2.523832376027439
                ],
                "label": "Li",
                "properties": {}
            },
            {
                "species": [
                    {
                        "element": "Li",
                        "occu": 1
                    }
                ],
                "abc": [
                    0.74969965,
                    0.33024425,
                    0.98821207
                ],
                "xyz": [
                    4.985021777659507,
                    1.8168977395102626,
                    5.1086029410274385
                ],
                "label": "Li",
                "properties": {}
            },
            {
                "species": [
                    {
                        "element": "Li",
                        "occu": 1
                    }
                ],
                "abc": [
                    0.24969965,
                    0.66975575,
                    0.48821207
                ],
                "xyz": [
                    1.6603425026595073,
                    3.6847809104897373,
                    2.523832376027439
                ],
                "label": "Li",
                "properties": {}
            },
            {
                "species": [
                    {
                        "element": "Cd",
                        "occu": 1
                    }
                ],
                "abc": [
                    0.5,
                    0.17861222,
                    0.49096789
                ],
                "xyz": [
                    3.324679275,
                    0.9826670374031029,
                    2.5380787008643155
                ],
                "label": "Cd",
                "properties": {}
            },
            {
                "species": [
                    {
                        "element": "Cd",
                        "occu": 1
                    }
                ],
                "abc": [
                    0.0,
                    0.82138778,
                    0.99096789
                ],
                "xyz": [
                    0.0,
                    4.519011612596897,
                    5.122849265864315
                ],
                "label": "Cd",
                "properties": {}
            },
            {
                "species": [
                    {
                        "element": "Ge",
                        "occu": 1
                    }
                ],
                "abc": [
                    0.0,
                    0.18428571,
                    0.48205656
                ],
                "xyz": [
                    0.0,
                    1.0138807562070913,
                    2.492011213906313
                ],
                "label": "Ge",
                "properties": {}
            },
            {
                "species": [
                    {
                        "element": "Ge",
                        "occu": 1
                    }
                ],
                "abc": [
                    0.5,
                    0.81571429,
                    0.98205656
                ],
                "xyz": [
                    3.324679275,
                    4.487797893792908,
                    5.076781778906312
                ],
                "label": "Ge",
                "properties": {}
            },
            {
                "species": [
                    {
                        "element": "O",
                        "occu": 1
                    }
                ],
                "abc": [
                    0.0,
                    0.86578572,
                    0.56356859
                ],
                "xyz": [
                    0.0,
                    4.763274811198878,
                    2.913391005581107
                ],
                "label": "O",
                "properties": {}
            },
            {
                "species": [
                    {
                        "element": "O",
                        "occu": 1
                    }
                ],
                "abc": [
                    0.0,
                    0.20287561,
                    0.13586079
                ],
                "xyz": [
                    0.0,
                    1.1161564121427265,
                    0.7023379418592928
                ],
                "label": "O",
                "properties": {}
            },
            {
                "species": [
                    {
                        "element": "O",
                        "occu": 1
                    }
                ],
                "abc": [
                    0.5,
                    0.13421428,
                    0.06356859
                ],
                "xyz": [
                    3.324679275,
                    0.7384038388011219,
                    0.3286204405811067
                ],
                "label": "O",
                "properties": {}
            },
            {
                "species": [
                    {
                        "element": "O",
                        "occu": 1
                    }
                ],
                "abc": [
                    0.5,
                    0.79712439,
                    0.63586079
                ],
                "xyz": [
                    3.324679275,
                    4.385522237857273,
                    3.2871085068592922
                ],
                "label": "O",
                "properties": {}
            },
            {
                "species": [
                    {
                        "element": "O",
                        "occu": 1
                    }
                ],
                "abc": [
                    0.28448075,
                    0.66313644,
                    0.11156151
                ],
                "xyz": [
                    1.8916145073229125,
                    3.648363593985006,
                    0.5767218144699063
                ],