{
    "mp_id": "mp-753401",
    "nelements": 3,
    "nsites": 16,
    "elements": [
        "O",
        "Sc",
        "Ti"
    ],
    "structure": {
        "@module": "pymatgen.core.structure",
        "@class": "Structure",
        "charge": null,
        "lattice": {
            "matrix": [
                [
                    1.93766402,
                    -5.05870003,
                    0.0
                ],
                [
                    1.93766402,
                    5.05870003,
                    0.0
                ],
                [
                    0.0,
                    0.0,
                    10.1813994
                ]
            ],
            "a": 5.417101424925009,
            "b": 5.417101424925009,
            "c": 10.1813994,
            "alpha": 90.0,
            "beta": 90.0,
            "gamma": 138.08272681394791,
            "volume": 199.59739670350365
        },
        "sites": [
            {
                "species": [
                    {
                        "element": "Sc",
                        "occu": 1
                    }
                ],
                "abc": [
                    0.63800655,
                    0.36199345,
                    0.56227519
                ],
                "xyz": [
                    1.9376640199999997,
                    -1.3962674772503925,
                    5.724748282100887
                ],
                "label": "Sc",
                "properties": {}
            },
            {
                "species": [
                    {
                        "element": "Sc",
                        "occu": 1
                    }
                ],
                "abc": [
                    0.69501473,
                    0.30498527,
                    0.25039746
                ],
                "xyz": [
                    1.93766402,
                    -1.9730420410028842,
                    2.5493965490055244
                ],
                "label": "Sc",
                "properties": {}
            },
            {
                "species": [
                    {
                        "element": "Sc",
                        "occu": 1
                    }
                ],
                "abc": [
                    0.30498527,
                    0.69501473,
                    0.75039746
                ],
                "xyz": [
                    1.93766402,
                    1.9730420410028842,
                    7.6400962490055235
                ],
                "label": "Sc",
                "properties": {}
            },
            {
                "species": [
                    {
                        "element": "Sc",
                        "occu": 1
                    }
                ],
                "abc": [
                    0.36199345,
                    0.63800655,
                    0.06227519
                ],
                "xyz": [
                    1.9376640199999997,
                    1.3962674772503925,
                    0.634048582100886
                ],
                "label": "Sc",
                "properties": {}
            },
            {
                "species": [
                    {
                        "element": "Ti",
                        "occu": 1
                    }
                ],
                "abc": [
                    0.6357814,
                    0.3642186,
                    0.94055651
                ],
                "xyz": [
                    1.9376640200000002,
                    -1.3737547445068843,
                    9.576181486580094
                ],
                "label": "Ti",
                "properties": {}
            },
            {
                "species": [
                    {
                        "element": "Ti",
                        "occu": 1
                    }
                ],
                "abc": [
                    0.3642186,
                    0.6357814,
                    0.44055651
                ],
                "xyz": [
                    1.9376640200000002,
                    1.3737547445068843,
                    4.485481786580094
                ],
                "label": "Ti",
                "properties": {}
            },
            {
                "species": [
                    {
                        "element": "O",
                        "occu": 1
                    }
                ],
                "abc": [
                    0.55209771,
                    0.44790229,
                    0.111386
                ],
                "xyz": [
                    1.93766402,
                    -0.5270933742798625,
                    1.1340653535684
                ],
                "label": "O",
                "properties": {}
            },
            {
                "species": [
                    {
                        "element": "O",
                        "occu": 1
                    }
                ],
                "abc": [
                    0.81331653,
                    0.18668347,
                    0.4298808
                ],
                "xyz": [
                    1.93766402,
                    -3.1699486794209912,
                    4.37678811919152
                ],
                "label": "O",
                "properties": {}
            },
            {
                "species": [
                    {
                        "element": "O",
                        "occu": 1
                    }
                ],
                "abc": [
                    0.72890188,
                    0.27109812,
                    0.75729755
                ],
                "xyz": [
                    1.93766402,
                    -2.3158918944461124,
                    7.71034882119147
                ],
                "label": "O",
                "properties": {}
            },
            {
                "species": [
                    {
                        "element": "O",
                        "occu": 1
                    }
                ],
                "abc": [
                    0.80043132,
                    0.19956868,
                    0.06715985
                ],
                "xyz": [
                    1.9376640199999997,
                    -3.0395838549938787,
                    0.6837812564940899
                ],
                "label": "O",
                "properties": {}
            },
            {
                "species": [
                    {
                        "element": "O",
                        "occu": 1
                    }
                ],
                "abc": [
                    0.54107458,
                    0.45892542,
                    0.38104363
                ],
                "xyz": [
                    1.93766402,
                    -0.41556795815647485,
                    3.879557385855822
                ],
                "label": "O",
                "properties": {}
            },
            {
                "species": [
                    {
                        "element": "O",
                        "occu": 1
                    }
                ],
                "abc": [
                    0.27109812,
                    0.72890188,
                    0.25729755
                ],
                "xyz": [
                    1.93766402,
                    2.3158918944461124,
                    2.61964912119147
                ],
                "label": "O",
                "properties": {}
            },
            {
                "species": [
                    {
                        "element": "O",
                        "occu": 1
                    }
                ],
                "abc": [
                    0.18668347,
                    0.81331653,
                    0.9298808
                ],