{
    "mp_id": "mp-7128",
    "nelements": 3,
    "nsites": 9,
    "elements": [
        "As",
        "Cd",
        "O"
    ],
    "structure": {
        "@module": "pymatgen.core.structure",
        "@class": "Structure",
        "charge": null,
        "lattice": {
            "matrix": [
                [
                    4.88015198,
                    0.0,
                    0.0
                ],
                [
                    -2.44007599,
                    4.2263357,
                    0.0
                ],
                [
                    0.0,
                    0.0,
                    4.88815441
                ]
            ],
            "a": 4.88015198,
            "b": 4.880152076121089,
            "c": 4.88815441,
            "alpha": 90.0,
            "beta": 90.0,
            "gamma": 119.99999934845064,
            "volume": 100.8189694236726
        },
        "sites": [
            {
                "species": [
                    {
                        "element": "Cd",
                        "occu": 1
                    }
                ],
                "abc": [
                    0.0,
                    0.0,
                    0.0
                ],
                "xyz": [
                    0.0,
                    0.0,
                    0.0
                ],
                "label": "Cd",
                "properties": {}
            },
            {
                "species": [
                    {
                        "element": "As",
                        "occu": 1
                    }
                ],
                "abc": [
                    0.666667,
                    0.333333,
                    0.5
                ],
                "xyz": [
                    2.44007843007599,
                    1.4087771578880999,
                    2.444077205
                ],
                "label": "As",
                "properties": {}
            },
            {
                "species": [
                    {
                        "element": "As",
                        "occu": 1
                    }
                ],
                "abc": [
                    0.333333,
                    0.666667,
                    0.5
                ],
                "xyz": [
                    -2.4400759901510582e-06,
                    2.8175585421119,
                    2.444077205
                ],
                "label": "As",
                "properties": {}
            },
            {
                "species": [
                    {
                        "element": "O",
                        "occu": 1
                    }
                ],
                "abc": [
                    0.62439973,
                    0.62439973,
                    0.71182038
                ],
                "xyz": [
                    1.5235827893354827,
                    2.638922869969361,
                    3.479487929624876
                ],
                "label": "O",
                "properties": {}
            },
            {
                "species": [
                    {
                        "element": "O",
                        "occu": 1
                    }
                ],
                "abc": [
                    0.37560027,
                    0.0,
                    0.71182038
                ],
                "xyz": [
                    1.8329864013290347,
                    0.0,
                    3.479487929624876
                ],
                "label": "O",
                "properties": {}
            },
            {
                "species": [
                    {
                        "element": "O",
                        "occu": 1
                    }
                ],
                "abc": [
                    0.0,
                    0.37560027,
                    0.71182038
                ],
                "xyz": [
                    -0.9164932006645173,
                    1.587412830030639,
                    3.479487929624876
                ],
                "label": "O",
                "properties": {}
            },
            {
                "species": [
                    {
                        "element": "O",
                        "occu": 1
                    }
                ],
                "abc": [
                    0.62439973,
                    0.0,
                    0.28817962
                ],
                "xyz": [
                    3.0471655786709655,
                    0.0,
                    1.4086664803751243
                ],
                "label": "O",
                "properties": {}
            },
            {
                "species": [
                    {
                        "element": "O",
                        "occu": 1
                    }
                ],
                "abc": [
                    0.0,
                    0.62439973,
                    0.28817962
                ],
                "xyz": [
                    -1.5235827893354827,
                    2.638922869969361,
                    1.4086664803751243
                ],
                "label": "O",
                "properties": {}
            },
            {
                "species": [
                    {
                        "element": "O",
                        "occu": 1
                    }
                ],
                "abc": [
                    0.37560027,
                    0.37560027,
                    0.28817962
                ],
                "xyz": [
                    0.9164932006645173,
                    1.587412830030639,
                    1.4086664803751243
                ],
                "label": "O",
                "properties": {}
            }
        ]
    },
    "spacegroup": {
        "source": "spglib",
        "symbol": "P-31m",
        "number": 162,
        "point_group": "-3m",
        "crystal_system": "trigonal",
        "hall": "-P 3 2"
    },
    "dielectric": {
        "epsilon_ionic": [
            [
                7.60540286,
                -0.0,
                3.207e-05
            ],
            [
                -0.0,
                7.60529908,
                1e-08
            ],
            [
                3.207e-05,
                1e-08,
                5.33465692
            ]
        ],
        "epsilon_ionic_avg": 6.848452953333333,
        "epsilon_ionic_eig": [
            5.334656919547072,
            7.605402860452928,
            7.60529908
        ],
        "epsilon_electronic": [
            [
                4.38453718,
                0.0,
                -0.0
            ],
            [
                0.0,
                4.384538,
                0.0
            ],
            [
                0.0,
                -0.0,
                3.73151205
            ]
        ],
        "epsilon_electronic_avg": 4.16686241,
        "epsilon_electronic_eig": [
            4.38453718,
            4.384538,
            3.73151205
        ]
    },
    "phonon": {
        "lowest_freq": -0.03349299369712889,