{
    "mp_id": "mp-7020",
    "nelements": 3,
    "nsites": 16,
    "elements": [
        "Li",
        "O",
        "Y"
    ],
    "structure": {
        "@module": "pymatgen.core.structure",
        "@class": "Structure",
        "charge": null,
        "lattice": {
            "matrix": [
                [
                    6.14466254,
                    0.0,
                    0.00052616
                ],
                [
                    0.0,
                    6.10561535,
                    0.0
                ],
                [
                    -3.05496956,
                    0.0,
                    5.43541772
                ]
            ],
            "a": 6.144662562527221,
            "b": 6.10561535,
            "c": 6.2351106488511165,
            "alpha": 90.0,
            "beta": 119.33320180265173,
            "gamma": 90.0,
            "volume": 203.93008686301678
        },
        "sites": [
            {
                "species": [
                    {
                        "element": "Li",
                        "occu": 1
                    }
                ],
                "abc": [
                    0.29147087,
                    0.65540775,
                    0.06501198
                ],
                "xyz": [
                    1.5923805164548808,
                    4.001667618908962,
                    0.3535206284172448
                ],
                "label": "Li",
                "properties": {}
            },
            {
                "species": [
                    {
                        "element": "Li",
                        "occu": 1
                    }
                ],
                "abc": [
                    0.70852913,
                    0.15540775,
                    0.43498802
                ],
                "xyz": [
                    3.0247972435451187,
                    0.9488599439089626,
                    2.364714391582755
                ],
                "label": "Li",
                "properties": {}
            },
            {
                "species": [
                    {
                        "element": "Li",
                        "occu": 1
                    }
                ],
                "abc": [
                    0.70852913,
                    0.34459225,
                    0.93498802
                ],
                "xyz": [
                    1.4973124635451183,
                    2.1039477310910373,
                    5.082423251582755
                ],
                "label": "Li",
                "properties": {}
            },
            {
                "species": [
                    {
                        "element": "Li",
                        "occu": 1
                    }
                ],
                "abc": [
                    0.29147087,
                    0.84459225,
                    0.56501198
                ],
                "xyz": [
                    0.064895736454881,
                    5.156755406091038,
                    3.0712294884172446
                ],
                "label": "Li",
                "properties": {}
            },
            {
                "species": [
                    {
                        "element": "Y",
                        "occu": 1
                    }
                ],
                "abc": [
                    0.23337506,
                    0.1307842,
                    0.9781237
                ],
                "xyz": [
                    -1.5541271404623198,
                    0.7985180190574699,
                    5.316633683953534
                ],
                "label": "Y",
                "properties": {}
            },
            {
                "species": [
                    {
                        "element": "Y",
                        "occu": 1
                    }
                ],
                "abc": [
                    0.23337506,
                    0.3692158,
                    0.4781237
                ],
                "xyz": [
                    -0.026642360462319603,
                    2.25428965594253,
                    2.5989248239535336
                ],
                "label": "Y",
                "properties": {}
            },
            {
                "species": [
                    {
                        "element": "Y",
                        "occu": 1
                    }
                ],
                "abc": [
                    0.76662494,
                    0.8692158,
                    0.0218763
                ],
                "xyz": [
                    4.643820120462319,
                    5.30709733094253,
                    0.11931019604646641
                ],
                "label": "Y",
                "properties": {}
            },
            {
                "species": [
                    {
                        "element": "Y",
                        "occu": 1
                    }
                ],
                "abc": [
                    0.76662494,
                    0.6307842,
                    0.5218763
                ],
                "xyz": [
                    3.1163353404623195,
                    3.85132569405747,
                    2.8370190560464663
                ],
                "label": "Y",
                "properties": {}
            },
            {
                "species": [
                    {
                        "element": "O",
                        "occu": 1
                    }
                ],
                "abc": [
                    0.45359308,
                    0.39149676,
                    0.26402625
                ],
                "xyz": [
                    1.9805842502882727,
                    2.390328627331266,
                    1.435331620330123
                ],
                "label": "O",
                "properties": {}
            },
            {
                "species": [
                    {
                        "element": "O",
                        "occu": 1
                    }
                ],
                "abc": [
                    0.98833038,
                    0.17241385,
                    0.15382676
                ],
                "xyz": [
                    5.603020593816539,
                    1.0526926491125976,
                    0.836632717026928
                ],
                "label": "O",
                "properties": {}
            },
            {
                "species": [
                    {
                        "element": "O",
                        "occu": 1
                    }
                ],
                "abc": [
                    0.54640692,
                    0.89149676,
                    0.23597375
                ],
                "xyz": [
                    2.6365935097117266,
                    5.443136302331266,
                    1.282903399669877
                ],
                "label": "O",
                "properties": {}
            },
            {
                "species": [
                    {
                        "element": "O",
                        "occu": 1
                    }
                ],
                "abc": [
                    0.54640692,
                    0.60850324,
                    0.73597375
                ],
                "xyz": [
                    1.109108729711727,
                    3.715286722668734,
                    4.000612259669878
                ],
                "label": "O",
                "properties": {}
            },
            {
                "species": [
                    {
                        "element": "O",
                        "occu": 1
                    }
                ],
                "abc": [
                    0.01166962,
                    0.82758615,
                    0.84617324
                ],