{
    "mp_id": "mp-755013",
    "nelements": 3,
    "nsites": 11,
    "elements": [
        "Li",
        "O",
        "Ta"
    ],
    "structure": {
        "@module": "pymatgen.core.structure",
        "@class": "Structure",
        "charge": null,
        "lattice": {
            "matrix": [
                [
                    4.86914553,
                    -2.00403682,
                    0.00057758
                ],
                [
                    4.86914553,
                    2.00403682,
                    0.00057758
                ],
                [
                    -1.85710492,
                    0.0,
                    5.5069026
                ]
            ],
            "a": 5.265428957058803,
            "b": 5.265428957058803,
            "c": 5.811610355983526,
            "alpha": 107.18134801681316,
            "beta": 107.18134801681316,
            "gamma": 44.74204860632692,
            "volume": 107.47642574015885
        },
        "sites": [
            {
                "species": [
                    {
                        "element": "Li",
                        "occu": 1
                    }
                ],
                "abc": [
                    0.2861071,
                    0.2861071,
                    0.65362165
                ],
                "xyz": [
                    1.572350232099008,
                    0.0,
                    3.5997612632789266
                ],
                "label": "Li",
                "properties": {}
            },
            {
                "species": [
                    {
                        "element": "Li",
                        "occu": 1
                    }
                ],
                "abc": [
                    0.30816126,
                    0.30816126,
                    0.13976337
                ],
                "xyz": [
                    2.7414088012335553,
                    0.0,
                    0.7700192411988636
                ],
                "label": "Li",
                "properties": {}
            },
            {
                "species": [
                    {
                        "element": "Li",
                        "occu": 1
                    }
                ],
                "abc": [
                    0.0,
                    0.0,
                    0.5
                ],
                "xyz": [
                    -0.92855246,
                    0.0,
                    2.7534513
                ],
                "label": "Li",
                "properties": {}
            },
            {
                "species": [
                    {
                        "element": "Li",
                        "occu": 1
                    }
                ],
                "abc": [
                    0.69183874,
                    0.69183874,
                    0.86023663
                ],
                "xyz": [
                    5.139777338766445,
                    0.0,
                    4.738038518801137
                ],
                "label": "Li",
                "properties": {}
            },
            {
                "species": [
                    {
                        "element": "Li",
                        "occu": 1
                    }
                ],
                "abc": [
                    0.7138929,
                    0.7138929,
                    0.34637835
                ],
                "xyz": [
                    6.308835907900993,
                    0.0,
                    1.908296496721074
                ],
                "label": "Li",
                "properties": {}
            },
            {
                "species": [
                    {
                        "element": "Ta",
                        "occu": 1
                    }
                ],
                "abc": [
                    0.0,
                    0.0,
                    0.0
                ],
                "xyz": [
                    0.0,
                    0.0,
                    0.0
                ],
                "label": "Ta",
                "properties": {}
            },
            {
                "species": [
                    {
                        "element": "O",
                        "occu": 1
                    }
                ],
                "abc": [
                    0.1461944,
                    0.1461944,
                    0.82606121
                ],
                "xyz": [
                    -0.11039871877008922,
                    0.0,
                    4.54920750303125
                ],
                "label": "O",
                "properties": {}
            },
            {
                "species": [
                    {
                        "element": "O",
                        "occu": 1
                    }
                ],
                "abc": [
                    0.15705484,
                    0.15705484,
                    0.31853133
                ],
                "xyz": [
                    0.9378996441845868,
                    0.0,
                    1.7543024328274324
                ],
                "label": "O",
                "properties": {}
            },
            {
                "species": [
                    {
                        "element": "O",
                        "occu": 1
                    }
                ],
                "abc": [
                    0.5,
                    0.5,
                    0.0
                ],
                "xyz": [
                    4.86914553,
                    0.0,
                    0.00057758
                ],
                "label": "O",
                "properties": {}
            },
            {
                "species": [
                    {
                        "element": "O",
                        "occu": 1
                    }
                ],
                "abc": [
                    0.84294516,
                    0.84294516,
                    0.68146867
                ],
                "xyz": [
                    6.943286495815413,
                    0.0,
                    3.7537553271725677
                ],
                "label": "O",
                "properties": {}
            },
            {
                "species": [
                    {
                        "element": "O",
                        "occu": 1
                    }
                ],
                "abc": [
                    0.8538056,
                    0.8538056,
                    0.17393879
                ],
                "xyz": [
                    7.991584858770088,
                    0.0,
                    0.95885025696875
                ],
                "label": "O",
                "properties": {}
            }
        ]
    },
    "spacegroup": {
        "source": "spglib",
        "symbol": "C2/m",
        "number": 12,
        "point_group": "2/m",
        "crystal_system": "monoclinic",
        "hall": "-C 2y"
    },
    "dielectric": {
        "epsilon_ionic": [
            [
                10.41598655,
                -0.0,
                -0.01764148
            ],
            [
                -0.0,
                13.46097877,
                1e-08
            ],
            [
                -0.01764148,
                1e-08,
                7.41350415
            ]
        ],
        "epsilon_ionic_avg": 10.430156489999998,
        "epsilon_ionic_eig": [
            10.41609020125637,
            7.4134004987436235,
            13.46097877
        ],
        "epsilon_electronic": [
            [
                3.46932112,
                0.0,
                0.04228591
            ],
            [
                0.0,
                3.64612732,
                0.0
            ],
            [
                0.04228022,
                0.0,
                3.40800326
            ]
        ],