{
    "mp_id": "mp-8314",
    "nelements": 4,
    "nsites": 16,
    "elements": [
        "As",
        "Cs",
        "Na",
        "O"
    ],
    "structure": {
        "@module": "pymatgen.core.structure",
        "@class": "Structure",
        "charge": null,
        "lattice": {
            "matrix": [
                [
                    6.02923276,
                    0.0,
                    0.00229328
                ],
                [
                    0.0,
                    6.1255884,
                    0.0
                ],
                [
                    -0.35776972,
                    0.0,
                    8.20812411
                ]
            ],
            "a": 6.029233196136171,
            "b": 6.1255884,
            "c": 8.215917512835203,
            "alpha": 90.0,
            "beta": 92.4739938273457,
            "gamma": 90.0,
            "volume": 303.15237602426413
        },
        "sites": [
            {
                "species": [
                    {
                        "element": "Cs",
                        "occu": 1
                    }
                ],
                "abc": [
                    0.8375942,
                    0.75,
                    0.81375149
                ],
                "xyz": [
                    4.758914747499109,
                    4.5941913,
                    6.6812940626444
                ],
                "label": "Cs",
                "properties": {}
            },
            {
                "species": [
                    {
                        "element": "Cs",
                        "occu": 1
                    }
                ],
                "abc": [
                    0.1624058,
                    0.25,
                    0.18624851
                ],
                "xyz": [
                    0.9125482925008908,
                    1.5313971,
                    1.5291233273556002
                ],
                "label": "Cs",
                "properties": {}
            },
            {
                "species": [
                    {
                        "element": "Cs",
                        "occu": 1
                    }
                ],
                "abc": [
                    0.29908098,
                    0.75,
                    0.5093351
                ],
                "xyz": [
                    1.6210041663957329,
                    4.5941913,
                    4.181371590809076
                ],
                "label": "Cs",
                "properties": {}
            },
            {
                "species": [
                    {
                        "element": "Cs",
                        "occu": 1
                    }
                ],
                "abc": [
                    0.70091902,
                    0.25,
                    0.4906649
                ],
                "xyz": [
                    4.050458873604267,
                    1.5313971,
                    4.029045799190924
                ],
                "label": "Cs",
                "properties": {}
            },
            {
                "species": [
                    {
                        "element": "Na",
                        "occu": 1
                    }
                ],
                "abc": [
                    0.6371846,
                    0.25,
                    0.97618168
                ],
                "xyz": [
                    3.4924860181647666,
                    1.5313971,
                    8.014081626047794
                ],
                "label": "Na",
                "properties": {}
            },
            {
                "species": [
                    {
                        "element": "Na",
                        "occu": 1
                    }
                ],
                "abc": [
                    0.3628154,
                    0.75,
                    0.02381832
                ],
                "xyz": [
                    2.178977021835234,
                    4.5941913,
                    0.19633576395220723
                ],
                "label": "Na",
                "properties": {}
            },
            {
                "species": [
                    {
                        "element": "As",
                        "occu": 1
                    }
                ],
                "abc": [
                    0.78817993,
                    0.75,
                    0.24083316
                ],
                "xyz": [
                    4.665957442510591,
                    4.5941913,
                    1.9785959843533578
                ],
                "label": "As",
                "properties": {}
            },
            {
                "species": [
                    {
                        "element": "As",
                        "occu": 1
                    }
                ],
                "abc": [
                    0.21182007,
                    0.25,
                    0.75916684
                ],
                "xyz": [
                    1.0055055974894083,
                    1.5313971,
                    6.2318214056466426
                ],
                "label": "As",
                "properties": {}
            },
            {
                "species": [
                    {
                        "element": "O",
                        "occu": 1
                    }
                ],
                "abc": [
                    0.35521296,
                    0.02479061,
                    0.83295449
                ],
                "xyz": [
                    1.843655720548527,
                    0.151857073044924,
                    6.837808434678663
                ],
                "label": "O",
                "properties": {}
            },
            {
                "species": [
                    {
                        "element": "O",
                        "occu": 1
                    }
                ],
                "abc": [
                    0.64478704,
                    0.52479061,
                    0.16704551
                ],
                "xyz": [
                    3.8278073194514732,
                    3.2146512730449244,
                    1.3726089553213374
                ],
                "label": "O",
                "properties": {}
            },
            {
                "species": [
                    {
                        "element": "O",
                        "occu": 1
                    }
                ],
                "abc": [
                    0.64478704,
                    0.97520939,
                    0.16704551
                ],
                "xyz": [
                    3.8278073194514732,
                    5.973731326955075,
                    1.3726089553213374
                ],
                "label": "O",
                "properties": {}
            },
            {
                "species": [
                    {
                        "element": "O",
                        "occu": 1
                    }
                ],
                "abc": [
                    0.35521296,
                    0.47520939,
                    0.83295449
                ],
                "xyz": [
                    1.843655720548527,
                    2.910937126955076,
                    6.837808434678663
                ],
                "label": "O",
                "properties": {}
            },
            {
                "species": [
                    {
                        "element": "O",
                        "occu": 1
                    }
                ],
                "abc": [
                    0.94638865,
                    0.25,
                    0.82838683
                ],