{
    "mp_id": "mp-8208",
    "nelements": 3,
    "nsites": 10,
    "elements": [
        "Mg",
        "O",
        "Pt"
    ],
    "structure": {
        "@module": "pymatgen.core.structure",
        "@class": "Structure",
        "charge": null,
        "lattice": {
            "matrix": [
                [
                    3.5301727,
                    -4.92807272,
                    0.0
                ],
                [
                    3.5301727,
                    4.92807272,
                    0.0
                ],
                [
                    0.0,
                    0.0,
                    3.15228564
                ]
            ],
            "a": 6.062014518741562,
            "b": 6.062014518741562,
            "c": 3.15228564,
            "alpha": 90.0,
            "beta": 90.0,
            "gamma": 108.76896507907472,
            "volume": 109.68029733192674
        },
        "sites": [
            {
                "species": [
                    {
                        "element": "Mg",
                        "occu": 1
                    }
                ],
                "abc": [
                    0.5,
                    0.5,
                    0.0
                ],
                "xyz": [
                    3.5301727,
                    0.0,
                    0.0
                ],
                "label": "Mg",
                "properties": {}
            },
            {
                "species": [
                    {
                        "element": "Pt",
                        "occu": 1
                    }
                ],
                "abc": [
                    0.5,
                    0.0,
                    0.5
                ],
                "xyz": [
                    1.76508635,
                    -2.46403636,
                    1.57614282
                ],
                "label": "Pt",
                "properties": {}
            },
            {
                "species": [
                    {
                        "element": "Pt",
                        "occu": 1
                    }
                ],
                "abc": [
                    0.0,
                    0.0,
                    0.0
                ],
                "xyz": [
                    0.0,
                    0.0,
                    0.0
                ],
                "label": "Pt",
                "properties": {}
            },
            {
                "species": [
                    {
                        "element": "Pt",
                        "occu": 1
                    }
                ],
                "abc": [
                    0.0,
                    0.5,
                    0.5
                ],
                "xyz": [
                    1.76508635,
                    2.46403636,
                    1.57614282
                ],
                "label": "Pt",
                "properties": {}
            },
            {
                "species": [
                    {
                        "element": "O",
                        "occu": 1
                    }
                ],
                "abc": [
                    0.08570894,
                    0.3398678,
                    0.0
                ],
                "xyz": [
                    1.502359389302998,
                    1.2525133445122993,
                    0.0
                ],
                "label": "O",
                "properties": {}
            },
            {
                "species": [
                    {
                        "element": "O",
                        "occu": 1
                    }
                ],
                "abc": [
                    0.91429106,
                    0.6601322,
                    0.0
                ],
                "xyz": [
                    5.557986010697002,
                    -1.2525133445122996,
                    0.0
                ],
                "label": "O",
                "properties": {}
            },
            {
                "species": [
                    {
                        "element": "O",
                        "occu": 1
                    }
                ],
                "abc": [
                    0.3398678,
                    0.08570894,
                    0.0
                ],
                "xyz": [
                    1.502359389302998,
                    -1.2525133445122993,
                    0.0
                ],
                "label": "O",
                "properties": {}
            },
            {
                "species": [
                    {
                        "element": "O",
                        "occu": 1
                    }
                ],
                "abc": [
                    0.6601322,
                    0.91429106,
                    0.0
                ],
                "xyz": [
                    5.557986010697002,
                    1.2525133445122996,
                    0.0
                ],
                "label": "O",
                "properties": {}
            },
            {
                "species": [
                    {
                        "element": "O",
                        "occu": 1
                    }
                ],
                "abc": [
                    0.64970574,
                    0.35029426,
                    0.5
                ],
                "xyz": [
                    3.5301727000000005,
                    -1.4755215466428255,
                    1.57614282
                ],
                "label": "O",
                "properties": {}
            },
            {
                "species": [
                    {
                        "element": "O",
                        "occu": 1
                    }
                ],
                "abc": [
                    0.35029426,
                    0.64970574,
                    0.5
                ],
                "xyz": [
                    3.5301727000000005,
                    1.4755215466428255,
                    1.57614282
                ],
                "label": "O",
                "properties": {}
            }
        ]
    },
    "spacegroup": {
        "source": "spglib",
        "symbol": "Cmmm",
        "number": 65,
        "point_group": "mmm",
        "crystal_system": "orthorhombic",
        "hall": "-C 2 2"
    },
    "dielectric": {
        "epsilon_ionic": [
            [
                3.28693432,
                1e-08,
                7e-08
            ],
            [
                1e-08,
                3.29527381,
                2e-08
            ],
            [
                7e-08,
                2e-08,
                4.1075497
            ]
        ],
        "epsilon_ionic_avg": 3.5632526099999997,
        "epsilon_ionic_eig": [
            3.2869343199999816,
            4.107549700000007,
            3.2952738100000114
        ],
        "epsilon_electronic": [
            [
                8.30087862,
                0.0,
                0.0
            ],
            [
                0.0,
                7.89336305,
                0.0
            ],
            [
                0.0,
                0.0,
                12.21049762
            ]
        ],
        "epsilon_electronic_avg": 9.46824643,
        "epsilon_electronic_eig": [
            8.30087862,
            7.89336305,
            12.21049762
        ]
    },
    "phonon": {
        "lowest_freq": -0.018122431365388665,