{
    "mp_id": "mp-8070",
    "nelements": 4,
    "nsites": 16,
    "elements": [
        "Be",
        "Li",
        "O",
        "Si"
    ],
    "structure": {
        "@module": "pymatgen.core.structure",
        "@class": "Structure",
        "charge": null,
        "lattice": {
            "matrix": [
                [
                    4.70433576,
                    0.0,
                    7.96e-06
                ],
                [
                    0.0,
                    4.94558272,
                    0.0
                ],
                [
                    -4.70483842,
                    0.0,
                    6.10118946
                ]
            ],
            "a": 4.704335760006734,
            "b": 4.94558272,
            "c": 7.704545241941485,
            "alpha": 90.0,
            "beta": 127.63696353347413,
            "gamma": 90.0,
            "volume": 141.9485168390798
        },
        "sites": [
            {
                "species": [
                    {
                        "element": "Li",
                        "occu": 1
                    }
                ],
                "abc": [
                    0.49793362,
                    0.17617296,
                    0.49956774
                ],
                "xyz": [
                    -0.007938561872319116,
                    0.8712779467072511,
                    3.0479613933956355
                ],
                "label": "Li",
                "properties": {}
            },
            {
                "species": [
                    {
                        "element": "Li",
                        "occu": 1
                    }
                ],
                "abc": [
                    0.49793362,
                    0.82382704,
                    0.99956774
                ],
                "xyz": [
                    -2.3603577718723194,
                    4.074304773292749,
                    6.098556123395635
                ],
                "label": "Li",
                "properties": {}
            },
            {
                "species": [
                    {
                        "element": "Li",
                        "occu": 1
                    }
                ],
                "abc": [
                    0.24528421,
                    0.33468458,
                    0.7471086
                ],
                "xyz": [
                    -2.361125964726062,
                    1.6552102754984577,
                    4.558253068257668
                ],
                "label": "Li",
                "properties": {}
            },
            {
                "species": [
                    {
                        "element": "Li",
                        "occu": 1
                    }
                ],
                "abc": [
                    0.24528421,
                    0.66531542,
                    0.2471086
                ],
                "xyz": [
                    -0.008706754726062194,
                    3.2903724445015423,
                    1.5076583382576676
                ],
                "label": "Li",
                "properties": {}
            },
            {
                "species": [
                    {
                        "element": "Be",
                        "occu": 1
                    }
                ],
                "abc": [
                    0.75696502,
                    0.32059687,
                    0.2484255
                ],
                "xyz": [
                    2.392215775747405,
                    1.5855383403580863,
                    1.5156970676367891
                ],
                "label": "Be",
                "properties": {}
            },
            {
                "species": [
                    {
                        "element": "Be",
                        "occu": 1
                    }
                ],
                "abc": [
                    0.75696502,
                    0.67940313,
                    0.7484255
                ],
                "xyz": [
                    0.039796565747405754,
                    3.3600443796419133,
                    4.566291797636788
                ],
                "label": "Be",
                "properties": {}
            },
            {
                "species": [
                    {
                        "element": "Si",
                        "occu": 1
                    }
                ],
                "abc": [
                    0.00594227,
                    0.17921902,
                    0.99724569
                ],
                "xyz": [
                    -4.663925403234835,
                    0.8863424884073344,
                    6.0843849401588965
                ],
                "label": "Si",
                "properties": {}
            },
            {
                "species": [
                    {
                        "element": "Si",
                        "occu": 1
                    }
                ],
                "abc": [
                    0.00594227,
                    0.82078098,
                    0.49724569
                ],
                "xyz": [
                    -2.3115061932348344,
                    4.059240231592666,
                    3.0337902101588967
                ],
                "label": "Si",
                "properties": {}
            },
            {
                "species": [
                    {
                        "element": "O",
                        "occu": 1
                    }
                ],
                "abc": [
                    0.38364628,
                    0.19955299,
                    0.02784647
                ],
                "xyz": [
                    1.6737877722775956,
                    0.9869058190683329,
                    0.169899643086595
                ],
                "label": "O",
                "properties": {}
            },
            {
                "species": [
                    {
                        "element": "O",
                        "occu": 1
                    }
                ],
                "abc": [
                    0.07267333,
                    0.69959262,
                    0.71752749
                ],
                "xyz": [
                    -3.033971157240885,
                    3.4598931725115265,
                    4.377771737727962
                ],
                "label": "O",
                "properties": {}
            },
            {
                "species": [
                    {
                        "element": "O",
                        "occu": 1
                    }
                ],
                "abc": [
                    0.88445296,
                    0.85992719,
                    0.96661552
                ],
                "xyz": [
                    -0.38700614809842815,
                    4.252841051322156,
                    5.8975114627419805
                ],
                "label": "O",
                "properties": {}
            },
            {
                "species": [
                    {
                        "element": "O",
                        "occu": 1
                    }
                ],
                "abc": [
                    0.38364628,
                    0.80044701,
                    0.52784647
                ],
                "xyz": [
                    -0.6786314377224041,
                    3.958676900931667,
                    3.2204943730865945
                ],
                "label": "O",
                "properties": {}
            },
            {
                "species": [
                    {
                        "element": "O",
                        "occu": 1
                    }
                ],