{
    "mp_id": "mp-8175",
    "nelements": 3,
    "nsites": 4,
    "elements": [
        "K",
        "O",
        "Tl"
    ],
    "structure": {
        "@module": "pymatgen.core.structure",
        "@class": "Structure",
        "charge": null,
        "lattice": {
            "matrix": [
                [
                    1.72834615,
                    0.99786155,
                    6.11657771
                ],
                [
                    -1.72834615,
                    0.99786155,
                    6.11657771
                ],
                [
                    0.0,
                    -1.99572309,
                    6.11657771
                ]
            ],
            "a": 6.433928113497777,
            "b": 6.433928113497777,
            "c": 6.433928312813875,
            "alpha": 31.165530883120127,
            "beta": 31.165530883120127,
            "gamma": 31.165521008672897,
            "volume": 63.29374044583001
        },
        "sites": [
            {
                "species": [
                    {
                        "element": "K",
                        "occu": 1
                    }
                ],
                "abc": [
                    0.5,
                    0.5,
                    0.5
                ],
                "xyz": [
                    0.0,
                    4.999999969612645e-09,
                    9.174866564999999
                ],
                "label": "K",
                "properties": {}
            },
            {
                "species": [
                    {
                        "element": "Tl",
                        "occu": 1
                    }
                ],
                "abc": [
                    0.0,
                    0.0,
                    0.0
                ],
                "xyz": [
                    0.0,
                    0.0,
                    0.0
                ],
                "label": "Tl",
                "properties": {}
            },
            {
                "species": [
                    {
                        "element": "O",
                        "occu": 1
                    }
                ],
                "abc": [
                    0.73166518,
                    0.73166518,
                    0.73166518
                ],
                "xyz": [
                    0.0,
                    7.316651728928036e-09,
                    13.425860793513415
                ],
                "label": "O",
                "properties": {}
            },
            {
                "species": [
                    {
                        "element": "O",
                        "occu": 1
                    }
                ],
                "abc": [
                    0.26833482,
                    0.26833482,
                    0.26833482
                ],
                "xyz": [
                    0.0,
                    2.683348210297254e-09,
                    4.9238723364865855
                ],
                "label": "O",
                "properties": {}
            }
        ]
    },
    "spacegroup": {
        "source": "spglib",
        "symbol": "R-3m",
        "number": 166,
        "point_group": "-3m",
        "crystal_system": "trigonal",
        "hall": "-R 3 2\""
    },
    "dielectric": {
        "epsilon_ionic": [
            [
                9.94066606,
                3e-08,
                0.0
            ],
            [
                3e-08,
                9.94058657,
                -2.196e-05
            ],
            [
                0.0,
                -2.196e-05,
                4.4640988
            ]
        ],
        "epsilon_ionic_avg": 8.115117143333334,
        "epsilon_ionic_eig": [
            9.94066606001132,
            9.940586570076736,
            4.464098799911944
        ],
        "epsilon_electronic": [
            [
                5.57165636,
                0.0,
                0.0
            ],
            [
                -0.0,
                5.57165977,
                -2.1e-07
            ],
            [
                0.0,
                -2.1e-07,
                3.87697417
            ]
        ],
        "epsilon_electronic_avg": 5.006763433333334,
        "epsilon_electronic_eig": [
            3.876974169999974,
            5.571659770000026,
            5.57165636
        ]
    },
    "phonon": {
        "lowest_freq": -0.006630835308077397,
        "frequency": [
            -0.006630835308077397,
            -0.0066308332808804205,
            -0.005672258090095442,
            3.147781375291244,
            3.1477823380522505,
            5.664574452102458,
            6.859825617116089,
            6.859827719152839,
            7.667197802731847,
            7.66720014562261,
            9.64047676181564,
            12.31125504312679
        ]
    },
    "born_effective_charge": {
        "avg_abs_trace": 2.1646225,
        "tensors": [
            [
                [
                    1.03151,
                    -0.0,
                    0.0
                ],
                [
                    0.0,
                    1.03146,
                    -2e-05
                ],
                [
                    0.0,
                    -0.0,
                    1.70905
                ]
            ],
            [
                [
                    3.81848,
                    -0.0,
                    -0.0
                ],
                [
                    0.0,
                    3.81851,
                    1e-05
                ],
                [
                    -0.0,
                    0.0,
                    1.57872
                ]
            ],
            [
                [
                    -2.425,
                    -0.00048,
                    -0.00015
                ],
                [
                    0.0,
                    -2.42501,
                    -0.0
                ],
                [
                    -0.0,
                    0.0,
                    -1.64389
                ]
            ],
            [
                [
                    -2.425,
                    0.00048,
                    0.00015
                ],
                [
                    0.0,
                    -2.42496,
                    1e-05
                ],
                [
                    0.0,
                    0.0,
                    -1.64388
                ]
            ]
        ]
    },
    "band_gap": 0.8886000000000003,
    "is_direct": false,
    "formula": "KTlO2"
}