{
    "mp_id": "mp-8710",
    "nelements": 3,
    "nsites": 13,
    "elements": [
        "Ca",
        "O",
        "Pt"
    ],
    "structure": {
        "@module": "pymatgen.core.structure",
        "@class": "Structure",
        "charge": null,
        "lattice": {
            "matrix": [
                [
                    3.08674782,
                    1.78213515,
                    5.09084621
                ],
                [
                    -3.08674782,
                    1.78213515,
                    5.09084621
                ],
                [
                    0.0,
                    -3.5642693,
                    5.09084621
                ]
            ],
            "a": 6.214558144471064,
            "b": 6.214558144471064,
            "c": 6.214557971150792,
            "alpha": 59.56333717219106,
            "beta": 59.56333717219106,
            "gamma": 59.56333261835304,
            "volume": 168.0284932304358
        },
        "sites": [
            {
                "species": [
                    {
                        "element": "Ca",
                        "occu": 1
                    }
                ],
                "abc": [
                    0.85485392,
                    0.85485392,
                    0.85485392
                ],
                "xyz": [
                    0.0,
                    8.548539200958771e-07,
                    13.055789516206929
                ],
                "label": "Ca",
                "properties": {}
            },
            {
                "species": [
                    {
                        "element": "Ca",
                        "occu": 1
                    }
                ],
                "abc": [
                    0.14514608,
                    0.14514608,
                    0.14514608
                ],
                "xyz": [
                    0.0,
                    1.4514608004390084e-07,
                    2.2167491137930706
                ],
                "label": "Ca",
                "properties": {}
            },
            {
                "species": [
                    {
                        "element": "Pt",
                        "occu": 1
                    }
                ],
                "abc": [
                    0.5,
                    0.0,
                    0.5
                ],
                "xyz": [
                    1.54337391,
                    -0.8910670749999999,
                    5.09084621
                ],
                "label": "Pt",
                "properties": {}
            },
            {
                "species": [
                    {
                        "element": "Pt",
                        "occu": 1
                    }
                ],
                "abc": [
                    0.0,
                    0.5,
                    0.5
                ],
                "xyz": [
                    -1.54337391,
                    -0.8910670749999999,
                    5.09084621
                ],
                "label": "Pt",
                "properties": {}
            },
            {
                "species": [
                    {
                        "element": "Pt",
                        "occu": 1
                    }
                ],
                "abc": [
                    0.5,
                    0.5,
                    0.0
                ],
                "xyz": [
                    0.0,
                    1.78213515,
                    5.09084621
                ],
                "label": "Pt",
                "properties": {}
            },
            {
                "species": [
                    {
                        "element": "O",
                        "occu": 1
                    }
                ],
                "abc": [
                    0.60387794,
                    0.60387794,
                    0.60387794
                ],
                "xyz": [
                    0.0,
                    6.038779400974192e-07,
                    9.222749166454822
                ],
                "label": "O",
                "properties": {}
            },
            {
                "species": [
                    {
                        "element": "O",
                        "occu": 1
                    }
                ],
                "abc": [
                    0.39612206,
                    0.39612206,
                    0.39612206
                ],
                "xyz": [
                    0.0,
                    3.961220600423587e-07,
                    6.049789463545178
                ],
                "label": "O",
                "properties": {}
            },
            {
                "species": [
                    {
                        "element": "O",
                        "occu": 1
                    }
                ],
                "abc": [
                    0.11322793,
                    0.11322793,
                    0.56022917
                ],
                "xyz": [
                    0.0,
                    -1.593232683566002,
                    4.004892503439236
                ],
                "label": "O",
                "properties": {}
            },
            {
                "species": [
                    {
                        "element": "O",
                        "occu": 1
                    }
                ],
                "abc": [
                    0.11322793,
                    0.56022917,
                    0.11322793
                ],
                "xyz": [
                    -1.379780103107297,
                    0.7966167351255161,
                    4.004892503439236
                ],
                "label": "O",
                "properties": {}
            },
            {
                "species": [
                    {
                        "element": "O",
                        "occu": 1
                    }
                ],
                "abc": [
                    0.56022917,
                    0.11322793,
                    0.11322793
                ],
                "xyz": [
                    1.379780103107297,
                    0.7966167351255161,
                    4.004892503439236
                ],
                "label": "O",
                "properties": {}
            },
            {
                "species": [
                    {
                        "element": "O",
                        "occu": 1
                    }
                ],
                "abc": [
                    0.88677207,
                    0.43977083,
                    0.88677207
                ],
                "xyz": [
                    1.379780103107297,
                    -0.7966157351255156,
                    11.267646126560763
                ],
                "label": "O",
                "properties": {}
            },
            {
                "species": [
                    {
                        "element": "O",
                        "occu": 1
                    }
                ],
                "abc": [
                    0.88677207,
                    0.88677207,
                    0.43977083
                ],
                "xyz": [
                    0.0,
                    1.5932336835660024,
                    11.267646126560763
                ],
                "label": "O",
                "properties": {}
            },
            {
                "species": [
                    {
                        "element": "O",
                        "occu": 1
                    }
                ],
                "abc": [
                    0.43977083,
                    0.88677207,
                    0.88677207
                ],