{
    "mp_id": "mp-8979",
    "nelements": 3,
    "nsites": 12,
    "elements": [
        "In",
        "O",
        "Ta"
    ],
    "structure": {
        "@module": "pymatgen.core.structure",
        "@class": "Structure",
        "charge": null,
        "lattice": {
            "matrix": [
                [
                    4.84908784,
                    0.0,
                    0.00056992
                ],
                [
                    0.0,
                    5.83919419,
                    0.0
                ],
                [
                    -0.15565369,
                    0.0,
                    5.23436262
                ]
            ],
            "a": 4.849087873491743,
            "b": 5.83919419,
            "c": 5.236676437289579,
            "alpha": 90.0,
            "beta": 91.69656256236259,
            "gamma": 90.0,
            "volume": 148.21026834357534
        },
        "sites": [
            {
                "species": [
                    {
                        "element": "Ta",
                        "occu": 1
                    }
                ],
                "abc": [
                    0.0,
                    0.16544078,
                    0.25
                ],
                "xyz": [
                    -0.0389134225,
                    0.9660408413650682,
                    1.308590655
                ],
                "label": "Ta",
                "properties": {}
            },
            {
                "species": [
                    {
                        "element": "Ta",
                        "occu": 1
                    }
                ],
                "abc": [
                    0.0,
                    0.83455922,
                    0.75
                ],
                "xyz": [
                    -0.11674026750000001,
                    4.873153348634932,
                    3.925771965
                ],
                "label": "Ta",
                "properties": {}
            },
            {
                "species": [
                    {
                        "element": "In",
                        "occu": 1
                    }
                ],
                "abc": [
                    0.5,
                    0.67134952,
                    0.25
                ],
                "xyz": [
                    2.3856304975000002,
                    3.9201402166432886,
                    1.3088756149999998
                ],
                "label": "In",
                "properties": {}
            },
            {
                "species": [
                    {
                        "element": "In",
                        "occu": 1
                    }
                ],
                "abc": [
                    0.5,
                    0.32865048,
                    0.75
                ],
                "xyz": [
                    2.3078036525,
                    1.9190539733567114,
                    3.926056925
                ],
                "label": "In",
                "properties": {}
            },
            {
                "species": [
                    {
                        "element": "O",
                        "occu": 1
                    }
                ],
                "abc": [
                    0.25809364,
                    0.37894546,
                    0.39938353
                ],
                "xyz": [
                    1.189353211135612,
                    2.2127361283588773,
                    2.090665313202957
                ],
                "label": "O",
                "properties": {}
            },
            {
                "species": [
                    {
                        "element": "O",
                        "occu": 1
                    }
                ],
                "abc": [
                    0.74190636,
                    0.37894546,
                    0.10061647
                ],
                "xyz": [
                    3.5819077838643882,
                    2.2127361283588773,
                    0.5270859167970425
                ],
                "label": "O",
                "properties": {}
            },
            {
                "species": [
                    {
                        "element": "O",
                        "occu": 1
                    }
                ],
                "abc": [
                    0.74190636,
                    0.62105454,
                    0.60061647
                ],
                "xyz": [
                    3.504080938864388,
                    3.626458061641123,
                    3.144267226797042
                ],
                "label": "O",
                "properties": {}
            },
            {
                "species": [
                    {
                        "element": "O",
                        "occu": 1
                    }
                ],
                "abc": [
                    0.25809364,
                    0.62105454,
                    0.89938353
                ],
                "xyz": [
                    1.111526366135612,
                    3.626458061641123,
                    4.707846623202957
                ],
                "label": "O",
                "properties": {}
            },
            {
                "species": [
                    {
                        "element": "O",
                        "occu": 1
                    }
                ],
                "abc": [
                    0.21475251,
                    0.89791133,
                    0.43563108
                ],
                "xyz": [
                    0.9735461997697932,
                    5.243078621271173,
                    2.2803734330127288
                ],
                "label": "O",
                "properties": {}
            },
            {
                "species": [
                    {
                        "element": "O",
                        "occu": 1
                    }
                ],
                "abc": [
                    0.78524749,
                    0.89791133,
                    0.06436892
                ],
                "xyz": [
                    3.797714795230207,
                    5.243078621271173,
                    0.33737779698727116
                ],
                "label": "O",
                "properties": {}
            },
            {
                "species": [
                    {
                        "element": "O",
                        "occu": 1
                    }
                ],
                "abc": [
                    0.78524749,
                    0.10208867,
                    0.56436892
                ],
                "xyz": [
                    3.719887950230207,
                    0.5961155687288273,
                    2.954559106987271
                ],
                "label": "O",
                "properties": {}
            },
            {
                "species": [
                    {
                        "element": "O",
                        "occu": 1
                    }
                ],
                "abc": [
                    0.21475251,
                    0.10208867,
                    0.93563108
                ],
                "xyz": [
                    0.8957193547697931,
                    0.5961155687288273,
                    4.897554743012728
                ],
                "label": "O",
                "properties": {}
            }
        ]
    },
    "spacegroup": {
        "source": "spglib",
        "symbol": "P2/c",
        "number": 13,
        "point_group": "2/m",
        "crystal_system": "monoclinic",
        "hall": "-P 2yc"
    },