{
    "mp_id": "mp-8176",
    "nelements": 3,
    "nsites": 4,
    "elements": [
        "O",
        "Rb",
        "Tl"
    ],
    "structure": {
        "@module": "pymatgen.core.structure",
        "@class": "Structure",
        "charge": null,
        "lattice": {
            "matrix": [
                [
                    1.74185731,
                    1.00566187,
                    6.33815601
                ],
                [
                    -1.74185731,
                    1.00566187,
                    6.33815601
                ],
                [
                    0.0,
                    -2.01132374,
                    6.33815601
                ]
            ],
            "a": 6.64963489917089,
            "b": 6.64963489917089,
            "c": 6.64963493691095,
            "alpha": 30.3713415204843,
            "beta": 30.3713415204843,
            "gamma": 30.371339679269877,
            "volume": 66.61602808658151
        },
        "sites": [
            {
                "species": [
                    {
                        "element": "Rb",
                        "occu": 1
                    }
                ],
                "abc": [
                    0.5,
                    0.5,
                    0.5
                ],
                "xyz": [
                    0.0,
                    0.0,
                    9.507234015
                ],
                "label": "Rb",
                "properties": {}
            },
            {
                "species": [
                    {
                        "element": "Tl",
                        "occu": 1
                    }
                ],
                "abc": [
                    0.0,
                    0.0,
                    0.0
                ],
                "xyz": [
                    0.0,
                    0.0,
                    0.0
                ],
                "label": "Tl",
                "properties": {}
            },
            {
                "species": [
                    {
                        "element": "O",
                        "occu": 1
                    }
                ],
                "abc": [
                    0.72874149,
                    0.72874149,
                    0.72874149
                ],
                "xyz": [
                    0.0,
                    0.0,
                    13.856631763739564
                ],
                "label": "O",
                "properties": {}
            },
            {
                "species": [
                    {
                        "element": "O",
                        "occu": 1
                    }
                ],
                "abc": [
                    0.27125851,
                    0.27125851,
                    0.27125851
                ],
                "xyz": [
                    0.0,
                    0.0,
                    5.157836266260435
                ],
                "label": "O",
                "properties": {}
            }
        ]
    },
    "spacegroup": {
        "source": "spglib",
        "symbol": "R-3m",
        "number": 166,
        "point_group": "-3m",
        "crystal_system": "trigonal",
        "hall": "-R 3 2\""
    },
    "dielectric": {
        "epsilon_ionic": [
            [
                10.53302231,
                -1e-08,
                0.0
            ],
            [
                -1e-08,
                10.53312601,
                1.131e-05
            ],
            [
                0.0,
                1.131e-05,
                5.50320956
            ]
        ],
        "epsilon_ionic_avg": 8.856452626666664,
        "epsilon_ionic_eig": [
            10.533022309999035,
            10.533126010026388,
            5.50320955997457
        ],
        "epsilon_electronic": [
            [
                5.66850002,
                -0.0,
                0.0
            ],
            [
                0.0,
                5.66850444,
                -0.0
            ],
            [
                0.0,
                0.0,
                4.21262454
            ]
        ],
        "epsilon_electronic_avg": 5.1832096666666665,
        "epsilon_electronic_eig": [
            5.66850002,
            5.66850444,
            4.21262454
        ]
    },
    "phonon": {
        "lowest_freq": -0.011378241681872505,
        "frequency": [
            -0.011378241681872505,
            -0.002705989738997769,
            -0.002705988682274584,
            2.1382148243797703,
            2.1382156587770393,
            4.027542516162795,
            6.813726370576104,
            6.813729024866167,
            7.309689899672644,
            7.309692758372184,
            9.254195756214868,
            12.137763308187829
        ]
    },
    "born_effective_charge": {
        "avg_abs_trace": 2.2357525,
        "tensors": [
            [
                [
                    1.06964,
                    -0.0,
                    -0.0
                ],
                [
                    0.0,
                    1.06967,
                    0.0
                ],
                [
                    0.0,
                    0.0,
                    1.85414
                ]
            ],
            [
                [
                    3.86398,
                    -0.0,
                    0.0
                ],
                [
                    0.0,
                    3.86398,
                    0.0
                ],
                [
                    -0.0,
                    -0.0,
                    1.69311
                ]
            ],
            [
                [
                    -2.46681,
                    -0.00051,
                    -0.00017
                ],
                [
                    0.0,
                    -2.46681,
                    0.0
                ],
                [
                    0.0,
                    0.0,
                    -1.77367
                ]
            ],
            [
                [
                    -2.46681,
                    0.00051,
                    0.00017
                ],
                [
                    0.0,
                    -2.46684,
                    -1e-05
                ],
                [
                    0.0,
                    -0.0,
                    -1.77357
                ]
            ]
        ]
    },
    "band_gap": 0.9243000000000001,
    "is_direct": false,
    "formula": "RbTlO2"
}