{
    "mp_id": "mp-9259",
    "nelements": 4,
    "nsites": 11,
    "elements": [
        "B",
        "Ba",
        "Mg",
        "O"
    ],
    "structure": {
        "@module": "pymatgen.core.structure",
        "@class": "Structure",
        "charge": null,
        "lattice": {
            "matrix": [
                [
                    2.67686899,
                    1.54549142,
                    5.47164405
                ],
                [
                    -2.67686899,
                    1.54549142,
                    5.47164405
                ],
                [
                    0.0,
                    -3.09098284,
                    5.47164405
                ]
            ],
            "a": 6.284350398316252,
            "b": 6.284350398316252,
            "c": 6.284350684603372,
            "alpha": 50.42263566887432,
            "beta": 50.42263566887432,
            "gamma": 50.42262673845377,
            "volume": 135.81971119370036
        },
        "sites": [
            {
                "species": [
                    {
                        "element": "Ba",
                        "occu": 1
                    }
                ],
                "abc": [
                    0.77659859,
                    0.77659859,
                    0.77659859
                ],
                "xyz": [
                    0.0,
                    0.0,
                    12.74781316263567
                ],
                "label": "Ba",
                "properties": {}
            },
            {
                "species": [
                    {
                        "element": "Ba",
                        "occu": 1
                    }
                ],
                "abc": [
                    0.22340141,
                    0.22340141,
                    0.22340141
                ],
                "xyz": [
                    0.0,
                    0.0,
                    3.667118987364331
                ],
                "label": "Ba",
                "properties": {}
            },
            {
                "species": [
                    {
                        "element": "Mg",
                        "occu": 1
                    }
                ],
                "abc": [
                    0.0,
                    0.0,
                    0.0
                ],
                "xyz": [
                    0.0,
                    0.0,
                    0.0
                ],
                "label": "Mg",
                "properties": {}
            },
            {
                "species": [
                    {
                        "element": "B",
                        "occu": 1
                    }
                ],
                "abc": [
                    0.41071882,
                    0.41071882,
                    0.41071882
                ],
                "xyz": [
                    0.0,
                    0.0,
                    6.741921563028063
                ],
                "label": "B",
                "properties": {}
            },
            {
                "species": [
                    {
                        "element": "B",
                        "occu": 1
                    }
                ],
                "abc": [
                    0.58928118,
                    0.58928118,
                    0.58928118
                ],
                "xyz": [
                    0.0,
                    0.0,
                    9.673010586971937
                ],
                "label": "B",
                "properties": {}
            },
            {
                "species": [
                    {
                        "element": "O",
                        "occu": 1
                    }
                ],
                "abc": [
                    0.28989732,
                    0.74042674,
                    0.74042674
                ],
                "xyz": [
                    -1.2060082334806856,
                    -0.6962893530675764,
                    9.68891807885274
                ],
                "label": "O",
                "properties": {}
            },
            {
                "species": [
                    {
                        "element": "O",
                        "occu": 1
                    }
                ],
                "abc": [
                    0.74042674,
                    0.74042674,
                    0.28989732
                ],
                "xyz": [
                    0.0,
                    1.3925787061351529,
                    9.68891807885274
                ],
                "label": "O",
                "properties": {}
            },
            {
                "species": [
                    {
                        "element": "O",
                        "occu": 1
                    }
                ],
                "abc": [
                    0.74042674,
                    0.28989732,
                    0.74042674
                ],
                "xyz": [
                    1.2060082334806856,
                    -0.6962893530675764,
                    9.68891807885274
                ],
                "label": "O",
                "properties": {}
            },
            {
                "species": [
                    {
                        "element": "O",
                        "occu": 1
                    }
                ],
                "abc": [
                    0.25957326,
                    0.71010268,
                    0.25957326
                ],
                "xyz": [
                    -1.2060082334806859,
                    0.6962893530675766,
                    6.726014071147259
                ],
                "label": "O",
                "properties": {}
            },
            {
                "species": [
                    {
                        "element": "O",
                        "occu": 1
                    }
                ],
                "abc": [
                    0.25957326,
                    0.25957326,
                    0.71010268
                ],
                "xyz": [
                    0.0,
                    -1.3925787061351529,
                    6.72601407114726
                ],
                "label": "O",
                "properties": {}
            },
            {
                "species": [
                    {
                        "element": "O",
                        "occu": 1
                    }
                ],
                "abc": [
                    0.71010268,
                    0.25957326,
                    0.25957326
                ],
                "xyz": [
                    1.2060082334806859,
                    0.6962893530675766,
                    6.726014071147259
                ],
                "label": "O",
                "properties": {}
            }
        ]
    },
    "spacegroup": {
        "source": "spglib",
        "symbol": "R-3m",
        "number": 166,
        "point_group": "-3m",
        "crystal_system": "trigonal",
        "hall": "-R 3 2\""
    },
    "dielectric": {
        "epsilon_ionic": [
            [
                7.43392045,
                2.1e-07,
                1e-08
            ],
            [
                2.1e-07,
                7.43386952,
                1.524e-05
            ],
            [
                1e-08,
                1.524e-05,
                9.29900262
            ]
        ],
        "epsilon_ionic_avg": 8.055597529999998,
        "epsilon_ionic_eig": [
            7.433920450865877,
            7.433869519009595,
            9.299002620124526
        ],