{
    "mp_id": "mp-975115",
    "nelements": 3,
    "nsites": 12,
    "elements": [
        "O",
        "Rb",
        "Tc"
    ],
    "structure": {
        "@module": "pymatgen.core.structure",
        "@class": "Structure",
        "charge": null,
        "lattice": {
            "matrix": [
                [
                    -2.89775646,
                    2.89775649,
                    6.57525927
                ],
                [
                    2.89775646,
                    -2.89775649,
                    6.57525927
                ],
                [
                    2.89775649,
                    2.89775646,
                    -6.57525927
                ]
            ],
            "a": 7.747775141582891,
            "b": 7.747775141582891,
            "c": 7.747775141582891,
            "alpha": 136.07354705873294,
            "beta": 136.07354705873294,
            "gamma": 63.86665080786274,
            "volume": 220.84961342811
        },
        "sites": [
            {
                "species": [
                    {
                        "element": "Rb",
                        "occu": 1
                    }
                ],
                "abc": [
                    0.75,
                    0.25,
                    0.5
                ],
                "xyz": [
                    1.4999999908837935e-08,
                    2.8977564750000004,
                    3.287629635
                ],
                "label": "Rb",
                "properties": {}
            },
            {
                "species": [
                    {
                        "element": "Rb",
                        "occu": 1
                    }
                ],
                "abc": [
                    0.0,
                    0.0,
                    0.0
                ],
                "xyz": [
                    0.0,
                    0.0,
                    0.0
                ],
                "label": "Rb",
                "properties": {}
            },
            {
                "species": [
                    {
                        "element": "Tc",
                        "occu": 1
                    }
                ],
                "abc": [
                    0.5,
                    0.5,
                    0.0
                ],
                "xyz": [
                    0.0,
                    0.0,
                    6.57525927
                ],
                "label": "Tc",
                "properties": {}
            },
            {
                "species": [
                    {
                        "element": "Tc",
                        "occu": 1
                    }
                ],
                "abc": [
                    0.25,
                    0.75,
                    0.5
                ],
                "xyz": [
                    2.897756475,
                    -1.500000013088254e-08,
                    3.287629635
                ],
                "label": "Tc",
                "properties": {}
            },
            {
                "species": [
                    {
                        "element": "O",
                        "occu": 1
                    }
                ],
                "abc": [
                    0.6818201,
                    0.78863161,
                    0.32282031
                ],
                "xyz": [
                    1.2449683915111667,
                    0.6259408924125027,
                    7.545974001393079
                ],
                "label": "O",
                "properties": {}
            },
            {
                "species": [
                    {
                        "element": "O",
                        "occu": 1
                    }
                ],
                "abc": [
                    0.10899979,
                    0.9318201,
                    0.3931885
                ],
                "xyz": [
                    3.523697396390068,
                    -1.2449683775336018,
                    4.258344300640486
                ],
                "label": "O",
                "properties": {}
            },
            {
                "species": [
                    {
                        "element": "O",
                        "occu": 1
                    }
                ],
                "abc": [
                    0.21136839,
                    0.53418871,
                    0.8931885
                ],
                "xyz": [
                    3.5236974403676324,
                    1.6527880684888336,
                    -0.9707147313930786
                ],
                "label": "O",
                "properties": {}
            },
            {
                "species": [
                    {
                        "element": "O",
                        "occu": 1
                    }
                ],
                "abc": [
                    0.46581129,
                    0.35899979,
                    0.67717969
                ],
                "xyz": [
                    1.6527881274663982,
                    2.271815538609933,
                    0.970714665640485
                ],
                "label": "O",
                "properties": {}
            },
            {
                "species": [
                    {
                        "element": "O",
                        "occu": 1
                    }
                ],
                "abc": [
                    0.28418871,
                    0.89100021,
                    0.82282031
                ],
                "xyz": [
                    4.142724837533601,
                    0.6259409063900678,
                    2.316914969359514
                ],
                "label": "O",
                "properties": {}
            },
            {
                "species": [
                    {
                        "element": "O",
                        "occu": 1
                    }
                ],
                "abc": [
                    0.53863161,
                    0.71581129,
                    0.6068115
                ],
                "xyz": [
                    2.2718155246323675,
                    1.2449683765111668,
                    4.258344366393079
                ],
                "label": "O",
                "properties": {}
            },
            {
                "species": [
                    {
                        "element": "O",
                        "occu": 1
                    }
                ],
                "abc": [
                    0.64100021,
                    0.3181799,
                    0.1068115
                ],
                "xyz": [
                    -0.6259409213900673,
                    1.2449683625336017,
                    5.604544604359515
                ],
                "label": "O",
                "properties": {}
            },
            {
                "species": [
                    {
                        "element": "O",
                        "occu": 1
                    }
                ],
                "abc": [
                    0.0681799,
                    0.46136839,
                    0.17717969
                ],
                "xyz": [
                    1.6527880834888338,
                    -0.6259409074125029,
                    2.3169149036069223
                ],
                "label": "O",
                "properties": {}
            }
        ]
    },
    "spacegroup": {
        "source": "spglib",
        "symbol": "I4_1/a",
        "number": 88,
        "point_group": "4/m",
        "crystal_system": "tetragonal",
        "hall": "I 4bw -1bw"
    },