{
    "mp_id": "mp-9783",
    "nelements": 3,
    "nsites": 13,
    "elements": [
        "As",
        "Ba",
        "O"
    ],
    "structure": {
        "@module": "pymatgen.core.structure",
        "@class": "Structure",
        "charge": null,
        "lattice": {
            "matrix": [
                [
                    2.88685635,
                    1.66672721,
                    7.10319746
                ],
                [
                    -2.88685635,
                    1.66672721,
                    7.10319746
                ],
                [
                    0.0,
                    -3.33345442,
                    7.10319746
                ]
            ],
            "a": 7.8464854128354915,
            "b": 7.8464854128354915,
            "c": 7.846485361355617,
            "alpha": 43.17443485426263,
            "beta": 43.17443485426263,
            "gamma": 43.17443635372365,
            "volume": 205.06655590416693
        },
        "sites": [
            {
                "species": [
                    {
                        "element": "Ba",
                        "occu": 1
                    }
                ],
                "abc": [
                    0.79393522,
                    0.79393522,
                    0.79393522
                ],
                "xyz": [
                    0.0,
                    0.0,
                    16.918435914325624
                ],
                "label": "Ba",
                "properties": {}
            },
            {
                "species": [
                    {
                        "element": "Ba",
                        "occu": 1
                    }
                ],
                "abc": [
                    0.20606478,
                    0.20606478,
                    0.20606478
                ],
                "xyz": [
                    0.0,
                    0.0,
                    4.391156465674376
                ],
                "label": "Ba",
                "properties": {}
            },
            {
                "species": [
                    {
                        "element": "Ba",
                        "occu": 1
                    }
                ],
                "abc": [
                    0.0,
                    0.0,
                    0.0
                ],
                "xyz": [
                    0.0,
                    0.0,
                    0.0
                ],
                "label": "Ba",
                "properties": {}
            },
            {
                "species": [
                    {
                        "element": "As",
                        "occu": 1
                    }
                ],
                "abc": [
                    0.59259982,
                    0.59259982,
                    0.59259982
                ],
                "xyz": [
                    0.0,
                    0.0,
                    12.62806060866137
                ],
                "label": "As",
                "properties": {}
            },
            {
                "species": [
                    {
                        "element": "As",
                        "occu": 1
                    }
                ],
                "abc": [
                    0.40740018,
                    0.40740018,
                    0.40740018
                ],
                "xyz": [
                    0.0,
                    0.0,
                    8.681531771338628
                ],
                "label": "As",
                "properties": {}
            },
            {
                "species": [
                    {
                        "element": "O",
                        "occu": 1
                    }
                ],
                "abc": [
                    0.67268594,
                    0.67268594,
                    0.67268594
                ],
                "xyz": [
                    0.0,
                    0.0,
                    14.334663181157138
                ],
                "label": "O",
                "properties": {}
            },
            {
                "species": [
                    {
                        "element": "O",
                        "occu": 1
                    }
                ],
                "abc": [
                    0.32731406,
                    0.32731406,
                    0.32731406
                ],
                "xyz": [
                    0.0,
                    0.0,
                    6.974929198842863
                ],
                "label": "O",
                "properties": {}
            },
            {
                "species": [
                    {
                        "element": "O",
                        "occu": 1
                    }
                ],
                "abc": [
                    0.72725095,
                    0.72725095,
                    0.2415991
                ],
                "xyz": [
                    0.0,
                    1.6188983059636768,
                    12.047740315103459
                ],
                "label": "O",
                "properties": {}
            },
            {
                "species": [
                    {
                        "element": "O",
                        "occu": 1
                    }
                ],
                "abc": [
                    0.72725095,
                    0.2415991,
                    0.72725095
                ],
                "xyz": [
                    1.4020071270617471,
                    -0.8094491529818384,
                    12.047740315103459
                ],
                "label": "O",
                "properties": {}
            },
            {
                "species": [
                    {
                        "element": "O",
                        "occu": 1
                    }
                ],
                "abc": [
                    0.2415991,
                    0.72725095,
                    0.72725095
                ],
                "xyz": [
                    -1.4020071270617471,
                    -0.8094491529818384,
                    12.047740315103459
                ],
                "label": "O",
                "properties": {}
            },
            {
                "species": [
                    {
                        "element": "O",
                        "occu": 1
                    }
                ],
                "abc": [
                    0.27274905,
                    0.7584009,
                    0.27274905
                ],
                "xyz": [
                    -1.4020071270617478,
                    0.8094491529818385,
                    9.26185206489654
                ],
                "label": "O",
                "properties": {}
            },
            {
                "species": [
                    {
                        "element": "O",
                        "occu": 1
                    }
                ],
                "abc": [
                    0.27274905,
                    0.27274905,
                    0.7584009
                ],
                "xyz": [
                    0.0,
                    -1.6188983059636768,
                    9.26185206489654
                ],
                "label": "O",
                "properties": {}
            },
            {
                "species": [
                    {
                        "element": "O",
                        "occu": 1
                    }
                ],
                "abc": [
                    0.7584009,
                    0.27274905,
                    0.27274905
                ],
                "xyz": [
                    1.4020071270617478,
                    0.8094491529818385,
                    9.26185206489654
                ],
                "label": "O",