{
    "mp_id": "mp-997089",
    "nelements": 3,
    "nsites": 4,
    "elements": [
        "Au",
        "Na",
        "O"
    ],
    "structure": {
        "@module": "pymatgen.core.structure",
        "@class": "Structure",
        "charge": null,
        "lattice": {
            "matrix": [
                [
                    3.25158613,
                    -1.49679009,
                    -0.00246214
                ],
                [
                    3.25158613,
                    1.49679009,
                    -0.00246214
                ],
                [
                    -2.90751944,
                    0.0,
                    5.34830925
                ]
            ],
            "a": 3.57955290454883,
            "b": 3.57955290454883,
            "c": 6.087534897445227,
            "alpha": 115.75108661607128,
            "beta": 115.75108661607128,
            "gamma": 49.435689995285856,
            "volume": 52.038390522899725
        },
        "sites": [
            {
                "species": [
                    {
                        "element": "Na",
                        "occu": 1
                    }
                ],
                "abc": [
                    0.5,
                    0.5,
                    0.5
                ],
                "xyz": [
                    1.79782641,
                    0.0,
                    2.671692485
                ],
                "label": "Na",
                "properties": {}
            },
            {
                "species": [
                    {
                        "element": "Au",
                        "occu": 1
                    }
                ],
                "abc": [
                    0.5,
                    0.5,
                    0.0
                ],
                "xyz": [
                    3.25158613,
                    0.0,
                    -0.00246214
                ],
                "label": "Au",
                "properties": {}
            },
            {
                "species": [
                    {
                        "element": "O",
                        "occu": 1
                    }
                ],
                "abc": [
                    0.08851666,
                    0.08851666,
                    0.24801281
                ],
                "xyz": [
                    -0.14546297858417478,
                    0.0,
                    1.3260133250229877
                ],
                "label": "O",
                "properties": {}
            },
            {
                "species": [
                    {
                        "element": "O",
                        "occu": 1
                    }
                ],
                "abc": [
                    0.91148334,
                    0.91148334,
                    0.75198719
                ],
                "xyz": [
                    3.741115798584175,
                    0.0,
                    4.017371644977012
                ],
                "label": "O",
                "properties": {}
            }
        ]
    },
    "spacegroup": {
        "source": "spglib",
        "symbol": "C2/m",
        "number": 12,
        "point_group": "2/m",
        "crystal_system": "monoclinic",
        "hall": "-C 2y"
    },
    "dielectric": {
        "epsilon_ionic": [
            [
                1.63744582,
                1e-08,
                -0.32974349
            ],
            [
                1e-08,
                5.37908023,
                0.0
            ],
            [
                -0.32974349,
                0.0,
                2.79623335
            ]
        ],
        "epsilon_ionic_avg": 3.2709198,
        "epsilon_ionic_eig": [
            1.5501853236933956,
            2.883493846306606,
            5.37908023
        ],
        "epsilon_electronic": [
            [
                3.09640779,
                0.0,
                -0.08612189
            ],
            [
                0.0,
                6.79048208,
                0.0
            ],
            [
                -0.08612291,
                0.0,
                3.77083954
            ]
        ],
        "epsilon_electronic_avg": 4.552576470000001,
        "epsilon_electronic_eig": [
            3.0855839917822543,
            3.7816633382177463,
            6.79048208
        ]
    },
    "phonon": {
        "lowest_freq": -0.04970388764743379,
        "frequency": [
            -0.04970388764743379,
            -0.026340240404957818,
            -0.005944606243946289,
            3.6823092761640246,
            5.034709702727814,
            5.133450034999312,
            6.5789000537726885,
            9.448384117959757,
            16.116707457432906,
            16.347975177551106,
            17.17666483986352,
            17.620051881576448
        ]
    },
    "born_effective_charge": {
        "avg_abs_trace": 1.6362508333333332,
        "tensors": [
            [
                [
                    1.05226,
                    0.0,
                    -0.08427
                ],
                [
                    0.0,
                    0.99626,
                    0.0
                ],
                [
                    -0.11457,
                    0.0,
                    1.53169
                ]
            ],
            [
                [
                    0.58575,
                    0.0,
                    -0.07157
                ],
                [
                    0.0,
                    4.6401,
                    0.0
                ],
                [
                    -0.16204,
                    0.0,
                    1.01145
                ]
            ],
            [
                [
                    -0.81901,
                    0.0,
                    0.0779
                ],
                [
                    4e-05,
                    -2.81818,
                    -0.00059
                ],
                [
                    0.13837,
                    0.0,
                    -1.27159
                ]
            ],
            [
                [
                    -0.81899,
                    0.0,
                    0.07794
                ],
                [
                    -4e-05,
                    -2.81818,
                    0.00059
                ],
                [
                    0.13823,
                    0.0,
                    -1.27155
                ]
            ]
        ]
    },
    "band_gap": 1.6305,
    "is_direct": false,
    "formula": "NaAuO2"
}