{
    "mp_id": "mp-9125",
    "nelements": 3,
    "nsites": 9,
    "elements": [
        "Ca",
        "O",
        "Sb"
    ],
    "structure": {
        "@module": "pymatgen.core.structure",
        "@class": "Structure",
        "charge": null,
        "lattice": {
            "matrix": [
                [
                    5.26825597,
                    0.0,
                    0.0
                ],
                [
                    -2.63412848,
                    4.56244364,
                    0.0
                ],
                [
                    0.0,
                    0.0,
                    5.01492033
                ]
            ],
            "a": 5.26825597,
            "b": 5.2682563355747565,
            "c": 5.01492033,
            "alpha": 90.0,
            "beta": 90.0,
            "gamma": 120.00000392080793,
            "volume": 120.5392315775003
        },
        "sites": [
            {
                "species": [
                    {
                        "element": "Ca",
                        "occu": 1
                    }
                ],
                "abc": [
                    0.0,
                    0.0,
                    0.0
                ],
                "xyz": [
                    0.0,
                    0.0,
                    0.0
                ],
                "label": "Ca",
                "properties": {}
            },
            {
                "species": [
                    {
                        "element": "Sb",
                        "occu": 1
                    }
                ],
                "abc": [
                    0.333333,
                    0.666667,
                    0.5
                ],
                "xyz": [
                    -2.9641281502623684e-06,
                    3.0416306141478797,
                    2.507460165
                ],
                "label": "Sb",
                "properties": {}
            },
            {
                "species": [
                    {
                        "element": "Sb",
                        "occu": 1
                    }
                ],
                "abc": [
                    0.666667,
                    0.333333,
                    0.5
                ],
                "xyz": [
                    2.63413045412815,
                    1.5208130258521197,
                    2.507460165
                ],
                "label": "Sb",
                "properties": {}
            },
            {
                "species": [
                    {
                        "element": "O",
                        "occu": 1
                    }
                ],
                "abc": [
                    0.36705506,
                    0.36705506,
                    0.71985847
                ],
                "xyz": [
                    0.9668698238895993,
                    1.6746680240268181,
                    3.610032875925695
                ],
                "label": "O",
                "properties": {}
            },
            {
                "species": [
                    {
                        "element": "O",
                        "occu": 1
                    }
                ],
                "abc": [
                    0.63294494,
                    0.0,
                    0.71985847
                ],
                "xyz": [
                    3.334515958836292,
                    0.0,
                    3.610032875925695
                ],
                "label": "O",
                "properties": {}
            },
            {
                "species": [
                    {
                        "element": "O",
                        "occu": 1
                    }
                ],
                "abc": [
                    0.0,
                    0.63294494,
                    0.71985847
                ],
                "xyz": [
                    -1.6672582927258914,
                    2.8877756159731813,
                    3.610032875925695
                ],
                "label": "O",
                "properties": {}
            },
            {
                "species": [
                    {
                        "element": "O",
                        "occu": 1
                    }
                ],
                "abc": [
                    0.36705506,
                    0.0,
                    0.28014153
                ],
                "xyz": [
                    1.9337400111637082,
                    0.0,
                    1.404887454074305
                ],
                "label": "O",
                "properties": {}
            },
            {
                "species": [
                    {
                        "element": "O",
                        "occu": 1
                    }
                ],
                "abc": [
                    0.0,
                    0.36705506,
                    0.28014153
                ],
                "xyz": [
                    -0.9668701872741089,
                    1.6746680240268181,
                    1.404887454074305
                ],
                "label": "O",
                "properties": {}
            },
            {
                "species": [
                    {
                        "element": "O",
                        "occu": 1
                    }
                ],
                "abc": [
                    0.63294494,
                    0.63294494,
                    0.28014153
                ],
                "xyz": [
                    1.6672576661104004,
                    2.8877756159731813,
                    1.404887454074305
                ],
                "label": "O",
                "properties": {}
            }
        ]
    },
    "spacegroup": {
        "source": "spglib",
        "symbol": "P-31m",
        "number": 162,
        "point_group": "-3m",
        "crystal_system": "trigonal",
        "hall": "-P 3 2"
    },
    "dielectric": {
        "epsilon_ionic": [
            [
                6.5504938,
                0.0,
                2.277e-05
            ],
            [
                0.0,
                6.55056891,
                -0.0
            ],
            [
                2.277e-05,
                -0.0,
                4.56980587
            ]
        ],
        "epsilon_ionic_avg": 5.890289526666667,
        "epsilon_ionic_eig": [
            6.550493800261764,
            4.569805869738236,
            6.55056891
        ],
        "epsilon_electronic": [
            [
                3.84279514,
                0.0,
                0.0
            ],
            [
                0.0,
                3.84279594,
                -0.0
            ],
            [
                -0.0,
                0.0,
                3.14093871
            ]
        ],
        "epsilon_electronic_avg": 3.6088432633333336,
        "epsilon_electronic_eig": [
            3.84279514,
            3.84279594,
            3.14093871
        ]
    },
    "phonon": {
        "lowest_freq": -0.01975983703182725,