{
    "mp_id": "mp-9793",
    "nelements": 4,
    "nsites": 16,
    "elements": [
        "As",
        "B",
        "Ba",
        "O"
    ],
    "structure": {
        "@module": "pymatgen.core.structure",
        "@class": "Structure",
        "charge": null,
        "lattice": {
            "matrix": [
                [
                    5.52318141,
                    0.0,
                    0.0
                ],
                [
                    -2.76159021,
                    4.78321533,
                    0.0
                ],
                [
                    0.0,
                    0.0,
                    13.74673985
                ]
            ],
            "a": 5.52318141,
            "b": 5.52318109255118,
            "c": 13.74673985,
            "alpha": 90.0,
            "beta": 90.0,
            "gamma": 119.99999597192033,
            "volume": 363.169153883977
        },
        "sites": [
            {
                "species": [
                    {
                        "element": "Ba",
                        "occu": 1
                    }
                ],
                "abc": [
                    0.333333,
                    0.666667,
                    0.3989311
                ],
                "xyz": [
                    -2.431590540030726e-06,
                    3.18881181440511,
                    5.484002049774335
                ],
                "label": "Ba",
                "properties": {}
            },
            {
                "species": [
                    {
                        "element": "Ba",
                        "occu": 1
                    }
                ],
                "abc": [
                    0.0,
                    0.0,
                    0.25
                ],
                "xyz": [
                    0.0,
                    0.0,
                    3.4366849625
                ],
                "label": "Ba",
                "properties": {}
            },
            {
                "species": [
                    {
                        "element": "Ba",
                        "occu": 1
                    }
                ],
                "abc": [
                    0.0,
                    0.0,
                    0.75
                ],
                "xyz": [
                    0.0,
                    0.0,
                    10.310054887500002
                ],
                "label": "Ba",
                "properties": {}
            },
            {
                "species": [
                    {
                        "element": "Ba",
                        "occu": 1
                    }
                ],
                "abc": [
                    0.666667,
                    0.333333,
                    0.8989311
                ],
                "xyz": [
                    2.7615936315905403,
                    1.59440351559489,
                    12.357371974774335
                ],
                "label": "Ba",
                "properties": {}
            },
            {
                "species": [
                    {
                        "element": "Ba",
                        "occu": 1
                    }
                ],
                "abc": [
                    0.666667,
                    0.333333,
                    0.6010689
                ],
                "xyz": [
                    2.7615936315905403,
                    1.59440351559489,
                    8.262737800225667
                ],
                "label": "Ba",
                "properties": {}
            },
            {
                "species": [
                    {
                        "element": "Ba",
                        "occu": 1
                    }
                ],
                "abc": [
                    0.333333,
                    0.666667,
                    0.1010689
                ],
                "xyz": [
                    -2.431590540030726e-06,
                    3.18881181440511,
                    1.389367875225665
                ],
                "label": "Ba",
                "properties": {}
            },
            {
                "species": [
                    {
                        "element": "B",
                        "occu": 1
                    }
                ],
                "abc": [
                    0.666667,
                    0.333333,
                    0.25
                ],
                "xyz": [
                    2.7615936315905403,
                    1.59440351559489,
                    3.4366849625
                ],
                "label": "B",
                "properties": {}
            },
            {
                "species": [
                    {
                        "element": "B",
                        "occu": 1
                    }
                ],
                "abc": [
                    0.333333,
                    0.666667,
                    0.75
                ],
                "xyz": [
                    -2.431590540030726e-06,
                    3.18881181440511,
                    10.310054887500002
                ],
                "label": "B",
                "properties": {}
            },
            {
                "species": [
                    {
                        "element": "As",
                        "occu": 1
                    }
                ],
                "abc": [
                    0.0,
                    0.0,
                    0.0
                ],
                "xyz": [
                    0.0,
                    0.0,
                    0.0
                ],
                "label": "As",
                "properties": {}
            },
            {
                "species": [
                    {
                        "element": "As",
                        "occu": 1
                    }
                ],
                "abc": [
                    0.0,
                    0.0,
                    0.5
                ],
                "xyz": [
                    0.0,
                    0.0,
                    6.873369925
                ],
                "label": "As",
                "properties": {}
            },
            {
                "species": [
                    {
                        "element": "O",
                        "occu": 1
                    }
                ],
                "abc": [
                    0.4790941,
                    0.95818821,
                    0.75
                ],
                "xyz": [
                    4.4668725740493187e-07,
                    4.583220535097259,
                    10.310054887500002
                ],
                "label": "O",
                "properties": {}
            },
            {
                "species": [
                    {
                        "element": "O",
                        "occu": 1
                    }
                ],
                "abc": [
                    0.5209059,
                    0.4790941,
                    0.25
                ],
                "xyz": [
                    1.5539962070105582,
                    2.291610243632553,
                    3.4366849625
                ],
                "label": "O",
                "properties": {}
            },
            {
                "species": [
                    {
                        "element": "O",
                        "occu": 1
                    }
                ],
                "abc": [
                    0.5209059,
                    0.04181179,
                    0.25
                ],
                "xyz": [
                    2.7615907533127433,
                    0.19999479490274072,
                    3.4366849625
                ],
                "label": "O",