{
    "mp_id": "mp-9297",
    "nelements": 3,
    "nsites": 14,
    "elements": [
        "Au",
        "Ba",
        "O"
    ],
    "structure": {
        "@module": "pymatgen.core.structure",
        "@class": "Structure",
        "charge": null,
        "lattice": {
            "matrix": [
                [
                    -3.21859382,
                    3.21859379,
                    5.10543072
                ],
                [
                    3.21859382,
                    -3.21859379,
                    5.10543072
                ],
                [
                    3.21859379,
                    3.21859382,
                    -5.10543072
                ]
            ],
            "a": 6.839891446498875,
            "b": 6.839891446498875,
            "c": 6.839891446498875,
            "alpha": 123.8584179839576,
            "beta": 123.8584179839576,
            "gamma": 83.43760335282373,
            "volume": 211.55569489613006
        },
        "sites": [
            {
                "species": [
                    {
                        "element": "Ba",
                        "occu": 1
                    }
                ],
                "abc": [
                    0.75,
                    0.25,
                    0.5
                ],
                "xyz": [
                    -1.4999999908837935e-08,
                    3.2185938050000003,
                    2.55271536
                ],
                "label": "Ba",
                "properties": {}
            },
            {
                "species": [
                    {
                        "element": "Ba",
                        "occu": 1
                    }
                ],
                "abc": [
                    0.0,
                    0.0,
                    0.0
                ],
                "xyz": [
                    0.0,
                    0.0,
                    0.0
                ],
                "label": "Ba",
                "properties": {}
            },
            {
                "species": [
                    {
                        "element": "Au",
                        "occu": 1
                    }
                ],
                "abc": [
                    0.375,
                    0.625,
                    0.75
                ],
                "xyz": [
                    3.2185937975,
                    1.6092969175,
                    1.2763576800000003
                ],
                "label": "Au",
                "properties": {}
            },
            {
                "species": [
                    {
                        "element": "Au",
                        "occu": 1
                    }
                ],
                "abc": [
                    0.375,
                    0.125,
                    0.75
                ],
                "xyz": [
                    1.6092968875,
                    3.2185938125,
                    -1.2763576799999998
                ],
                "label": "Au",
                "properties": {}
            },
            {
                "species": [
                    {
                        "element": "Au",
                        "occu": 1
                    }
                ],
                "abc": [
                    0.875,
                    0.625,
                    0.25
                ],
                "xyz": [
                    -7.500000176463573e-09,
                    1.6092969025000001,
                    6.3817884
                ],
                "label": "Au",
                "properties": {}
            },
            {
                "species": [
                    {
                        "element": "Au",
                        "occu": 1
                    }
                ],
                "abc": [
                    0.375,
                    0.625,
                    0.25
                ],
                "xyz": [
                    1.6092969025000001,
                    7.50000006544127e-09,
                    3.82907304
                ],
                "label": "Au",
                "properties": {}
            },
            {
                "species": [
                    {
                        "element": "O",
                        "occu": 1
                    }
                ],
                "abc": [
                    0.05555999,
                    0.43845529,
                    0.08694582
                ],
                "xyz": [
                    1.5122277226055036,
                    -0.9525411558733545,
                    2.078264926257811
                ],
                "label": "O",
                "properties": {}
            },
            {
                "species": [
                    {
                        "element": "O",
                        "occu": 1
                    }
                ],
                "abc": [
                    0.71861418,
                    0.30555999,
                    0.1171047
                ],
                "xyz": [
                    -0.9525412030592928,
                    1.706366114580434,
                    4.630980337312118
                ],
                "label": "O",
                "properties": {}
            },
            {
                "species": [
                    {
                        "element": "O",
                        "occu": 1
                    }
                ],
                "abc": [
                    0.18845529,
                    0.60150947,
                    0.8828953
                ],
                "xyz": [
                    4.171134960873355,
                    1.5122277376055044,
                    -0.47445043374218976
                ],
                "label": "O",
                "properties": {}
            },
            {
                "species": [
                    {
                        "element": "O",
                        "occu": 1
                    }
                ],
                "abc": [
                    0.35150947,
                    0.96861418,
                    0.91305418
                ],
                "xyz": [
                    4.924959919580434,
                    0.9525411536874169,
                    2.0782649773121182
                ],
                "label": "O",
                "properties": {}
            },
            {
                "species": [
                    {
                        "element": "O",
                        "occu": 1
                    }
                ],
                "abc": [
                    0.69444001,
                    0.81154471,
                    0.41305418
                ],
                "xyz": [
                    1.7063660823944964,
                    0.9525411708733549,
                    5.579881153742189
                ],
                "label": "O",
                "properties": {}
            },
            {
                "species": [
                    {
                        "element": "O",
                        "occu": 1
                    }
                ],
                "abc": [
                    0.03138582,
                    0.94444001,
                    0.3828953
                ],
                "xyz": [
                    4.171135008059292,
                    -1.7063660995804337,
                    3.027165742687882
                ],
                "label": "O",
                "properties": {}
            },
            {
                "species": [
                    {
                        "element": "O",
                        "occu": 1
                    }
                ],
                "abc": [
                    0.39849053,
                    0.28138582,
                    0.58694582
                ],