{
    "mp_id": "mp-9298",
    "nelements": 3,
    "nsites": 14,
    "elements": [
        "Au",
        "O",
        "Sr"
    ],
    "structure": {
        "@module": "pymatgen.core.structure",
        "@class": "Structure",
        "charge": null,
        "lattice": {
            "matrix": [
                [
                    -3.08328939,
                    3.08328941,
                    5.06654837
                ],
                [
                    3.08328939,
                    -3.08328941,
                    5.06654837
                ],
                [
                    3.08328941,
                    3.08328939,
                    -5.06654837
                ]
            ],
            "a": 6.6845537946712925,
            "b": 6.6845537946712925,
            "c": 6.6845537946712925,
            "alpha": 125.06365287392632,
            "beta": 125.06365287392632,
            "gamma": 81.43262881519877,
            "volume": 192.66408499166516
        },
        "sites": [
            {
                "species": [
                    {
                        "element": "Sr",
                        "occu": 1
                    }
                ],
                "abc": [
                    0.75,
                    0.25,
                    0.5
                ],
                "xyz": [
                    1.0000000161269895e-08,
                    3.0832894,
                    2.533274185
                ],
                "label": "Sr",
                "properties": {}
            },
            {
                "species": [
                    {
                        "element": "Sr",
                        "occu": 1
                    }
                ],
                "abc": [
                    0.0,
                    0.0,
                    0.0
                ],
                "xyz": [
                    0.0,
                    0.0,
                    0.0
                ],
                "label": "Sr",
                "properties": {}
            },
            {
                "species": [
                    {
                        "element": "Au",
                        "occu": 1
                    }
                ],
                "abc": [
                    0.375,
                    0.625,
                    0.25
                ],
                "xyz": [
                    1.5416447000000002,
                    -4.99999974756804e-09,
                    3.7999112774999997
                ],
                "label": "Au",
                "properties": {}
            },
            {
                "species": [
                    {
                        "element": "Au",
                        "occu": 1
                    }
                ],
                "abc": [
                    0.875,
                    0.625,
                    0.25
                ],
                "xyz": [
                    5.00000019165725e-09,
                    1.5416447000000002,
                    6.3331854624999995
                ],
                "label": "Au",
                "properties": {}
            },
            {
                "species": [
                    {
                        "element": "Au",
                        "occu": 1
                    }
                ],
                "abc": [
                    0.375,
                    0.125,
                    0.75
                ],
                "xyz": [
                    1.5416447100000004,
                    3.083289395,
                    -1.2666370925
                ],
                "label": "Au",
                "properties": {}
            },
            {
                "species": [
                    {
                        "element": "Au",
                        "occu": 1
                    }
                ],
                "abc": [
                    0.375,
                    0.625,
                    0.75
                ],
                "xyz": [
                    3.0832894050000004,
                    1.54164469,
                    1.2666370925
                ],
                "label": "Au",
                "properties": {}
            },
            {
                "species": [
                    {
                        "element": "O",
                        "occu": 1
                    }
                ],
                "abc": [
                    0.57978,
                    0.94860018,
                    0.93109234
                ],
                "xyz": [
                    4.00800649946601,
                    1.7336477778439785,
                    3.026187732172821
                ],
                "label": "O",
                "properties": {}
            },
            {
                "species": [
                    {
                        "element": "O",
                        "occu": 1
                    }
                ],
                "abc": [
                    0.69860018,
                    0.26750785,
                    0.86882019
                ],
                "xyz": [
                    1.349641683821809,
                    4.008006489466009,
                    0.49291354717282054
                ],
                "label": "O",
                "properties": {}
            },
            {
                "species": [
                    {
                        "element": "O",
                        "occu": 1
                    }
                ],
                "abc": [
                    0.39868766,
                    0.82978,
                    0.13117981
                ],
                "xyz": [
                    1.7336477570110846,
                    -0.9247171302989032,
                    5.5594619678383035
                ],
                "label": "O",
                "properties": {}
            },
            {
                "species": [
                    {
                        "element": "O",
                        "occu": 1
                    }
                ],
                "abc": [
                    0.01750785,
                    0.64868766,
                    0.06890766
                ],
                "xyz": [
                    2.1585722697010965,
                    -1.7336477670110846,
                    3.026187782838304
                ],
                "label": "O",
                "properties": {}
            },
            {
                "species": [
                    {
                        "element": "O",
                        "occu": 1
                    }
                ],
                "abc": [
                    0.17022,
                    0.30139982,
                    0.56890766
                ],
                "xyz": [
                    2.15857231053399,
                    1.3496416021560216,
                    -0.49291354717282143
                ],
                "label": "O",
                "properties": {}
            },
            {
                "species": [
                    {
                        "element": "O",
                        "occu": 1
                    }
                ],
                "abc": [
                    0.05139982,
                    0.98249215,
                    0.63117981
                ],
                "xyz": [
                    4.816937126178191,
                    -0.9247171094660094,
                    2.0403606378271792
                ],
                "label": "O",
                "properties": {}
            },
            {
                "species": [
                    {
                        "element": "O",
                        "occu": 1
                    }
                ],
                "abc": [
                    0.73249215,
                    0.60131234,
                    0.43109234
                ],