{
    "mp_id": "mvc-15350",
    "nelements": 3,
    "nsites": 13,
    "elements": [
        "Ca",
        "O",
        "Sn"
    ],
    "structure": {
        "@module": "pymatgen.core.structure",
        "@class": "Structure",
        "charge": null,
        "lattice": {
            "matrix": [
                [
                    5.66478645,
                    -3.17547621,
                    0.00013643
                ],
                [
                    5.66478645,
                    3.17547621,
                    0.00013643
                ],
                [
                    -1.8726323,
                    0.0,
                    5.0058992
                ]
            ],
            "a": 6.494109230910172,
            "b": 6.494109230910172,
            "c": 5.344696299282489,
            "alpha": 107.79477818110784,
            "beta": 107.79477818110784,
            "gamma": 58.54685443759346,
            "volume": 180.09780290378544
        },
        "sites": [
            {
                "species": [
                    {
                        "element": "Ca",
                        "occu": 1
                    }
                ],
                "abc": [
                    0.28054172,
                    0.28054172,
                    0.34672564
                ],
                "xyz": [
                    2.529128235529216,
                    0.0,
                    1.7357501525092074
                ],
                "label": "Ca",
                "properties": {}
            },
            {
                "species": [
                    {
                        "element": "Ca",
                        "occu": 1
                    }
                ],
                "abc": [
                    0.71945828,
                    0.71945828,
                    0.65327436
                ],
                "xyz": [
                    6.927812364470784,
                    0.0,
                    3.270421907490793
                ],
                "label": "Ca",
                "properties": {}
            },
            {
                "species": [
                    {
                        "element": "Sn",
                        "occu": 1
                    }
                ],
                "abc": [
                    0.0,
                    0.0,
                    0.5
                ],
                "xyz": [
                    -0.93631615,
                    0.0,
                    2.5029496
                ],
                "label": "Sn",
                "properties": {}
            },
            {
                "species": [
                    {
                        "element": "Sn",
                        "occu": 1
                    }
                ],
                "abc": [
                    0.73821252,
                    0.26178748,
                    0.0
                ],
                "xyz": [
                    5.664786450000001,
                    -1.5128763803682985,
                    0.00013643
                ],
                "label": "Sn",
                "properties": {}
            },
            {
                "species": [
                    {
                        "element": "Sn",
                        "occu": 1
                    }
                ],
                "abc": [
                    0.26178748,
                    0.73821252,
                    0.0
                ],
                "xyz": [
                    5.664786450000001,
                    1.5128763803682985,
                    0.00013643
                ],
                "label": "Sn",
                "properties": {}
            },
            {
                "species": [
                    {
                        "element": "O",
                        "occu": 1
                    }
                ],
                "abc": [
                    0.60905257,
                    0.60905257,
                    0.93918308
                ],
                "xyz": [
                    5.141560920525869,
                    0.0,
                    4.701622014909786
                ],
                "label": "O",
                "properties": {}
            },
            {
                "species": [
                    {
                        "element": "O",
                        "occu": 1
                    }
                ],
                "abc": [
                    0.39094743,
                    0.39094743,
                    0.06081692
                ],
                "xyz": [
                    4.315379679474131,
                    0.0,
                    0.3045500450902138
                ],
                "label": "O",
                "properties": {}
            },
            {
                "species": [
                    {
                        "element": "O",
                        "occu": 1
                    }
                ],
                "abc": [
                    0.10264854,
                    0.10264854,
                    0.91448861
                ],
                "xyz": [
                    -0.5495367920595371,
                    0.0,
                    4.577865809888737
                ],
                "label": "O",
                "properties": {}
            },
            {
                "species": [
                    {
                        "element": "O",
                        "occu": 1
                    }
                ],
                "abc": [
                    0.89735146,
                    0.89735146,
                    0.08551139
                ],
                "xyz": [
                    10.006477392059537,
                    0.0,
                    0.42830625011126366
                ],
                "label": "O",
                "properties": {}
            },
            {
                "species": [
                    {
                        "element": "O",
                        "occu": 1
                    }
                ],
                "abc": [
                    0.11033895,
                    0.66829514,
                    0.60170536
                ],
                "xyz": [
                    3.284022950320953,
                    1.7717766075672396,
                    3.0121826093086104
                ],
                "label": "O",
                "properties": {}
            },
            {
                "species": [
                    {
                        "element": "O",
                        "occu": 1
                    }
                ],
                "abc": [
                    0.66829514,
                    0.11033895,
                    0.60170536
                ],
                "xyz": [
                    3.284022950320953,
                    -1.7717766075672396,
                    3.0121826093086104
                ],
                "label": "O",
                "properties": {}
            },
            {
                "species": [
                    {
                        "element": "O",
                        "occu": 1
                    }
                ],
                "abc": [
                    0.33170486,
                    0.88966105,
                    0.39829464
                ],
                "xyz": [
                    6.1729176496790465,
                    1.7717766075672396,
                    1.993989450691389
                ],
                "label": "O",
                "properties": {}
            },
            {
                "species": [
                    {
                        "element": "O",
                        "occu": 1
                    }
                ],
                "abc": [
                    0.88966105,
                    0.33170486,
                    0.39829464
                ],