{
    "mp_id": "mvc-5559",
    "nelements": 3,
    "nsites": 14,
    "elements": [
        "Ag",
        "Ca",
        "O"
    ],
    "structure": {
        "@module": "pymatgen.core.structure",
        "@class": "Structure",
        "charge": null,
        "lattice": {
            "matrix": [
                [
                    -2.936386,
                    2.936386,
                    4.964279
                ],
                [
                    2.936386,
                    -2.936386,
                    4.964279
                ],
                [
                    2.936386,
                    2.936386,
                    -4.964279
                ]
            ],
            "a": 6.472155087127703,
            "b": 6.472155087127703,
            "c": 6.472155087127703,
            "alpha": 126.03796900604948,
            "beta": 126.03796900604948,
            "gamma": 79.82574482643267,
            "volume": 171.21525714203554
        },
        "sites": [
            {
                "species": [
                    {
                        "element": "Ca",
                        "occu": 1
                    }
                ],
                "abc": [
                    0.75,
                    0.25,
                    0.5
                ],
                "xyz": [
                    2.220446049250313e-16,
                    2.9363859999999997,
                    2.4821395
                ],
                "label": "Ca",
                "properties": {}
            },
            {
                "species": [
                    {
                        "element": "Ca",
                        "occu": 1
                    }
                ],
                "abc": [
                    0.0,
                    0.0,
                    0.0
                ],
                "xyz": [
                    0.0,
                    0.0,
                    0.0
                ],
                "label": "Ca",
                "properties": {}
            },
            {
                "species": [
                    {
                        "element": "Ag",
                        "occu": 1
                    }
                ],
                "abc": [
                    0.375,
                    0.625,
                    0.75
                ],
                "xyz": [
                    2.936386,
                    1.4681929999999999,
                    1.2410697500000003
                ],
                "label": "Ag",
                "properties": {}
            },
            {
                "species": [
                    {
                        "element": "Ag",
                        "occu": 1
                    }
                ],
                "abc": [
                    0.875,
                    0.625,
                    0.25
                ],
                "xyz": [
                    -1.1102230246251565e-16,
                    1.4681930000000003,
                    6.205348750000001
                ],
                "label": "Ag",
                "properties": {}
            },
            {
                "species": [
                    {
                        "element": "Ag",
                        "occu": 1
                    }
                ],
                "abc": [
                    0.375,
                    0.625,
                    0.25
                ],
                "xyz": [
                    1.4681930000000003,
                    -1.1102230246251565e-16,
                    3.72320925
                ],
                "label": "Ag",
                "properties": {}
            },
            {
                "species": [
                    {
                        "element": "Ag",
                        "occu": 1
                    }
                ],
                "abc": [
                    0.375,
                    0.125,
                    0.75
                ],
                "xyz": [
                    1.468193,
                    2.9363859999999997,
                    -1.2410697499999999
                ],
                "label": "Ag",
                "properties": {}
            },
            {
                "species": [
                    {
                        "element": "O",
                        "occu": 1
                    }
                ],
                "abc": [
                    0.596716,
                    0.655211,
                    0.647514
                ],
                "xyz": [
                    2.073114943474,
                    1.7295871453340004,
                    3.0004747632270004
                ],
                "label": "O",
                "properties": {}
            },
            {
                "species": [
                    {
                        "element": "O",
                        "occu": 1
                    }
                ],
                "abc": [
                    0.344789,
                    0.992303,
                    0.941506
                ],
                "xyz": [
                    4.66597608172,
                    0.8632739929119999,
                    1.9637992724940005
                ],
                "label": "O",
                "properties": {}
            },
            {
                "species": [
                    {
                        "element": "O",
                        "occu": 1
                    }
                ],
                "abc": [
                    0.050798,
                    0.403284,
                    0.058494
                ],
                "xyz": [
                    1.2067959182799999,
                    -0.8632739929119999,
                    1.9638092010519999
                ],
                "label": "O",
                "properties": {}
            },
            {
                "species": [
                    {
                        "element": "O",
                        "occu": 1
                    }
                ],
                "abc": [
                    0.742303,
                    0.300798,
                    0.147514
                ],
                "xyz": [
                    -0.8632710565260002,
                    1.7295871453340002,
                    4.4459437367730015
                ],
                "label": "O",
                "properties": {}
            },
            {
                "species": [
                    {
                        "element": "O",
                        "occu": 1
                    }
                ],
                "abc": [
                    0.699202,
                    0.846716,
                    0.441506
                ],
                "xyz": [
                    1.7295900817200003,
                    0.8632739929119999,
                    5.482609298948001
                ],
                "label": "O",
                "properties": {}
            },
            {
                "species": [
                    {
                        "element": "O",
                        "occu": 1
                    }
                ],
                "abc": [
                    0.405211,
                    0.257697,
                    0.558494
                ],
                "xyz": [
                    1.2067959182800003,
                    2.0731120070880005,
                    0.5183402275059996
                ],
                "label": "O",
                "properties": {}
            },
            {
                "species": [
                    {
                        "element": "O",
                        "occu": 1
                    }
                ],
                "abc": [
                    0.007697,
                    0.949202,
                    0.352486
                ],
                "xyz": [
                    3.799657056526,
                    -1.729587145334,
                    3.000474763227
                ],
                "label": "O",