{
    "mp_id": "mvc-6101",
    "nelements": 3,
    "nsites": 14,
    "elements": [
        "Ca",
        "Cu",
        "O"
    ],
    "structure": {
        "@module": "pymatgen.core.structure",
        "@class": "Structure",
        "charge": null,
        "lattice": {
            "matrix": [
                [
                    -2.83514557,
                    2.83514554,
                    4.65932002
                ],
                [
                    2.83514557,
                    -2.83514554,
                    4.65932002
                ],
                [
                    2.83514554,
                    2.83514557,
                    -4.65932002
                ]
            ],
            "a": 6.146980045912409,
            "b": 6.146980045912409,
            "c": 6.146980045912409,
            "alpha": 125.06753600117355,
            "beta": 125.06753600117355,
            "gamma": 81.42620038974832,
            "volume": 149.80739507437482
        },
        "sites": [
            {
                "species": [
                    {
                        "element": "Ca",
                        "occu": 1
                    }
                ],
                "abc": [
                    0.75,
                    0.25,
                    0.5
                ],
                "xyz": [
                    -1.4999999908837935e-08,
                    2.8351455550000004,
                    2.32966001
                ],
                "label": "Ca",
                "properties": {}
            },
            {
                "species": [
                    {
                        "element": "Ca",
                        "occu": 1
                    }
                ],
                "abc": [
                    0.0,
                    0.0,
                    0.0
                ],
                "xyz": [
                    0.0,
                    0.0,
                    0.0
                ],
                "label": "Ca",
                "properties": {}
            },
            {
                "species": [
                    {
                        "element": "Cu",
                        "occu": 1
                    }
                ],
                "abc": [
                    0.875,
                    0.625,
                    0.25
                ],
                "xyz": [
                    -7.499999732374363e-09,
                    1.4175727775000002,
                    5.824150025
                ],
                "label": "Cu",
                "properties": {}
            },
            {
                "species": [
                    {
                        "element": "Cu",
                        "occu": 1
                    }
                ],
                "abc": [
                    0.375,
                    0.625,
                    0.75
                ],
                "xyz": [
                    2.8351455475000003,
                    1.4175727925000001,
                    1.1648300049999998
                ],
                "label": "Cu",
                "properties": {}
            },
            {
                "species": [
                    {
                        "element": "Cu",
                        "occu": 1
                    }
                ],
                "abc": [
                    0.375,
                    0.125,
                    0.75
                ],
                "xyz": [
                    1.4175727625000003,
                    2.8351455625,
                    -1.1648300050000002
                ],
                "label": "Cu",
                "properties": {}
            },
            {
                "species": [
                    {
                        "element": "Cu",
                        "occu": 1
                    }
                ],
                "abc": [
                    0.375,
                    0.625,
                    0.25
                ],
                "xyz": [
                    1.4175727775,
                    7.500000176463573e-09,
                    3.4944900150000002
                ],
                "label": "Cu",
                "properties": {}
            },
            {
                "species": [
                    {
                        "element": "O",
                        "occu": 1
                    }
                ],
                "abc": [
                    0.02501442,
                    0.94155022,
                    0.36619216
                ],
                "xyz": [
                    3.6367204823233723,
                    -1.560304305427601,
                    2.79732751552105
                ],
                "label": "O",
                "properties": {}
            },
            {
                "species": [
                    {
                        "element": "O",
                        "occu": 1
                    }
                ],
                "abc": [
                    0.05844978,
                    0.42464194,
                    0.0834642
                ],
                "xyz": [
                    1.2748412345723992,
                    -0.8015749123233724,
                    1.8619925044789503
                ],
                "label": "O",
                "properties": {}
            },
            {
                "species": [
                    {
                        "element": "O",
                        "occu": 1
                    }
                ],
                "abc": [
                    0.34117774,
                    0.97498558,
                    0.9165358
                ],
                "xyz": [
                    4.395449875427601,
                    0.8015749423233722,
                    1.86199250447895
                ],
                "label": "O",
                "properties": {}
            },
            {
                "species": [
                    {
                        "element": "O",
                        "occu": 1
                    }
                ],
                "abc": [
                    0.17464194,
                    0.59117774,
                    0.86619216
                ],
                "xyz": [
                    3.6367204673233724,
                    1.274841249572399,
                    -0.46766750552104996
                ],
                "label": "O",
                "properties": {}
            },
            {
                "species": [
                    {
                        "element": "O",
                        "occu": 1
                    }
                ],
                "abc": [
                    0.40882226,
                    0.27501442,
                    0.5834642
                ],
                "xyz": [
                    1.2748412195723993,
                    2.0335706426766276,
                    0.46766750552104996
                ],
                "label": "O",
                "properties": {}
            },
            {
                "species": [
                    {
                        "element": "O",
                        "occu": 1
                    }
                ],
                "abc": [
                    0.69155022,
                    0.82535806,
                    0.4165358
                ],
                "xyz": [
                    1.5603043204276008,
                    0.8015749273233725,
                    5.12698752552105
                ],
                "label": "O",
                "properties": {}
            },
            {
                "species": [
                    {
                        "element": "O",
                        "occu": 1
                    }
                ],
                "abc": [
                    0.57535806,
                    0.65882226,
                    0.63380784
                ],